timestamp,frame_index,uav_x,uav_y,uav_z,full_gt_cx,full_gt_cy,full_gt_cz,full_gt_lx,full_gt_ly,full_gt_lz,visible_gt_point_count,visible_gt_xmin,visible_gt_xmax,visible_gt_ymin,visible_gt_ymax,visible_gt_zmin,visible_gt_zmax,visible_gt_cx,visible_gt_cy,visible_gt_cz,visible_gt_lx,visible_gt_ly,visible_gt_lz,lvdot_detected,lvdot_tracking_id,lvdot_slot_id,lvdot_xmin,lvdot_xmax,lvdot_ymin,lvdot_ymax,lvdot_zmin,lvdot_zmax,lvdot_cx,lvdot_cy,lvdot_cz,lvdot_lx,lvdot_ly,lvdot_lz
1789369541.622728586,1,3.0,-0.99984948157132,1.5,5.0,0.0,1.5,0.8,0.6,1.2,402,4.53914213180542,5.410045623779297,-0.4024882912635803,0.3533991575241089,1.245504379272461,2.190702199935913,4.974593877792358,-0.024544566869735718,1.718103289604187,0.870903491973877,0.7558874487876892,0.9451978206634521,1,0,0,4.30899957266235,5.136302982238766,-0.4863629882891451,0.2681640440861906,1.2294108867645264,2.1284210681915283,4.722651277450558,-0.10909947210147725,1.6789159774780273,0.827303409576416,0.7545270323753357,0.899010181427002
1789369541.732440948,2,3.0,-0.9993423170256579,1.5,5.0,0.0,1.5,0.8,0.6,1.2,371,4.540501117706299,5.359499931335449,-0.40252888202667236,0.3533796966075897,1.2886135578155518,2.1899664402008057,4.950000524520874,-0.02457459270954132,1.7392899990081787,0.8189988136291504,0.7559085786342621,0.9013528823852539,1,0,0,4.3082028218231265,5.1355062313995425,-0.4836849031362159,0.27084212923911977,1.2560306787490845,2.1550408601760864,4.7218545266113345,-0.10642138694854808,1.7055357694625854,0.827303409576416,0.7545270323753357,0.899010181427002
1789369541.832375765,3,3.0,-0.9985726493665281,1.5,5.0,0.0,1.5,0.8,0.6,1.2,365,4.535261631011963,5.410029888153076,-0.40241265296936035,0.3531440794467926,1.3585784435272217,2.188159942626953,4.9726457595825195,-0.024634286761283875,1.7733691930770874,0.8747682571411133,0.755556732416153,0.8295814990997314,1,0,0,4.3055434540541775,5.1328468636305935,-0.4838174444056381,0.2707095879696976,1.2332452535629272,2.132255434989929,4.7191951588423855,-0.10655392821797029,1.6827503442764282,0.827303409576416,0.7545270323753357,0.899010181427002
1789369541.932435513,4,3.0,-0.9975114598255962,1.5,5.0,0.0,1.5,0.8,0.6,1.2,371,4.535247325897217,5.350097179412842,-0.4023500680923462,0.3533094823360443,1.3080476522445679,2.1897830963134766,4.942672252655029,-0.02452029287815094,1.7489153742790222,0.814849853515625,0.7556595504283905,0.8817354440689087,1,0,0,4.299542647998463,5.126846057574879,-0.47946330001315185,0.27506373236218384,1.2523084878921509,2.151318669319153,4.713194352786671,-0.10219978382548398,1.7018135786056519,0.827303409576416,0.7545270323753357,0.899010181427002
1789369542.032451868,5,3.0,-0.9961627244791871,1.5,5.0,0.0,1.5,0.8,0.6,1.2,375,4.53543758392334,5.394740581512451,-0.4023381769657135,0.38043802976608276,1.2456520795822144,2.190009832382202,4.9650890827178955,-0.010950073599815369,1.7178309559822083,0.8593029975891113,0.7827762067317963,0.9443577527999878,1,0,0,4.296882265609843,5.124185675186259,-0.48213655673331623,0.27239047564201946,1.2851450443267822,2.184155225753784,4.710533970398051,-0.10487304054564839,1.7346501350402832,0.827303409576416,0.7545270323753357,0.899010181427002
1789369542.132439137,6,3.0,-0.994529817923495,1.5,5.0,0.0,1.5,0.8,0.6,1.2,420,4.539438247680664,5.394657611846924,-0.4022407829761505,0.3805883526802063,1.2078633308410645,2.1897037029266357,4.967047929763794,-0.010826215147972107,1.69878351688385,0.8552193641662598,0.7828291356563568,0.9818403720855713,1,0,0,4.295691005150457,5.122994414726873,-0.48438142037334353,0.27014561200199216,1.2831734418869019,2.182183623313904,4.709342709938665,-0.10711790418567571,1.7326785326004028,0.827303409576416,0.7545270323753357,0.899010181427002
1789369542.222464323,7,3.0,-0.9928184258433181,1.5,5.0,0.0,1.5,0.8,0.6,1.2,421,4.535682678222656,5.4099578857421875,-0.40213847160339355,0.38031619787216187,1.2529337406158447,2.1893832683563232,4.972820281982422,-0.010911136865615845,1.721158504486084,0.8742752075195312,0.7824546694755554,0.9364495277404785,1,0,0,4.30181388650925,5.129117296085666,-0.48516290127305667,0.269364131102279,1.2418465614318848,2.1408567428588867,4.715465591297458,-0.10789938508538881,1.6913516521453857,0.827303409576416,0.7545270323753357,0.899010181427002
1789369542.332408428,8,3.0,-0.9904219647723442,1.5,5.0,0.0,1.5,0.8,0.6,1.2,395,4.539666175842285,5.362807750701904,-0.4039657413959503,0.3804376423358917,1.2458231449127197,2.1716363430023193,4.951236963272095,-0.011764049530029297,1.7087297439575195,0.8231415748596191,0.784403383731842,0.9258131980895996,1,0,0,4.30938543355919,5.136688843135606,-0.4867160396201478,0.2678109927551879,1.2325811386108398,2.131591320037842,4.723037138347398,-0.10945252343247996,1.6820862293243408,0.827303409576416,0.7545270323753357,0.899010181427002
1789369542.422705412,9,3.0,-0.9882063567158638,1.5,5.0,0.0,1.5,0.8,0.6,1.2,352,4.5360188484191895,5.362892150878906,-0.4038250148296356,0.3803573250770569,1.2824721336364746,2.188520669937134,4.949455499649048,-0.011733844876289368,1.7354964017868042,0.8268733024597168,0.7841823399066925,0.9060485363006592,1,0,0,4.302426408609078,5.129729818185494,-0.4769635117265369,0.2775635206487988,1.2499892711639404,2.1489994525909424,4.716078113397286,-0.09969999553886906,1.6994943618774414,0.827303409576416,0.7545270323753357,0.899010181427002
1789369542.532438517,10,3.0,-0.9852100014317812,1.5,5.0,0.0,1.5,0.8,0.6,1.2,380,4.531101703643799,5.360101699829102,-0.40363579988479614,0.3802497386932373,1.359183430671692,2.195986747741699,4.94560170173645,-0.011693030595779419,1.7775850892066956,0.8289999961853027,0.7838855385780334,0.8368033170700073,1,0,0,4.301147013119917,5.128450422696333,-0.470207970840595,0.2843190615347407,1.2335351705551147,2.1325453519821167,4.714798717908125,-0.09294445465292718,1.6830402612686157,0.827303409576416,0.7545270323753357,0.899010181427002
1789369542.632445812,11,3.0,-0.9821982017787968,1.5,5.0,0.0,1.5,0.8,0.6,1.2,323,4.536022663116455,5.349210739135742,-0.4034462571144104,0.3799358010292053,1.3419874906539917,2.195661783218384,4.942616701126099,-0.011755228042602539,1.7688246369361877,0.8131880760192871,0.7833820581436157,0.8536742925643921,1,0,0,4.304938734438206,5.132242144014622,-0.4689929914515742,0.2855340409237615,1.237334132194519,2.136344313621521,4.718590439226414,-0.09172947526390635,1.68683922290802,0.827303409576416,0.7545270323753357,0.899010181427002
1789369542.732445717,12,3.0,-0.9789197906360592,1.5,5.0,0.0,1.5,0.8,0.6,1.2,413,4.531152725219727,5.409782409667969,-0.4032410979270935,0.380027174949646,1.246161937713623,2.1953091621398926,4.970467567443848,-0.011606961488723755,1.7207355499267578,0.8786296844482422,0.7832682728767395,0.9491472244262695,1,0,0,4.308454498306227,5.135757907882643,-0.4757004256399515,0.2788266067353842,1.2801657915115356,2.1791759729385376,4.722106203094435,-0.09843690945228367,1.7296708822250366,0.827303409576416,0.7545270323753357,0.899010181427002
1789369542.822584152,13,3.0,-0.9757378940355742,1.5,5.0,0.0,1.5,0.8,0.6,1.2,449,4.527914047241211,5.393594264984131,-0.40113580226898193,0.37991562485694885,1.2030317783355713,2.1949682235717773,4.960754156112671,-0.01061008870601654,1.6990000009536743,0.8656802177429199,0.7810514271259308,0.991936445236206,1,0,0,4.3028684601650395,5.130171869741456,-0.47661843348057603,0.27790859889475966,1.2704429626464844,2.1694531440734863,4.7165201649532476,-0.09935491729290817,1.7199480533599854,0.827303409576416,0.7545270323753357,0.899010181427002
1789369542.922722101,14,3.0,-0.9719591900185925,1.5,5.0,0.0,1.5,0.8,0.6,1.2,380,4.528100490570068,5.349218845367432,-0.4028093218803406,0.37978488206863403,1.2595239877700806,2.194565773010254,4.93865966796875,-0.011512219905853271,1.7270448803901672,0.8211183547973633,0.7825942039489746,0.9350417852401733,1,0,0,4.301030457197773,5.128333866774189,-0.4757324803618216,0.2787945520135141,1.23380708694458,2.132817268371582,4.714682161985981,-0.09846896417415375,1.683312177658081,0.827303409576416,0.7545270323753357,0.899010181427002
1789369543.032640934,15,3.0,-0.9675077033174644,1.5,5.0,0.0,1.5,0.8,0.6,1.2,451,4.531248569488525,5.349067687988281,-0.4006633758544922,0.3863009214401245,1.246492862701416,2.1983296871185303,4.940158128738403,-0.007181227207183838,1.7224112749099731,0.8178191184997559,0.7869642972946167,0.9518368244171143,1,0,0,4.301975033956529,5.129278443532945,-0.47827864989571967,0.27624838247961603,1.2512836456298828,2.1502938270568848,4.715626738744737,-0.10101513370805179,1.7007887363433838,0.827303409576416,0.7545270323753357,0.899010181427002
1789369543.132579088,16,3.0,-0.963194428740072,1.5,5.0,0.0,1.5,0.8,0.6,1.2,387,4.528531074523926,5.409582614898682,-0.39908668398857117,0.3792826533317566,1.303328275680542,2.1976230144500732,4.969056844711304,-0.009902015328407288,1.7504756450653076,0.8810515403747559,0.7783693373203278,0.8942947387695312,1,0,0,4.296161868100698,5.123465277677114,-0.47688069038586434,0.27764634198947136,1.2399338483810425,2.1389440298080444,4.709813572888906,-0.0996171741981965,1.6894389390945435,0.827303409576416,0.7545270323753357,0.899010181427002
1789369543.232339382,17,3.0,-0.958635628390832,1.5,5.0,0.0,1.5,0.8,0.6,1.2,368,4.543027877807617,5.409524917602539,-0.4019654095172882,0.37933433055877686,1.3565250635147095,2.198861598968506,4.976276397705078,-0.011315539479255676,1.7776933312416077,0.8664970397949219,0.7812997400760651,0.8423365354537964,1,0,0,4.290065636805198,5.117369046381614,-0.47151998219458435,0.28300705018075134,1.2453207969665527,2.1443309783935547,4.703717341593406,-0.09425646600691648,1.6948258876800537,0.827303409576416,0.7545270323753357,0.899010181427002
1789369543.332466841,18,3.0,-0.9538158962134792,1.5,5.0,0.0,1.5,0.8,0.6,1.2,389,4.531370162963867,5.361192226409912,-0.39989277720451355,0.3791768550872803,1.3482468128204346,2.1982579231262207,4.94628119468689,-0.010357961058616638,1.7732523679733276,0.8298220634460449,0.7790696322917938,0.8500111103057861,1,0,0,4.291955784963219,5.119259194539635,-0.46973773763593013,0.28478929473940556,1.2278798818588257,2.1268900632858276,4.705607489751427,-0.09247422144826227,1.6773849725723267,0.827303409576416,0.7545270323753357,0.899010181427002
1789369543.432434320,19,3.0,-0.9487558817779965,1.5,5.0,0.0,1.5,0.8,0.6,1.2,384,4.541872501373291,5.361337184906006,-0.40140727162361145,0.3790142238140106,1.2470253705978394,2.1976284980773926,4.951604843139648,-0.011196523904800415,1.722326934337616,0.8194646835327148,0.7804214954376221,0.9506031274795532,1,0,0,4.288543209504314,5.11584661908073,-0.4638570931315348,0.2906699392438009,1.2809618711471558,2.1799720525741577,4.702194914292522,-0.0865935769438669,1.7304669618606567,0.827303409576416,0.7545270323753357,0.899010181427002
1789369543.532499313,20,3.0,-0.9434497354930524,1.5,5.0,0.0,1.5,0.8,0.6,1.2,426,4.529486656188965,5.361480236053467,-0.39899227023124695,0.37884584069252014,1.2513564825057983,2.196093797683716,4.945483446121216,-0.010073214769363403,1.723725140094757,0.831993579864502,0.7778381109237671,0.9447373151779175,1,0,0,4.2801732299196065,5.1074766394960225,-0.46356967407861893,0.29095735829671676,1.2747509479522705,2.1737611293792725,4.6938249347078145,-0.08630615789095109,1.7242560386657715,0.827303409576416,0.7545270323753357,0.899010181427002
1789369543.632484674,21,3.0,-0.937906372291896,1.5,5.0,0.0,1.5,0.8,0.6,1.2,454,4.53152322769165,5.361618995666504,-0.39902186393737793,0.3784725069999695,1.2473269701004028,2.1951003074645996,4.946571111679077,-0.010274678468704224,1.7212136387825012,0.8300957679748535,0.7774943709373474,0.9477733373641968,1,0,0,4.285541763366127,5.112845172942543,-0.46435475253815794,0.29017227983717775,1.2429428100585938,2.1419529914855957,4.699193468154335,-0.0870912363504901,1.6924479007720947,0.827303409576416,0.7545270323753357,0.899010181427002
1789369543.732457161,22,3.0,-0.9321270760888982,1.5,5.0,0.0,1.5,0.8,0.6,1.2,424,4.537627696990967,5.347525596618652,-0.4004347324371338,0.37849748134613037,1.2474857568740845,2.1955888271331787,4.94257664680481,-0.010968625545501709,1.7215372920036316,0.8098978996276855,0.7789322137832642,0.9481030702590942,1,0,0,4.284677989896632,5.111981399473048,-0.4618644988653732,0.2926625335099625,1.2398430109024048,2.1388531923294067,4.69832969468484,-0.08460098267770536,1.6893481016159058,0.827303409576416,0.7545270323753357,0.899010181427002
1789369543.832499504,23,3.0,-0.9261091596484793,1.5,5.0,0.0,1.5,0.8,0.6,1.2,405,4.531641960144043,5.347326278686523,-0.4008632004261017,0.37811991572380066,1.2864292860031128,2.1932315826416016,4.939484119415283,-0.011371642351150513,1.7398304343223572,0.8156843185424805,0.7789831161499023,0.9068022966384888,1,0,0,4.287525518372161,5.114828927948577,-0.4700884987174988,0.2844385336578369,1.252510666847229,2.151520848274231,4.701177223160369,-0.09282498252983098,1.70201575756073,0.827303409576416,0.7545270323753357,0.899010181427002
1789369543.932412386,24,3.0,-0.919870356823697,1.5,5.0,0.0,1.5,0.8,0.6,1.2,373,4.5306010246276855,5.362002372741699,-0.40013259649276733,0.3781369924545288,1.3247936964035034,2.1996476650238037,4.946301698684692,-0.010997802019119263,1.7622206807136536,0.8314013481140137,0.7782695889472961,0.8748539686203003,1,0,0,4.285200871343583,5.112504280919999,-0.4677465387039806,0.2867804936713551,1.2402862310409546,2.1392964124679565,4.698852576131791,-0.09048302251631275,1.6897913217544556,0.827303409576416,0.7545270323753357,0.899010181427002
1789369544.032346010,25,3.0,-0.9134006672819592,1.5,5.0,0.0,1.5,0.8,0.6,1.2,367,4.530900955200195,5.347264766693115,-0.3990897834300995,0.3779534697532654,1.3697541952133179,2.1991400718688965,4.939082860946655,-0.010568156838417053,1.7844471335411072,0.8163638114929199,0.7770432531833649,0.8293858766555786,1,0,0,4.281194887615615,5.108498297192031,-0.46407793700262684,0.29044909537270885,1.2486706972122192,2.147680878639221,4.694846592403823,-0.08681442081495899,1.6981757879257202,0.827303409576416,0.7545270323753357,0.899010181427002
1789369544.132447720,26,3.0,-0.9066966752095137,1.5,5.0,0.0,1.5,0.8,0.6,1.2,398,4.5312113761901855,5.347044944763184,-0.39757490158081055,0.3777688443660736,1.2481681108474731,2.1986193656921387,4.939128160476685,-0.00990302860736847,1.723393738269806,0.815833568572998,0.7753437459468842,0.9504512548446655,1,0,0,4.272993648841212,5.100297058417628,-0.4619485043995515,0.2925785279757842,1.2616076469421387,2.1606178283691406,4.68664535362942,-0.08468498821188362,1.7111127376556396,0.827303409576416,0.7545270323753357,0.899010181427002
1789369544.222573996,27,3.0,-0.9004761277024007,1.5,5.0,0.0,1.5,0.8,0.6,1.2,391,4.531925678253174,5.346839904785156,-0.3994985520839691,0.3776022493839264,1.2526382207870483,2.19100284576416,4.939382791519165,-0.010948151350021362,1.7218205332756042,0.8149142265319824,0.7771008014678955,0.9383646249771118,1,0,0,4.274240435433324,5.10154384500974,-0.4694478026340032,0.2850792297413325,1.284496545791626,2.183506727218628,4.687892140221532,-0.09218428644633533,1.734001636505127,0.827303409576416,0.7545270323753357,0.899010181427002
1789369544.322682381,28,3.0,-0.8933552311910175,1.5,5.0,0.0,1.5,0.8,0.6,1.2,447,4.539770603179932,5.346607685089111,-0.4003872573375702,0.3774172365665436,1.2485157251358032,2.1975982189178467,4.9431891441345215,-0.011485010385513306,1.723056972026825,0.8068370819091797,0.7778044939041138,0.9490824937820435,1,0,0,4.277844357411353,5.105147766987769,-0.47261415190351386,0.28191288047182184,1.2589008808135986,2.1579110622406006,4.691496062199561,-0.095350635715846,1.7084059715270996,0.827303409576416,0.7545270323753357,0.899010181427002
1789369544.422765970,29,3.0,-0.8860167009870215,1.5,5.0,0.0,1.5,0.8,0.6,1.2,404,4.532100200653076,5.346367835998535,-0.39791592955589294,0.3770414888858795,1.2487038373947144,2.190169095993042,4.939234018325806,-0.010437220335006714,1.7194364666938782,0.814267635345459,0.7749574184417725,0.9414652585983276,1,0,0,4.2858343941052395,5.1131378036816555,-0.4815306576970229,0.2729963746783128,1.2518194913864136,2.1508296728134155,4.6994860988934475,-0.10426714150935505,1.7013245820999146,0.827303409576416,0.7545270323753357,0.899010181427002
1789369544.532430887,30,3.0,-0.8777246419121527,1.5,5.0,0.0,1.5,0.8,0.6,1.2,407,4.534980773925781,5.346098899841309,-0.3974887728691101,0.3770337998867035,1.2993460893630981,2.1892318725585938,4.940539836883545,-0.010227486491203308,1.744288980960846,0.8111181259155273,0.7745225727558136,0.8898857831954956,1,0,0,4.285997325842349,5.113300735418765,-0.47739531918942885,0.27713171318590685,1.2507429122924805,2.1497530937194824,4.699649030630557,-0.100131803001761,1.7002480030059814,0.827303409576416,0.7545270323753357,0.899010181427002
1789369544.632416248,31,3.0,-0.8699498696349015,1.5,5.0,0.0,1.5,0.8,0.6,1.2,387,4.532306671142578,5.345845699310303,-0.3975691795349121,0.3806126117706299,1.3277552127838135,2.198730945587158,4.93907618522644,-0.008478283882141113,1.7632430791854858,0.8135390281677246,0.778181791305542,0.8709757328033447,1,0,0,4.279634589004129,5.106937998580545,-0.46691875528677895,0.28760827708855674,1.2351638078689575,2.1341739892959595,4.693286293792337,-0.0896552390991111,1.6846688985824585,0.827303409576416,0.7545270323753357,0.899010181427002
1789369544.732413769,32,3.0,-0.8619678458498687,1.5,5.0,0.0,1.5,0.8,0.6,1.2,371,4.531882286071777,5.3625359535217285,-0.39862877130508423,0.3764893412590027,1.3605494499206543,2.197422742843628,4.947209119796753,-0.011069715023040771,1.7789860963821411,0.8306536674499512,0.7751181125640869,0.8368732929229736,1,0,0,4.274629262747631,5.101932672324047,-0.46026624769140995,0.29426078468392575,1.2419019937515259,2.140912175178528,4.688280967535839,-0.0830027315037421,1.6914070844650269,0.827303409576416,0.7545270323753357,0.899010181427002
1789369544.832414150,33,3.0,-0.853781682983149,1.5,5.0,0.0,1.5,0.8,0.6,1.2,396,4.537541389465332,5.345321178436279,-0.3963611423969269,0.37650495767593384,1.2495037317276,2.184168815612793,4.941431283950806,-0.009928092360496521,1.7168362736701965,0.8077797889709473,0.7728661000728607,0.9346650838851929,1,0,0,4.273556804716593,5.100860214293009,-0.4599419694770588,0.2945850628982769,1.272352695465088,2.17136287689209,4.687208509504801,-0.08267845328939094,1.7218577861785889,0.827303409576416,0.7545270323753357,0.899010181427002
1789369544.932485104,34,3.0,-0.8453876307465392,1.5,5.0,0.0,1.5,0.8,0.6,1.2,425,4.531919479370117,5.362499713897705,-0.3977496922016144,0.3763379752635956,1.2593848705291748,2.194735050201416,4.947209596633911,-0.0107058584690094,1.7270599603652954,0.8305802345275879,0.77408766746521,0.9353501796722412,1,0,0,4.2738597932377465,5.1011632028141625,-0.45874714716858034,0.29577988520675536,1.2915141582489014,2.1905243396759033,4.6875114980259545,-0.0814836309809125,1.7410192489624023,0.827303409576416,0.7545270323753357,0.899010181427002
1789369545.032483339,35,3.0,-0.8368035093557376,1.5,5.0,0.0,1.5,0.8,0.6,1.2,388,4.531949520111084,5.362448215484619,-0.39629095792770386,0.3761765658855438,1.261473536491394,2.1949031352996826,4.947198867797852,-0.010057196021080017,1.7281883358955383,0.8304986953735352,0.7724675238132477,0.9334295988082886,1,0,0,4.280729319112036,5.108032728688452,-0.4635358947135698,0.2909911376617659,1.2410331964492798,2.1400433778762817,4.694381023900244,-0.08627237852590194,1.6905382871627808,0.827303409576416,0.7545270323753357,0.899010181427002
1789369545.132437944,36,3.0,-0.8280298115355496,1.5,5.0,0.0,1.5,0.8,0.6,1.2,481,4.534698963165283,5.344486236572266,-0.40114662051200867,0.37602144479751587,1.2210148572921753,2.1934852600097656,4.939592599868774,-0.012562587857246399,1.7072500586509705,0.8097872734069824,0.7771680653095245,0.9724704027175903,1,0,0,4.2809988091232265,5.1083022186996425,-0.4718181182280823,0.2827089141472534,1.2445988655090332,2.143609046936035,4.6946505139114345,-0.09455460204041445,1.6941039562225342,0.827303409576416,0.7545270323753357,0.899010181427002
1789369545.222593069,37,3.0,-0.8199538049935335,1.5,5.0,0.0,1.5,0.8,0.6,1.2,402,4.535042762756348,5.344223499298096,-0.40014341473579407,0.3758876919746399,1.2928979396820068,2.190690517425537,4.939633131027222,-0.012127861380577087,1.741794228553772,0.809180736541748,0.776031106710434,0.8977925777435303,1,0,0,4.270399919591868,5.097703329168284,-0.4604390783966079,0.2940879539787278,1.2506191730499268,2.1496293544769287,4.684051624380076,-0.08317556220894008,1.7001242637634277,0.827303409576416,0.7545270323753357,0.899010181427002
1789369545.322617054,38,3.0,-0.8108096289690321,1.5,5.0,0.0,1.5,0.8,0.6,1.2,369,4.538922309875488,5.362161636352539,-0.39732906222343445,0.3757489025592804,1.3283199071884155,2.1912360191345215,4.950541973114014,-0.010790079832077026,1.7597779631614685,0.8232393264770508,0.7730779647827148,0.862916111946106,1,0,0,4.269716613191087,5.097020022767503,-0.45627965182382757,0.2982473805515081,1.2507586479187012,2.149768829345703,4.683368317979295,-0.07901613563615975,1.7002637386322021,0.827303409576416,0.7545270323753357,0.899010181427002
1789369545.432430267,39,3.0,-0.8005553427138012,1.5,5.0,0.0,1.5,0.8,0.6,1.2,389,4.535860061645508,5.361995220184326,-0.3977523446083069,0.3754272758960724,1.3340175151824951,2.2013962268829346,4.948927640914917,-0.011162534356117249,1.7677068710327148,0.8261351585388184,0.7731796205043793,0.8673787117004395,1,0,0,4.263853083688769,5.091156493265185,-0.4504888312176777,0.304038201157658,1.2413586378097534,2.1403688192367554,4.677504788476977,-0.07322531503000983,1.6908637285232544,0.827303409576416,0.7545270323753357,0.899010181427002
1789369545.522723436,40,3.0,-0.7919685048873839,1.5,5.0,0.0,1.5,0.8,0.6,1.2,398,4.53621768951416,5.361833095550537,-0.398042768239975,0.37532031536102295,1.2923152446746826,2.188836097717285,4.949025392532349,-0.011361226439476013,1.7405756711959839,0.825615406036377,0.7733630836009979,0.8965208530426025,1,0,0,4.26543125694153,5.092734666517946,-0.454325434296724,0.3002015980786117,1.2641860246658325,2.1631962060928345,4.679082961729738,-0.07706191810905615,1.7136911153793335,0.827303409576416,0.7545270323753357,0.899010181427002
1789369545.622420073,41,3.0,-0.7822995516848916,1.5,5.0,0.0,1.5,0.8,0.6,1.2,433,4.527670860290527,5.3616251945495605,-0.4007396101951599,0.37539029121398926,1.280668020248413,2.185344934463501,4.944648027420044,-0.012674659490585327,1.733006477355957,0.8339543342590332,0.7761299014091492,0.9046769142150879,1,0,0,4.26986067901257,5.097164088588986,-0.4582627521964464,0.2962642801788893,1.294217824935913,2.193228006362915,4.683512383800778,-0.08099923600877855,1.743722915649414,0.827303409576416,0.7545270323753357,0.899010181427002
1789369545.722506285,42,3.0,-0.7724269315208625,1.5,5.0,0.0,1.5,0.8,0.6,1.2,419,4.549341201782227,5.395471096038818,-0.39883333444595337,0.3752938210964203,1.2513312101364136,2.1864137649536133,4.9724061489105225,-0.01176975667476654,1.7188724875450134,0.8461298942565918,0.7741271555423737,0.9350825548171997,1,0,0,4.271143028193444,5.09844643776986,-0.45880984850287493,0.29571718387246076,1.2630246877670288,2.1620348691940308,4.684794732981652,-0.08154633231520707,1.7125297784805298,0.827303409576416,0.7545270323753357,0.899010181427002
1789369545.822705507,43,3.0,-0.7623713448675914,1.5,5.0,0.0,1.5,0.8,0.6,1.2,429,4.5284810066223145,5.396955490112305,-0.3992960453033447,0.3750365376472473,1.2341114282608032,2.197489023208618,4.96271824836731,-0.012129753828048706,1.7158002257347107,0.8684744834899902,0.774332582950592,0.9633775949478149,1,0,0,4.272309633357556,5.099613042933972,-0.4607378784895053,0.2937891538858304,1.238436222076416,2.137446403503418,4.685961338145764,-0.08347436230183748,1.687941312789917,0.827303409576416,0.7545270323753357,0.899010181427002
1789369545.922681332,44,3.0,-0.7521622622891444,1.5,5.0,0.0,1.5,0.8,0.6,1.2,424,4.537847518920898,5.394413471221924,-0.39973893761634827,0.3751421570777893,1.30535089969635,2.1958279609680176,4.966130495071411,-0.01229839026927948,1.7505894303321838,0.8565659523010254,0.7748810946941376,0.8904770612716675,1,0,0,4.271913025188068,5.099216434764484,-0.4591786483399034,0.2953483840354323,1.243161678314209,2.142171859741211,4.685564729976276,-0.08191513215223557,1.69266676902771,0.827303409576416,0.7545270323753357,0.899010181427002
1789369546.032498837,45,3.0,-0.7407442897857877,1.5,5.0,0.0,1.5,0.8,0.6,1.2,357,4.549371242523193,5.391591548919678,-0.3992310166358948,0.3750845491886139,1.2974627017974854,2.1939892768859863,4.9704813957214355,-0.012073233723640442,1.7457259893417358,0.8422203063964844,0.7743155658245087,0.896526575088501,1,0,0,4.271405781320753,5.098709190897169,-0.45562820108323726,0.29889883129209843,1.2423834800720215,2.1413936614990234,4.685057486108961,-0.07836468489556941,1.6918885707855225,0.827303409576416,0.7545270323753357,0.899010181427002
1789369546.122572660,46,3.0,-0.7312422699412175,1.5,5.0,0.0,1.5,0.8,0.6,1.2,383,4.5386881828308105,5.389259338378906,-0.4007554054260254,0.3750523328781128,1.3605384826660156,2.192473888397217,4.963973760604858,-0.012851536273956299,1.7765061855316162,0.8505711555480957,0.7758077383041382,0.8319354057312012,1,0,0,4.268734968892418,5.096038378468834,-0.4504441327287587,0.304082899646577,1.2577331066131592,2.156743288040161,4.682386673680626,-0.07318061654109084,1.7072381973266602,0.827303409576416,0.7545270323753357,0.899010181427002
1789369546.232445717,47,3.0,-0.7194681950452217,1.5,5.0,0.0,1.5,0.8,0.6,1.2,386,4.543715476989746,5.402249813079834,-0.4014008343219757,0.37436577677726746,1.2935272455215454,2.1874468326568604,4.97298264503479,-0.013517528772354126,1.7404870390892029,0.8585343360900879,0.7757666110992432,0.8939195871353149,1,0,0,4.2710482838614805,5.0983516934378965,-0.44362028309510737,0.3109067492802283,1.252897024154663,2.151907205581665,4.6846999886496885,-0.06635676690743951,1.702402114868164,0.827303409576416,0.7545270323753357,0.899010181427002
1789369546.332426071,48,3.0,-0.7085873175155317,1.5,5.0,0.0,1.5,0.8,0.6,1.2,382,4.53834342956543,5.3992180824279785,-0.4040418863296509,0.37503427267074585,1.3133114576339722,2.1909496784210205,4.968780755996704,-0.014503806829452515,1.7521305680274963,0.8608746528625488,0.7790761590003967,0.8776382207870483,1,0,0,4.2318422529836965,5.0591456625601126,-0.42280430304973177,0.3317227293256039,1.2864811420440674,2.1854913234710693,4.6454939577719045,-0.04554078686206393,1.7359862327575684,0.827303409576416,0.7545270323753357,0.899010181427002
1789369546.432431221,49,3.0,-0.6975499912600782,1.5,5.0,0.0,1.5,0.8,0.6,1.2,416,4.538464546203613,5.339776515960693,-0.4040857255458832,0.38232192397117615,1.2105945348739624,2.189539909362793,4.939120531082153,-0.010881900787353516,1.7000672221183777,0.8013119697570801,0.7864076495170593,0.9789453744888306,1,0,0,4.382965229035088,4.852712772370049,-0.4160625311107857,0.3494519022731559,1.316009759902954,2.1583194732666016,4.617839000702569,-0.03330531441881492,1.7371646165847778,0.46974754333496094,0.7655144333839417,0.8423097133636475
1789369546.532423973,50,3.0,-0.6863608493426178,1.5,5.0,0.0,1.5,0.8,0.6,1.2,411,4.540462017059326,5.33974027633667,-0.40338218212127686,0.3749384582042694,1.2575628757476807,2.188133716583252,4.940101146697998,-0.014221861958503723,1.7228482961654663,0.7992782592773438,0.7783206403255463,0.9305708408355713,1,0,2,4.361842602076373,4.831590145411334,-0.4059111022163347,0.35960333116760695,1.2834542989730835,2.125764012336731,4.5967163737438534,-0.023153885524363888,1.7046091556549072,0.46974754333496094,0.7655144333839417,0.8423097133636475
1789369546.632416487,51,3.0,-0.6750218660249108,1.5,5.0,0.0,1.5,0.8,0.6,1.2,400,4.546355247497559,5.332256317138672,-0.4026278257369995,0.3751651644706726,1.3058650493621826,2.1946489810943604,4.939305782318115,-0.013731330633163452,1.7502570152282715,0.7859010696411133,0.7777929902076721,0.8887839317321777,1,0,0,4.226577046061499,5.029822113657935,-0.4299222725797555,0.35430372772923496,1.2111340165138245,2.190079391002655,4.628199579859717,-0.03780927242526029,1.7006067037582397,0.8032450675964355,0.7842260003089905,0.9789453744888306
1789369546.732447863,52,3.0,-0.6635336367145561,1.5,5.0,0.0,1.5,0.8,0.6,1.2,399,4.531867504119873,5.330153942108154,-0.40181946754455566,0.3752545714378357,1.2939274311065674,2.1936533451080322,4.931010723114014,-0.013282448053359985,1.7437903881072998,0.7982864379882812,0.7770740389823914,0.8997259140014648,1,0,0,4.458569987856173,4.761300071321749,-0.4155496442783814,0.3548990404140014,1.2197048664093018,2.1491587162017822,4.609935029588961,-0.030325301932190026,1.684431791305542,0.30273008346557617,0.7704486846923828,0.9294538497924805
1789369546.832420588,53,3.0,-0.6519053154272506,1.5,5.0,0.0,1.5,0.8,0.6,1.2,384,4.532139301300049,5.30279016494751,-0.40183234214782715,0.37521228194236755,1.3357311487197876,2.1926727294921875,4.917464733123779,-0.013310030102729797,1.7642019391059875,0.7706508636474609,0.7770446240901947,0.8569415807723999,1,0,0,4.238105309124337,5.0268244863704306,-0.42610332653769534,0.3493916065906616,1.2765682935714722,2.16535222530365,4.632464897747384,-0.03835585997351689,1.720960259437561,0.7887191772460938,0.7754949331283569,0.8887839317321777
1789369546.932454109,54,3.0,-0.6401337110394762,1.5,5.0,0.0,1.5,0.8,0.6,1.2,365,4.543136119842529,5.325855255126953,-0.4003369212150574,0.37550848722457886,1.3003990650177002,2.1938915252685547,4.934495687484741,-0.012414216995239258,1.7471452951431274,0.7827191352844238,0.7758454084396362,0.8934924602508545,1,0,1,4.23004279627731,5.018761973523404,-0.41647052595289097,0.35902440717546596,1.2727338075637817,2.1615177392959595,4.624402384900357,-0.0287230593887125,1.7171257734298706,0.7887191772460938,0.7754949331283569,0.8887839317321777
1789369547.032331467,55,3.0,-0.6282335811425082,1.5,5.0,0.0,1.5,0.8,0.6,1.2,364,4.5435333251953125,5.349925994873047,-0.399666965007782,0.37567567825317383,1.3187097311019897,2.190765619277954,4.94672966003418,-0.011995643377304077,1.754737675189972,0.8063926696777344,0.7753426432609558,0.8720558881759644,1,0,0,4.2473386589845665,5.03605783623066,-0.43006679082990557,0.34542814229845137,1.2920745611190796,2.1808584928512573,4.641698247607613,-0.04231932426572709,1.7364665269851685,0.7887191772460938,0.7754949331283569,0.8887839317321777
1789369547.132415771,56,3.0,-0.6161839240763733,1.5,5.0,0.0,1.5,0.8,0.6,1.2,441,4.533018112182617,5.347877502441406,-0.39894524216651917,0.37587103247642517,1.2611083984375,2.189840793609619,4.940447807312012,-0.011537104845046997,1.7254745960235596,0.8148593902587891,0.7748162746429443,0.9287323951721191,1,0,0,4.23951573806661,5.028234915312704,-0.4296177355873715,0.34587719754098545,1.2722805738449097,2.1610645055770874,4.633875326689657,-0.041870269023193,1.7166725397109985,0.7887191772460938,0.7754949331283569,0.8887839317321777
1789369547.222723484,57,3.0,-0.6052058871346416,1.5,5.0,0.0,1.5,0.8,0.6,1.2,431,4.539881706237793,5.290933132171631,-0.39895790815353394,0.3759228587150574,1.2212659120559692,2.1905150413513184,4.915407419204712,-0.011517524719238281,1.7058904767036438,0.7510514259338379,0.7748807668685913,0.9692491292953491,1,0,0,4.230164655475515,5.018883832721609,-0.43359128228815896,0.34190365084019797,1.2412753105163574,2.130059242248535,4.624524244098562,-0.04584381572398049,1.6856672763824463,0.7887191772460938,0.7754949331283569,0.8887839317321777
1789369547.332339764,58,3.0,-0.5917123705914518,1.5,5.0,0.0,1.5,0.8,0.6,1.2,407,4.54470682144165,5.288955211639404,-0.39702528715133667,0.3763521611690521,1.2837655544281006,2.188803195953369,4.916831016540527,-0.010336562991142273,1.7362843751907349,0.7442483901977539,0.7733774483203888,0.9050376415252686,1,0,1,4.464350820761277,4.760847212057664,-0.42523946097854687,0.34854511686798023,1.2602176666259766,2.1545298099517822,4.612599016409471,-0.038347172055283325,1.7073737382888794,0.2964963912963867,0.7737845778465271,0.8943121433258057
1789369547.432419300,59,3.0,-0.579276878990018,1.5,5.0,0.0,1.5,0.8,0.6,1.2,380,4.556849002838135,5.265695095062256,-0.39732110500335693,0.3764939308166504,1.3060052394866943,2.1950254440307617,4.911272048950195,-0.010413587093353271,1.750515341758728,0.7088460922241211,0.7738150358200073,0.8890202045440674,1,0,0,4.456889497831864,4.753385889128251,-0.4165863564475741,0.357198221398953,1.2616325616836548,2.1559447050094604,4.605137693480057,-0.02969406752431051,1.7087886333465576,0.2964963912963867,0.7737845778465271,0.8943121433258057
1789369547.532476425,60,3.0,-0.566721209605048,1.5,5.0,0.0,1.5,0.8,0.6,1.2,365,4.5414581298828125,5.339226722717285,-0.4036152958869934,0.376960813999176,1.3672691583633423,2.1968088150024414,4.940342426300049,-0.013327240943908691,1.7820389866828918,0.7977685928344727,0.7805761098861694,0.8295396566390991,1,0,0,4.450224745027322,4.746721136323709,-0.40593364200998516,0.36785093583654194,1.245418906211853,2.1397310495376587,4.598472940675515,-0.019041353086721585,1.6925749778747559,0.2964963912963867,0.7737845778465271,0.8943121433258057
1789369547.622692585,61,3.0,-0.5553020616149927,1.5,5.0,0.0,1.5,0.8,0.6,1.2,397,4.540158271789551,5.3100972175598145,-0.4028819799423218,0.3772796094417572,1.3306299448013306,2.1929566860198975,4.925127744674683,-0.012801185250282288,1.761793315410614,0.7699389457702637,0.780161589384079,0.8623267412185669,1,0,1,4.447507672263532,4.7440040635599185,-0.40577283152026816,0.36801174632625894,1.2594027519226074,2.153714895248413,4.595755867911725,-0.018880542597004633,1.7065588235855103,0.2964963912963867,0.7737845778465271,0.8943121433258057
1789369547.732448578,62,3.0,-0.5412634874766399,1.5,5.0,0.0,1.5,0.8,0.6,1.2,419,4.540491104125977,5.334633827209473,-0.4015704095363617,0.3777080774307251,1.3235507011413574,2.191800594329834,4.937562465667725,-0.011931166052818298,1.7576756477355957,0.7941427230834961,0.7792784869670868,0.8682498931884766,1,0,0,4.451002154316512,4.747498545612899,-0.4099222623021581,0.363862315544369,1.287899374961853,2.1822115182876587,4.599250349964706,-0.02302997337889459,1.7350554466247559,0.2964963912963867,0.7737845778465271,0.8943121433258057
1789369547.832450867,63,3.0,-0.5283608171720382,1.5,5.0,0.0,1.5,0.8,0.6,1.2,399,4.540801048278809,5.2877984046936035,-0.40038391947746277,0.377998024225235,1.2627959251403809,2.1907758712768555,4.914299726486206,-0.011192947626113892,1.7267858982086182,0.7469973564147949,0.7783819437026978,0.9279799461364746,1,0,0,4.453268779328068,4.749765170624455,-0.412124645001502,0.3616599328450251,1.2896177768707275,2.183929920196533,4.601516974976262,-0.025232356078238448,1.7367738485336304,0.2964963912963867,0.7737845778465271,0.8943121433258057
1789369547.922697544,64,3.0,-0.5166314895844639,1.5,5.0,0.0,1.5,0.8,0.6,1.2,476,4.541085720062256,5.2567853927612305,-0.39931994676589966,0.3785546123981476,1.228202223777771,2.191990613937378,4.898935556411743,-0.010382667183876038,1.7100964188575745,0.7156996726989746,0.7778745591640472,0.9637883901596069,1,0,0,4.358747415296923,4.848427705519091,-0.42073531406617537,0.3560126875092946,1.2774673700332642,2.1457172632217407,4.603587560408007,-0.032361313278440364,1.7115923166275024,0.48968029022216797,0.77674800157547,0.8682498931884766
1789369548.022720098,65,3.0,-0.5035202280897958,1.5,5.0,0.0,1.5,0.8,0.6,1.2,422,4.541409969329834,5.327665328979492,-0.39811259508132935,0.3790557384490967,1.2863622903823853,2.188900947570801,4.934537649154663,-0.009528428316116333,1.737631618976593,0.7862553596496582,0.777168333530426,0.9025386571884155,1,0,0,4.362647592217408,4.852327882439576,-0.419195069815815,0.35755293175965497,1.2496073246002197,2.1178572177886963,4.607487737328492,-0.030821069028079996,1.683732271194458,0.48968029022216797,0.77674800157547,0.8682498931884766
1789369548.132395983,66,3.0,-0.48900552099076267,1.5,5.0,0.0,1.5,0.8,0.6,1.2,367,4.553509712219238,5.3249382972717285,-0.3979038596153259,0.37952062487602234,1.3074164390563965,2.1884636878967285,4.939224004745483,-0.009191617369651794,1.7479400634765625,0.7714285850524902,0.7774244844913483,0.881047248840332,1,0,0,4.363978078740244,4.853658368962412,-0.4180194268833287,0.35872857469214126,1.283235788345337,2.1514856815338135,4.608818223851328,-0.029645426095593737,1.7173607349395752,0.48968029022216797,0.77674800157547,0.8682498931884766
1789369548.222674608,67,3.0,-0.4769908930518326,1.5,5.0,0.0,1.5,0.8,0.6,1.2,392,4.5449113845825195,5.316375732421875,-0.39674195647239685,0.3801807761192322,1.374245524406433,2.1948227882385254,4.930643558502197,-0.008280590176582336,1.7845341563224792,0.7714643478393555,0.776922732591629,0.8205772638320923,1,0,0,4.369343797028638,4.859024087250806,-0.4171078856654553,0.35964011591001466,1.2692420482635498,2.1374919414520264,4.614183942139722,-0.02873388487772035,1.703366994857788,0.48968029022216797,0.77674800157547,0.8682498931884766
1789369548.322592258,68,3.0,-0.463584001725061,1.5,5.0,0.0,1.5,0.8,0.6,1.2,351,4.535887241363525,5.190525054931641,-0.39910873770713806,0.3806779086589813,1.3401693105697632,2.19176983833313,4.863206148147583,-0.00921541452407837,1.7659695744514465,0.6546378135681152,0.7797866463661194,0.8516005277633667,1,0,0,4.369352561620839,4.859032851843007,-0.41032216858570775,0.3664258329897622,1.2632018327713013,2.131451725959778,4.614192706731923,-0.02194816779797274,1.6973267793655396,0.48968029022216797,0.77674800157547,0.8682498931884766
1789369548.432448626,69,3.0,-0.44872834427913066,1.5,5.0,0.0,1.5,0.8,0.6,1.2,406,4.5364298820495605,5.276288032531738,-0.3999021649360657,0.3814176917076111,1.3284509181976318,2.1924102306365967,4.906358957290649,-0.009242236614227295,1.7604305744171143,0.7398581504821777,0.7813198566436768,0.8639593124389648,1,0,0,4.362752117420393,4.852432407642561,-0.4055673140371157,0.37118068753835426,1.3006006479263306,2.168850541114807,4.607592262531477,-0.01719331324938075,1.7347255945205688,0.48968029022216797,0.77674800157547,0.8682498931884766
1789369548.532372475,70,3.0,-0.4351222094338506,1.5,5.0,0.0,1.5,0.8,0.6,1.2,478,4.543185234069824,5.274200916290283,-0.39698025584220886,0.38226258754730225,1.2864848375320435,2.19130802154541,4.908693075180054,-0.007358834147453308,1.7388964295387268,0.731015682220459,0.7792428433895111,0.9048231840133667,1,0,0,4.462204533191708,4.752485828968076,-0.40974611060009675,0.36864906533374114,1.3004621863365173,2.152062714099884,4.607345181079892,-0.020548522633177788,1.7262624502182007,0.2902812957763672,0.7783951759338379,0.8516005277633667
1789369548.632384539,71,3.0,-0.42141910282164285,1.5,5.0,0.0,1.5,0.8,0.6,1.2,410,4.54158878326416,4.786906719207764,-0.39470914006233215,0.38290420174598694,1.2924072742462158,2.1902387142181396,4.664247751235962,-0.005902469158172607,1.7413229942321777,0.24531793594360352,0.7776133418083191,0.8978314399719238,1,0,0,4.4590550556330975,4.749336351409465,-0.41427869836349135,0.36411647757034654,1.2854689955711365,2.137069523334503,4.604195703521281,-0.025081110396572428,1.7112692594528198,0.2902812957763672,0.7783951759338379,0.8516005277633667
1789369548.722649336,72,3.0,-0.408983354588617,1.5,5.0,0.0,1.5,0.8,0.6,1.2,473,4.53787088394165,4.783555030822754,-0.39247652888298035,0.3837563693523407,1.2831454277038574,2.19100022315979,4.660712957382202,-0.004360079765319824,1.7370728254318237,0.24568414688110352,0.776232898235321,0.9078547954559326,1,0,0,4.457402612011992,4.7476839077883595,-0.4225415064835665,0.3558536694502714,1.2818172574043274,2.133417785167694,4.602543259900176,-0.0333439185166475,1.7076175212860107,0.2902812957763672,0.7783951759338379,0.8516005277633667
1789369548.832491636,73,3.0,-0.39374489430440085,1.5,5.0,0.0,1.5,0.8,0.6,1.2,411,4.538421154022217,4.7274580001831055,-0.3896724283695221,0.3896748125553131,1.307322382926941,2.189059019088745,4.632939577102661,1.1920928955078125e-06,1.748190701007843,0.18903684616088867,0.7793472409248352,0.8817366361618042,1,0,0,4.455458910712422,4.745740206488789,-0.42253170712567895,0.35586346880815894,1.250647246837616,2.1022477746009827,4.600599558600606,-0.03333411915875999,1.6764475107192993,0.2902812957763672,0.7783951759338379,0.8516005277633667
1789369548.932462692,74,3.0,-0.37979161223264346,1.5,5.0,0.0,1.5,0.8,0.6,1.2,385,4.542716979980469,4.7270097732543945,-0.38726070523262024,0.3854876160621643,1.3511840105056763,2.19507098197937,4.634863376617432,-0.0008865445852279663,1.7731274962425232,0.18429279327392578,0.7727483212947845,0.8438869714736938,1,0,0,4.454355340191972,4.744636635968339,-0.41334394724987755,0.36505122868396034,1.2813473343849182,2.132947862148285,4.599495988080156,-0.024146359282958597,1.7071475982666016,0.2902812957763672,0.7783951759338379,0.8516005277633667
1789369549.032431126,75,3.0,-0.3657632318207784,1.5,5.0,0.0,1.5,0.8,0.6,1.2,407,4.539430618286133,4.726065158843994,-0.3849293887615204,0.38656118512153625,1.3794690370559692,2.1938443183898926,4.6327478885650635,0.0008158981800079346,1.786656677722931,0.18663454055786133,0.7714905738830566,0.8143752813339233,1,0,0,4.4536720245729695,4.743953320349337,-0.4063557623842395,0.3720394135495984,1.2681061625480652,2.119706690311432,4.598812672461153,-0.017158174417320544,1.6939064264297485,0.2902812957763672,0.7783951759338379,0.8516005277633667
1789369549.122688770,76,3.0,-0.35304470491104323,1.5,5.0,0.0,1.5,0.8,0.6,1.2,353,4.543452262878418,4.674968719482422,-0.3809824287891388,0.3873547613620758,1.3324618339538574,2.192768096923828,4.60921049118042,0.003186166286468506,1.7626149654388428,0.1315164566040039,0.7683371901512146,0.8603062629699707,1,0,0,4.454698617062361,4.744979912838728,-0.40332788590523544,0.37506729002860245,1.293991506099701,2.1455920338630676,4.599839264950544,-0.01413029793831652,1.7197917699813843,0.2902812957763672,0.7783951759338379,0.8516005277633667
1789369549.232418299,77,3.0,-0.33747997961004284,1.5,5.0,0.0,1.5,0.8,0.6,1.2,434,4.543885231018066,4.6930084228515625,-0.377630352973938,0.38851696252822876,1.29710054397583,2.1914966106414795,4.6184468269348145,0.005443304777145386,1.7442985773086548,0.1491231918334961,0.7661473155021667,0.8943960666656494,1,0,0,4.454306890110847,4.744588185887214,-0.3962285903630221,0.3821665855708158,1.311026394367218,2.1626269221305847,4.599447537999031,-0.007031002396103177,1.7368266582489014,0.2902812957763672,0.7783951759338379,0.8516005277633667
1789369549.332541704,78,3.0,-0.32321964450695806,1.5,5.0,0.0,1.5,0.8,0.6,1.2,421,4.540980815887451,4.67624568939209,-0.37458086013793945,0.38973891735076904,1.2949707508087158,2.1903765201568604,4.6086132526397705,0.007579028606414795,1.742673635482788,0.13526487350463867,0.7643197774887085,0.8954057693481445,1,0,0,4.531708335564294,4.662878131554284,-0.3865319315852106,0.3815989668904364,1.275564193725586,2.1358704566955566,4.597293233559289,-0.0024664823473870916,1.7057173252105713,0.13116979598999023,0.768130898475647,0.8603062629699707
1789369549.432644367,79,3.0,-0.3088981125801148,1.5,5.0,0.0,1.5,0.8,0.6,1.2,447,4.551163196563721,4.771458148956299,-0.3715403079986572,0.3907966911792755,1.292548656463623,2.1878271102905273,4.66131067276001,0.009628191590309143,1.7401878833770752,0.22029495239257812,0.7623369991779327,0.8952784538269043,1,0,0,4.531025530802053,4.662195326792043,-0.39453624691504224,0.37359465156060473,1.2580527067184448,2.1183589696884155,4.596610428797048,-0.010470797677218747,1.6882058382034302,0.13116979598999023,0.768130898475647,0.8603062629699707
1789369549.522763252,80,3.0,-0.2959457889028534,1.5,5.0,0.0,1.5,0.8,0.6,1.2,421,4.549985408782959,4.6780595779418945,-0.3688103258609772,0.39199739694595337,1.3105463981628418,2.1883561611175537,4.614022493362427,0.011593535542488098,1.7494512796401978,0.12807416915893555,0.7608077228069305,0.8778097629547119,1,0,0,4.529604868936289,4.660774664926279,-0.3936254292324555,0.37450546924319145,1.2755374908447266,2.1358437538146973,4.595189766931284,-0.009559979994632027,1.705690622329712,0.13116979598999023,0.768130898475647,0.8603062629699707
1789369549.632508993,81,3.0,-0.28009403340082073,1.5,5.0,0.0,1.5,0.8,0.6,1.2,367,4.550407886505127,4.676388263702393,-0.36549606919288635,0.36555907130241394,1.3520234823226929,2.1950976848602295,4.61339807510376,3.1501054763793945e-05,1.7735605835914612,0.12598037719726562,0.7310551404953003,0.8430742025375366,1,0,0,4.482147752785912,4.707030832314721,-0.3861470644039416,0.37597628192479376,1.249263048171997,2.1445415019989014,4.5945892925503165,-0.00508539123957389,1.6969022750854492,0.2248830795288086,0.7621233463287354,0.8952784538269043
1789369549.722521782,82,3.0,-0.26705859359569073,1.5,5.0,0.0,1.5,0.8,0.6,1.2,403,4.552974224090576,4.6789631843566895,-0.3627936542034149,0.3667457401752472,1.3832943439483643,2.193955898284912,4.615968704223633,0.0019760429859161377,1.7886251211166382,0.12598896026611328,0.7295393943786621,0.8106615543365479,1,0,0,4.530320264290379,4.659847833107517,-0.380720402632237,0.37990221795034357,1.263242483139038,2.14105224609375,4.595084048698948,-0.0004090923409467038,1.702147364616394,0.12952756881713867,0.7606226205825806,0.8778097629547119
1789369549.832494497,83,3.0,-0.2510628406890498,1.5,5.0,0.0,1.5,0.8,0.6,1.2,372,4.551265239715576,4.7197089195251465,-0.3968312740325928,0.3705494701862335,1.3494538068771362,2.192603349685669,4.635487079620361,-0.013140901923179626,1.7710285782814026,0.1684436798095703,0.7673807442188263,0.8431495428085327,1,0,0,4.530994830529707,4.660522399346846,-0.3843572553869352,0.37626536519564535,1.3049943447113037,2.1828041076660156,4.595758614938276,-0.004045945095644954,1.7438992261886597,0.12952756881713867,0.7606226205825806,0.8778097629547119
1789369549.922598600,84,3.0,-0.23792062342988318,1.5,5.0,0.0,1.5,0.8,0.6,1.2,433,4.556282043457031,4.719149112701416,-0.3948582410812378,0.369449645280838,1.301749587059021,2.18458890914917,4.637715578079224,-0.01270429790019989,1.7431692481040955,0.16286706924438477,0.7643078863620758,0.8828393220901489,1,0,0,4.532715372321202,4.662242941138341,-0.39192562511509826,0.3686969954674823,1.3065074682235718,2.1843172311782837,4.597479156729771,-0.01161431482380796,1.7454123497009277,0.12952756881713867,0.7606226205825806,0.8778097629547119
1789369550.032428265,85,3.0,-0.22182826272169653,1.5,5.0,0.0,1.5,0.8,0.6,1.2,456,4.547979831695557,4.667317867279053,-0.3817143142223358,0.37117213010787964,1.297400951385498,2.190269947052002,4.607648849487305,-0.005271092057228088,1.74383544921875,0.1193380355834961,0.7528864443302155,0.8928689956665039,1,0,0,4.536510187105177,4.666037755922316,-0.4024011720246258,0.3582214485579548,1.2919652462005615,2.1697750091552734,4.601273971513747,-0.022089861733335478,1.7308701276779175,0.12952756881713867,0.7606226205825806,0.8778097629547119
1789369550.132378101,86,3.0,-0.20714135334356076,1.5,5.0,0.0,1.5,0.8,0.6,1.2,445,4.548402309417725,4.679654121398926,-0.37877872586250305,0.372713565826416,1.291448712348938,2.189166307449341,4.614028215408325,-0.003032580018043518,1.7403075098991394,0.13125181198120117,0.7514922916889191,0.8977175951004028,1,0,0,4.539345100517889,4.668872669335028,-0.40779787936642303,0.35282474121615753,1.2470786571502686,2.1248884201049805,4.604108884926458,-0.02748656907513273,1.6859835386276245,0.12952756881713867,0.7606226205825806,0.8778097629547119
1789369550.232415676,87,3.0,-0.19241033196274282,1.5,5.0,0.0,1.5,0.8,0.6,1.2,425,4.551775932312012,4.678751468658447,-0.3776828348636627,0.3743109405040741,1.29197359085083,2.188105821609497,4.6152637004852295,-0.0016859471797943115,1.7400397062301636,0.12697553634643555,0.7519937753677368,0.896132230758667,1,0,0,4.537846364159207,4.6673739329763455,-0.40881965201155873,0.35180296857102183,1.264736294746399,2.142546057701111,4.602610148567776,-0.028508341720268445,1.7036411762237549,0.12952756881713867,0.7606226205825806,0.8778097629547119
1789369550.332418919,88,3.0,-0.17764131679876694,1.5,5.0,0.0,1.5,0.8,0.6,1.2,402,4.558722019195557,4.677907466888428,-0.37298184633255005,0.37596407532691956,1.3558872938156128,2.194880247116089,4.618314743041992,0.0014911144971847534,1.7753837704658508,0.1191854476928711,0.7489459216594696,0.8389929533004761,1,0,0,4.5366725736226385,4.666200142439777,-0.4033704646798981,0.35725215590268244,1.2692822217941284,2.1470919847488403,4.601436358031208,-0.023059154388607832,1.7081871032714844,0.12952756881713867,0.7606226205825806,0.8778097629547119
1789369550.432397842,89,3.0,-0.16283494508029805,1.5,5.0,0.0,1.5,0.8,0.6,1.2,380,4.55539608001709,4.6657023429870605,-0.3700926899909973,0.3776724934577942,1.3862972259521484,2.193593740463257,4.610549211502075,0.0037899017333984375,1.7899454832077026,0.1103062629699707,0.7477651834487915,0.8072965145111084,1,0,0,4.5351528897268585,4.664680458543997,-0.3897877566094056,0.37083486397317494,1.2517883777618408,2.1295981407165527,4.599916674135428,-0.009476446318115356,1.6906932592391968,0.12952756881713867,0.7606226205825806,0.8778097629547119
1789369550.522596121,90,3.0,-0.14946070011245371,1.5,5.0,0.0,1.5,0.8,0.6,1.2,424,4.545958995819092,4.696145534515381,-0.3675743639469147,0.37926071882247925,1.3584649562835693,2.185279607772827,4.621052265167236,0.005843177437782288,1.7718722820281982,0.15018653869628906,0.7468350827693939,0.8268146514892578,1,0,0,4.5336619239655604,4.663189492782699,-0.38863355053438514,0.3719890700481954,1.2811545133590698,2.1589642763137817,4.59842570837413,-0.008322240243094838,1.7200593948364258,0.12952756881713867,0.7606226205825806,0.8778097629547119
1789369550.632446051,91,3.0,-0.13312819463976422,1.5,5.0,0.0,1.5,0.8,0.6,1.2,432,4.546456813812256,4.687726974487305,-0.36450138688087463,0.38125643134117126,1.326087474822998,2.1796507835388184,4.61709189414978,0.008377522230148315,1.7528691291809082,0.14127016067504883,0.7457578182220459,0.8535633087158203,1,0,0,4.532380702516809,4.661908271333948,-0.390322554234407,0.3703000663481736,1.2971110343933105,2.1749207973480225,4.597144486925378,-0.010011243943116683,1.7360159158706665,0.12952756881713867,0.7606226205825806,0.8778097629547119
1789369550.722585201,92,3.0,-0.11970927614854898,1.5,5.0,0.0,1.5,0.8,0.6,1.2,416,4.556825160980225,4.6759443283081055,-0.36201146245002747,0.3829425573348999,1.3025965690612793,2.190108299255371,4.616384744644165,0.010465547442436218,1.7463524341583252,0.11911916732788086,0.7449540197849274,0.8875117301940918,1,0,0,4.532226293875638,4.661753862692777,-0.38811634035756326,0.3725062802250173,1.2931177616119385,2.1709275245666504,4.5969900782842075,-0.007805030066272968,1.7320226430892944,0.12952756881713867,0.7606226205825806,0.8778097629547119
1789369550.822608232,93,3.0,-0.104790286001478,1.5,5.0,0.0,1.5,0.8,0.6,1.2,500,4.554221153259277,4.685222148895264,-0.3592805862426758,0.38486674427986145,1.2898569107055664,2.19507098197937,4.6197216510772705,0.012793079018592834,1.7424639463424683,0.13100099563598633,0.7441473305225372,0.9052140712738037,1,0,0,4.532589166761656,4.6621167355787945,-0.39006404310173687,0.3705585774808437,1.2744495868682861,2.152259349822998,4.597352951170225,-0.00975273281044656,1.713354468345642,0.12952756881713867,0.7606226205825806,0.8778097629547119
1789369550.922689199,94,3.0,-0.08984591078477144,1.5,5.0,0.0,1.5,0.8,0.6,1.2,437,4.554666519165039,4.685478210449219,-0.356585830450058,0.38684555888175964,1.295229434967041,2.1879260540008545,4.620072364807129,0.01512986421585083,1.7415777444839478,0.1308116912841797,0.7434313893318176,0.8926966190338135,1,0,0,4.532420709267559,4.661948278084697,-0.379443662512922,0.38117895806965857,1.265904188156128,2.14371395111084,4.597184493676128,0.0008676477783682961,1.7048090696334839,0.12952756881713867,0.7606226205825806,0.8778097629547119
1789369551.022615910,95,3.0,-0.07490382431213916,1.5,5.0,0.0,1.5,0.8,0.6,1.2,370,4.551671028137207,4.685842037200928,-0.35389018058776855,0.3924262523651123,1.3537653684616089,2.186905860900879,4.618756532669067,0.019268035888671875,1.770335614681244,0.1341710090637207,0.7463164329528809,0.83314049243927,1,0,0,4.533592477586356,4.6631200464034945,-0.36793354042516335,0.3926890801574172,1.2727373838424683,2.15054714679718,4.598356261994925,0.01237776986612692,1.7116422653198242,0.12952756881713867,0.7606226205825806,0.8778097629547119
1789369551.122713089,96,3.0,-0.05991934755525319,1.5,5.0,0.0,1.5,0.8,0.6,1.2,432,4.553356647491455,4.67885160446167,-0.3792988061904907,0.39089417457580566,1.3805447816848755,2.1859309673309326,4.6161041259765625,0.005797684192657471,1.783237874507904,0.12549495697021484,0.7701929807662964,0.8053861856460571,1,0,0,4.535616887820888,4.665144456638027,-0.3648136293832246,0.395808991199356,1.2547528743743896,2.1325626373291016,4.600380672229457,0.015497680908065697,1.6936577558517456,0.12952756881713867,0.7606226205825806,0.8778097629547119
1789369551.232387066,97,3.0,-0.043470683755825745,1.5,5.0,0.0,1.5,0.8,0.6,1.2,403,4.555224418640137,4.686946868896484,-0.37647002935409546,0.39331233501434326,1.3574059009552002,2.1900136470794678,4.6210856437683105,0.008421152830123901,1.773709774017334,0.13172245025634766,0.7697823643684387,0.8326077461242676,1,0,0,4.536532717025315,4.666060285842454,-0.3574288934786977,0.40319372710388285,1.2679381370544434,2.1457479000091553,4.601296501433884,0.02288241681259256,1.7068430185317993,0.12952756881713867,0.7606226205825806,0.8778097629547119
1789369551.332505703,98,3.0,-0.02846529793107777,1.5,5.0,0.0,1.5,0.8,0.6,1.2,453,4.55764102935791,4.6833600997924805,-0.373936265707016,0.3954438865184784,1.3227466344833374,2.184044122695923,4.620500564575195,0.010753810405731201,1.7533953785896301,0.1257190704345703,0.7693801522254944,0.8612974882125854,1,0,0,4.536652530420351,4.66618009923749,-0.3614603901037585,0.39916223047882204,1.3030158281326294,2.1808255910873413,4.601416314828921,0.018850920187531768,1.7419207096099854,0.12952756881713867,0.7606226205825806,0.8778097629547119
1789369551.422708511,99,3.0,-0.014952462289501978,1.5,5.0,0.0,1.5,0.8,0.6,1.2,468,4.55648136138916,4.682403564453125,-0.37169402837753296,0.3975294828414917,1.300976276397705,2.1879334449768066,4.619442462921143,0.01291772723197937,1.7444548606872559,0.12592220306396484,0.7692235112190247,0.8869571685791016,1,0,0,4.536490866952761,4.6660184357698995,-0.36390687912054837,0.3967157414620322,1.2708978652954102,2.148707628250122,4.60125465136133,0.01640443117074194,1.7098027467727661,0.12952756881713867,0.7606226205825806,0.8778097629547119
1789369551.522509336,100,3.0,2.6714849997055978e-05,1.5,5.0,0.0,1.5,0.8,0.6,1.2,446,4.5569167137146,4.684767246246338,-0.3691960871219635,0.3717128336429596,1.2953726053237915,2.185314655303955,4.620841979980469,0.0012583732604980469,1.7403436303138733,0.12785053253173828,0.7409089207649231,0.8899420499801636,1,0,0,4.536274504354927,4.665802073172066,-0.37464483477454485,0.3859777858080357,1.2502728700637817,2.1280826330184937,4.601038288763497,0.005666475516745442,1.6891777515411377,0.12952756881713867,0.7606226205825806,0.8778097629547119
1789369551.632426739,101,3.0,0.01651712654457893,1.5,5.0,0.0,1.5,0.8,0.6,1.2,431,4.5568695068359375,4.675929069519043,-0.36661821603775024,0.3743383586406708,1.3273897171020508,2.186354398727417,4.61639928817749,0.003860071301460266,1.7568720579147339,0.11905956268310547,0.740956574678421,0.8589646816253662,1,0,0,4.535876831192254,4.665404400009392,-0.379599903180221,0.38102271740235955,1.273346185684204,2.151155948638916,4.600640615600823,0.0007114071110692346,1.71225106716156,0.12952756881713867,0.7606226205825806,0.8778097629547119
1789369551.732435703,102,3.0,0.03151446417042281,1.5,5.0,0.0,1.5,0.8,0.6,1.2,437,4.555400371551514,4.679983615875244,-0.3642731010913849,0.3767252266407013,1.3507881164550781,2.1873507499694824,4.617691993713379,0.006226062774658203,1.7690694332122803,0.12458324432373047,0.7409983277320862,0.8365626335144043,1,0,0,4.535502494936403,4.665030063753542,-0.38228995440118163,0.37833266618139894,1.2572569847106934,2.1350667476654053,4.6002662793449725,-0.0019786441098913667,1.6961618661880493,0.12952756881713867,0.7606226205825806,0.8778097629547119
1789369551.822721720,103,3.0,0.04503637277417072,1.5,5.0,0.0,1.5,0.8,0.6,1.2,413,4.554769039154053,4.679621696472168,-0.3621997833251953,0.3788667619228363,1.383398413658142,2.188291311264038,4.61719536781311,0.008333489298820496,1.78584486246109,0.12485265731811523,0.7410665452480316,0.804892897605896,1,0,0,4.5348455014455515,4.66437307026269,-0.37929726865807994,0.3813253519245006,1.277074933052063,2.154884696006775,4.599609285854121,0.001014041633210335,1.715979814529419,0.12952756881713867,0.7606226205825806,0.8778097629547119
1789369551.922740698,104,3.0,0.06002200113156353,1.5,5.0,0.0,1.5,0.8,0.6,1.2,379,4.554603099822998,4.681770324707031,-0.3598844110965729,0.381391316652298,1.3530335426330566,2.1893794536590576,4.618186712265015,0.010753452777862549,1.7712064981460571,0.1271672248840332,0.7412757277488708,0.836345911026001,1,0,0,4.5352276212802325,4.664755190097371,-0.378375595937928,0.38224702464465254,1.2839449644088745,2.1617547273635864,4.599991405688802,0.0019357143533622828,1.7228498458862305,0.12952756881713867,0.7606226205825806,0.8778097629547119
1789369552.022749186,105,3.0,0.0749918305340882,1.5,5.0,0.0,1.5,0.8,0.6,1.2,401,4.55372953414917,4.665328025817871,-0.3577482998371124,0.3839079439640045,1.3271102905273438,2.1905136108398438,4.6095287799835205,0.013079822063446045,1.7588119506835938,0.11159849166870117,0.7416562438011169,0.8634033203125,1,0,0,4.5351037884658485,4.664631357282987,-0.3750905919658913,0.3855320286166893,1.312311053276062,2.190120816230774,4.599867572874418,0.005220718325398983,1.751215934753418,0.12952756881713867,0.7606226205825806,0.8778097629547119
1789369552.122581720,106,3.0,0.08992284476916379,1.5,5.0,0.0,1.5,0.8,0.6,1.2,486,4.553346633911133,4.68110466003418,-0.35560324788093567,0.38646313548088074,1.2966731786727905,2.191692590713501,4.617225646972656,0.015429943799972534,1.7441828846931458,0.12775802612304688,0.7420663833618164,0.8950194120407104,1,0,0,4.535026422581911,4.66455399139905,-0.377817141266324,0.3828054793162566,1.299979329109192,2.177789092063904,4.59979020699048,0.002494169024966319,1.7388842105865479,0.12952756881713867,0.7606226205825806,0.8778097629547119
1789369552.222675562,107,3.0,0.10487377436612544,1.5,5.0,0.0,1.5,0.8,0.6,1.2,459,4.55279541015625,4.683962821960449,-0.38133135437965393,0.38906538486480713,1.295183539390564,2.1856143474578857,4.61837911605835,0.003867015242576599,1.7403989434242249,0.13116741180419922,0.7703967392444611,0.8904308080673218,1,0,0,4.535020207530112,4.66454777634725,-0.37678671301082595,0.3838359075717546,1.2592785358428955,2.1370882987976074,4.599783991938681,0.00352459728046434,1.6981834173202515,0.12952756881713867,0.7606226205825806,0.8778097629547119
1789369552.332387686,108,3.0,0.12125121796695426,1.5,5.0,0.0,1.5,0.8,0.6,1.2,460,4.5523247718811035,4.675919532775879,-0.37908756732940674,0.3919655680656433,1.3048795461654663,2.1866636276245117,4.614122152328491,0.006439000368118286,1.745771586894989,0.12359476089477539,0.77105313539505,0.8817840814590454,1,0,0,4.534705611447112,4.664233180264251,-0.3739927299844519,0.3866298905981287,1.2657948732376099,2.1436046361923218,4.599469395855682,0.0063185803068384165,1.7046997547149658,0.12952756881713867,0.7606226205825806,0.8778097629547119
1789369552.422493219,109,3.0,0.13466006153979326,1.5,5.0,0.0,1.5,0.8,0.6,1.2,385,4.557398796081543,4.68111515045166,-0.3772188723087311,0.39437776803970337,1.3303627967834473,2.187566041946411,4.619256973266602,0.008579447865486145,1.7589644193649292,0.12371635437011719,0.7715966403484344,0.8572032451629639,1,0,0,4.534993736400388,4.6645213052175265,-0.3707668708663816,0.38985574971619896,1.2557224035263062,2.133532166481018,4.599757520808957,0.009544439424908707,1.694627285003662,0.12952756881713867,0.7606226205825806,0.8778097629547119
1789369552.532449484,110,3.0,0.15100587443354563,1.5,5.0,0.0,1.5,0.8,0.6,1.2,361,4.556135177612305,4.684075832366943,-0.37516891956329346,0.3973632752895355,1.3831108808517456,2.1887190341949463,4.620105504989624,0.011097177863121033,1.785914957523346,0.12794065475463867,0.772532194852829,0.8056081533432007,1,0,0,4.534580399335211,4.66410796815235,-0.3650804232406911,0.39554219734188945,1.2608400583267212,2.138649821281433,4.5993441837437805,0.015230887050599178,1.6997449398040771,0.12952756881713867,0.7606226205825806,0.8778097629547119
1789369552.632471323,111,3.0,0.1658379627859694,1.5,5.0,0.0,1.5,0.8,0.6,1.2,417,4.551177978515625,4.682563304901123,-0.3740026652812958,0.3718823194503784,1.3472665548324585,2.189814567565918,4.616870641708374,-0.0010601729154586792,1.7685405611991882,0.13138532638549805,0.7458849847316742,0.8425480127334595,1,0,0,4.535922670146755,4.665450238963894,-0.36368887207258227,0.3969337485099983,1.2589080333709717,2.1367177963256836,4.6006864545553245,0.01662243821870802,1.6978129148483276,0.12952756881713867,0.7606226205825806,0.8778097629547119
1789369552.722617149,112,3.0,0.17917333436392102,1.5,5.0,0.0,1.5,0.8,0.6,1.2,417,4.558567047119141,4.689291954040527,-0.371646523475647,0.3744133710861206,1.322427749633789,2.1908392906188965,4.623929500579834,0.0013834238052368164,1.7566335201263428,0.13072490692138672,0.7460598945617676,0.8684115409851074,1,0,0,4.537648727104052,4.667176295921191,-0.3563714974479525,0.4042511231346281,1.2869479656219482,2.16475772857666,4.602412511512622,0.023939812843337793,1.7258528470993042,0.12952756881713867,0.7606226205825806,0.8778097629547119
1789369552.822616100,113,3.0,0.19393837409117443,1.5,5.0,0.0,1.5,0.8,0.6,1.2,436,4.550699234008789,4.682960510253906,-0.3698742985725403,0.3772161900997162,1.2934675216674805,2.1920175552368164,4.616829872131348,0.0036709457635879517,1.7427425384521484,0.1322612762451172,0.7470904886722565,0.8985500335693359,1,0,0,4.5384355722237215,4.66796314104086,-0.364486276072202,0.39613634451037855,1.2909971475601196,2.1688069105148315,4.603199356632291,0.015825034219088267,1.7299020290374756,0.12952756881713867,0.7606226205825806,0.8778097629547119
1789369552.922606707,114,3.0,0.20866521457499143,1.5,5.0,0.0,1.5,0.8,0.6,1.2,462,4.552775859832764,4.685659885406494,-0.36815690994262695,0.38004758954048157,1.292685866355896,2.1932389736175537,4.619217872619629,0.005945339798927307,1.7429624199867249,0.13288402557373047,0.7482044994831085,0.9005531072616577,1,0,0,4.539418919532939,4.668946488350078,-0.3782265941103749,0.38239602647220566,1.2760355472564697,2.1538453102111816,4.604182703941508,0.0020847161809153733,1.7149404287338257,0.12952756881713867,0.7606226205825806,0.8778097629547119
1789369553.032435417,115,3.0,0.22479662590429328,1.5,5.0,0.0,1.5,0.8,0.6,1.2,443,4.556836128234863,4.6756134033203125,-0.3663337230682373,0.38318905234336853,1.3010356426239014,2.181323766708374,4.616224765777588,0.008427664637565613,1.7411797046661377,0.11877727508544922,0.7495227754116058,0.8802881240844727,1,0,0,4.539473657875042,4.66900122669218,-0.3776297773479649,0.3829928432346157,1.265906810760498,2.14371657371521,4.604237442283611,0.0026815329433254034,1.704811692237854,0.12952756881713867,0.7606226205825806,0.8778097629547119
1789369553.132447958,116,3.0,0.23943281731834598,1.5,5.0,0.0,1.5,0.8,0.6,1.2,402,4.558939456939697,4.67691707611084,-0.3646395802497864,0.3860740661621094,1.3232803344726562,2.187896966934204,4.6179282665252686,0.010717242956161499,1.7555886507034302,0.11797761917114258,0.7507136464118958,0.8646166324615479,1,0,0,4.539108843154052,4.668636411971191,-0.38023599873525765,0.3803866218473229,1.248876690864563,2.126686453819275,4.603872627562621,7.531155603262901e-05,1.687781572341919,0.12952756881713867,0.7606226205825806,0.8778097629547119
1789369553.232415676,117,3.0,0.25401635596734695,1.5,5.0,0.0,1.5,0.8,0.6,1.2,398,4.550891876220703,4.678562641143799,-0.3631855845451355,0.3889809846878052,1.3581644296646118,2.1889374256134033,4.614727258682251,0.012897700071334839,1.7735509276390076,0.1276707649230957,0.7521665692329407,0.8307729959487915,1,0,0,4.538434950002033,4.667962518819172,-0.3713782668023116,0.38924435378026895,1.2750617265701294,2.1528714895248413,4.6031987344106025,0.008933043488978658,1.7139666080474854,0.12952756881713867,0.7606226205825806,0.8778097629547119
1789369553.332456112,118,3.0,0.2685612374657025,1.5,5.0,0.0,1.5,0.8,0.6,1.2,382,4.559545993804932,4.671550750732422,-0.3616929352283478,0.3919109106063843,1.345964789390564,2.1900203227996826,4.615548372268677,0.01510898768901825,1.7679925560951233,0.11200475692749023,0.7536038458347321,0.8440555334091187,1,0,0,4.536990861787969,4.666518430605108,-0.3638394322324815,0.39678318835009907,1.2602448463439941,2.138054609298706,4.601754646196539,0.016471878058808783,1.69914972782135,0.12952756881713867,0.7606226205825806,0.8778097629547119
1789369553.432433367,119,3.0,0.2830337539432808,1.5,5.0,0.0,1.5,0.8,0.6,1.2,430,4.557168960571289,4.678561687469482,-0.36025696992874146,0.3948388695716858,1.3216233253479004,2.18430495262146,4.617865324020386,0.017290949821472168,1.7529641389846802,0.12139272689819336,0.7550958395004272,0.8626816272735596,1,0,0,4.535342891078554,4.664870459895693,-0.3597559005793568,0.40086672000322376,1.2942103147506714,2.1720200777053833,4.600106675487123,0.020555409711933464,1.7331151962280273,0.12952756881713867,0.7606226205825806,0.8778097629547119
1789369553.532440662,120,3.0,0.29745836700843453,1.5,5.0,0.0,1.5,0.8,0.6,1.2,408,4.5495991706848145,4.681865692138672,-0.3588746190071106,0.39781954884529114,1.289565920829773,2.1834216117858887,4.615732431411743,0.01947246491909027,1.7364937663078308,0.13226652145385742,0.7566941678524017,0.8938556909561157,1,0,0,4.535075435436166,4.664603004253305,-0.3590619737649124,0.4015606468176682,1.2941358089447021,2.171945571899414,4.5998392198447355,0.021249336526377904,1.733040690422058,0.12952756881713867,0.7606226205825806,0.8778097629547119
1789369553.632339954,121,3.0,0.31181214302074944,1.5,5.0,0.0,1.5,0.8,0.6,1.2,434,4.549195289611816,4.674806118011475,-0.3575460910797119,0.3724603056907654,1.2889713048934937,2.1935067176818848,4.6120007038116455,0.007457107305526733,1.7412390112876892,0.1256108283996582,0.7300063967704773,0.9045354127883911,1,0,0,4.535807113075263,4.665334681892402,-0.35711270316629046,0.4035099174162901,1.268789291381836,2.146599054336548,4.600570897483832,0.02319860712499983,1.707694172859192,0.12952756881713867,0.7606226205825806,0.8778097629547119
1789369553.732467651,122,3.0,0.32612355254562164,1.5,5.0,0.0,1.5,0.8,0.6,1.2,405,4.548803329467773,4.688422203063965,-0.3562701940536499,0.37544214725494385,1.3211921453475952,2.194746732711792,4.618612766265869,0.009585976600646973,1.7579694390296936,0.1396188735961914,0.7317123413085938,0.8735545873641968,1,0,0,4.536917607335128,4.6664451761522665,-0.35839998602916234,0.4022226345534182,1.2646404504776,2.142450213432312,4.601681391743697,0.02191132426212795,1.703545331954956,0.12952756881713867,0.7606226205825806,0.8778097629547119
1789369553.822688580,123,3.0,0.33895944124613053,1.5,5.0,0.0,1.5,0.8,0.6,1.2,412,4.548460483551025,4.682844161987305,-0.3551652729511261,0.37812089920043945,1.3247898817062378,2.18845796585083,4.615652322769165,0.011477813124656677,1.756623923778534,0.1343836784362793,0.7332861721515656,0.8636680841445923,1,0,0,4.5373141184857975,4.666841687302936,-0.35955718823104693,0.40106543235153364,1.2776297330856323,2.1554394960403442,4.602077902894367,0.020754122060243376,1.7165346145629883,0.12952756881713867,0.7606226205825806,0.8778097629547119
1789369553.922715187,124,3.0,0.3531335794613846,1.5,5.0,0.0,1.5,0.8,0.6,1.2,373,4.557952404022217,4.680874824523926,-0.353989839553833,0.3811298608779907,1.3870090246200562,2.1902501583099365,4.619413614273071,0.013570010662078857,1.7886295914649963,0.12292242050170898,0.7351197004318237,0.8032411336898804,1,0,0,4.53767185846814,4.667199427285278,-0.3631643722674082,0.39745824831517235,1.2602325677871704,2.1380423307418823,4.602435642876709,0.017146938023882084,1.6991374492645264,0.12952756881713867,0.7606226205825806,0.8778097629547119
1789369554.022735357,125,3.0,0.3672362487524521,1.5,5.0,0.0,1.5,0.8,0.6,1.2,381,4.558255672454834,4.68418025970459,-0.35286566615104675,0.38413766026496887,1.3760690689086914,2.1920692920684814,4.621217966079712,0.01563599705696106,1.7840691804885864,0.12592458724975586,0.7370033264160156,0.81600022315979,1,0,0,4.538867557968048,4.668395126785187,-0.3633447527471779,0.39727786783540264,1.2827523946762085,2.1605621576309204,4.603631342376618,0.016966557544112332,1.7216572761535645,0.12952756881713867,0.7606226205825806,0.8778097629547119
1789369554.132443190,126,3.0,0.38262829119525876,1.5,5.0,0.0,1.5,0.8,0.6,1.2,397,4.5461931228637695,4.684262752532959,-0.3516906797885895,0.38743817806243896,1.3199453353881836,2.191110610961914,4.615227937698364,0.017873749136924744,1.7555279731750488,0.13806962966918945,0.7391288578510284,0.8711652755737305,1,0,0,4.538493029895991,4.66802059871313,-0.36712748392181177,0.3934951366607688,1.3109948635101318,2.1888046264648438,4.603256814304561,0.013183826369478527,1.7498997449874878,0.12952756881713867,0.7606226205825806,0.8778097629547119
1789369554.232549906,127,3.0,0.3965755901908292,1.5,5.0,0.0,1.5,0.8,0.6,1.2,421,4.549707412719727,5.393652439117432,-0.35055866837501526,0.39052829146385193,1.2814899682998657,2.1851046085357666,4.971679925918579,0.019984811544418335,1.7332972884178162,0.8439450263977051,0.7410869598388672,0.9036146402359009,1,0,0,4.538817492655761,4.6683450614729,-0.35973484069474854,0.40088777988783203,1.306132435798645,2.183942198753357,4.603581277064331,0.020576469596541754,1.745037317276001,0.12952756881713867,0.7606226205825806,0.8778097629547119
1789369554.332430840,128,3.0,0.41042273746627633,1.5,5.0,0.0,1.5,0.8,0.6,1.2,401,4.551809310913086,5.395503044128418,-0.349704384803772,0.39378198981285095,1.281086802482605,2.1782102584838867,4.973656177520752,0.02203880250453949,1.7296485304832458,0.843693733215332,0.7434863746166229,0.8971234560012817,1,0,0,4.53892944830488,4.6684570171220185,-0.35493148733255425,0.4056911332500263,1.2665148973464966,2.1443246603012085,4.603693232713449,0.025379822958736056,1.7054197788238525,0.12952756881713867,0.7606226205825806,0.8778097629547119
1789369554.432341099,129,3.0,0.4241877645639769,1.5,5.0,0.0,1.5,0.8,0.6,1.2,441,4.55389928817749,5.3254804611206055,-0.3487853705883026,0.39671751856803894,1.2958310842514038,2.1945760250091553,4.939689874649048,0.023966073989868164,1.7452035546302795,0.7715811729431152,0.7455028891563416,0.8987449407577515,1,0,0,4.538627202205348,4.668154771022487,-0.354560695029528,0.4060619255530526,1.2523279190063477,2.1301376819610596,4.603390986613918,0.025750615261762328,1.6912328004837036,0.12952756881713867,0.7606226205825806,0.8778097629547119
1789369554.532476664,130,3.0,0.43788510240600953,1.5,5.0,0.0,1.5,0.8,0.6,1.2,372,4.546017646789551,5.327875137329102,-0.3479119837284088,0.3978607654571533,1.3181906938552856,2.188323736190796,4.936946392059326,0.024974390864372253,1.7532572150230408,0.7818574905395508,0.7457727491855621,0.8701330423355103,1,0,0,4.538285418205768,4.667812987022907,-0.3470680630644091,0.41355455751817144,1.2713332176208496,2.1491429805755615,4.603049202614337,0.033243247226881156,1.7102380990982056,0.12952756881713867,0.7606226205825806,0.8778097629547119
1789369554.632439852,131,3.0,0.4514768297152525,1.5,5.0,0.0,1.5,0.8,0.6,1.2,390,4.557157516479492,5.362799167633057,-0.3745238482952118,0.4004214406013489,1.3857579231262207,2.1905975341796875,4.959978342056274,0.012948796153068542,1.788177728652954,0.8056416511535645,0.7749452888965607,0.8048396110534668,1,0,0,4.538367367372713,4.667894936189851,-0.34250164977724246,0.4181209708053381,1.258254885673523,2.136064648628235,4.603131151781282,0.037809660514047806,1.697159767150879,0.12952756881713867,0.7606226205825806,0.8778097629547119
1789369554.722698927,132,3.0,0.4636577690398571,1.5,5.0,0.0,1.5,0.8,0.6,1.2,375,4.533147811889648,5.3664445877075195,-0.37381309270858765,0.3991192579269409,1.374419093132019,2.1916041374206543,4.949796199798584,0.012653082609176636,1.7830116152763367,0.8332967758178711,0.7729323506355286,0.8171850442886353,1,0,0,4.540087168321361,4.6696147371385,-0.33481460081870373,0.42580801976387683,1.246463656425476,2.124273419380188,4.60485095272993,0.04549670947258655,1.685368537902832,0.12952756881713867,0.7606226205825806,0.8778097629547119
1789369554.822706699,133,3.0,0.47707375047723666,1.5,5.0,0.0,1.5,0.8,0.6,1.2,368,4.545113563537598,5.368699073791504,-0.37319645285606384,0.3963824212551117,1.3441530466079712,2.193358898162842,4.956906318664551,0.011592984199523926,1.7687559723854065,0.8235855102539062,0.7695788741111755,0.8492058515548706,1,0,0,4.487134410382367,4.724845839978315,-0.3486008375565063,0.427154865892743,1.3462883234024048,2.1511279344558716,4.605990125180341,0.039277014168118345,1.7487081289291382,0.23771142959594727,0.7757557034492493,0.8048396110534668
1789369554.922505140,134,3.0,0.49037148092553573,1.5,5.0,0.0,1.5,0.8,0.6,1.2,430,4.541630268096924,5.370000839233398,-0.3724963963031769,0.3975274860858917,1.292809009552002,2.1917290687561035,4.955815553665161,0.012515544891357422,1.7422690391540527,0.8283705711364746,0.7700238823890686,0.8989200592041016,1,0,0,4.488336604495103,4.7260480340910505,-0.3610717700628199,0.4146839333864294,1.3399043083190918,2.1447439193725586,4.607192319293077,0.026806081661804777,1.7423241138458252,0.23771142959594727,0.7757557034492493,0.8048396110534668
1789369555.032415152,135,3.0,0.5048928040682705,1.5,5.0,0.0,1.5,0.8,0.6,1.2,417,4.53157901763916,5.192681312561035,-0.3717747628688812,0.3985118269920349,1.2817655801773071,2.192922353744507,4.862130165100098,0.013368532061576843,1.737343966960907,0.661102294921875,0.7702865898609161,0.9111567735671997,1,0,0,4.5372654664976,4.671080278204143,-0.3589368040193897,0.3952346866498608,1.3027873635292053,2.14795058965683,4.604172872350872,0.01814894131523554,1.7253689765930176,0.13381481170654297,0.7541714906692505,0.8451632261276245
1789369555.132337809,136,3.0,0.5179849768637341,1.5,5.0,0.0,1.5,0.8,0.6,1.2,468,4.5382466316223145,5.3700947761535645,-0.3711623251438141,0.3994416296482086,1.2083508968353271,2.1912591457366943,4.9541707038879395,0.014139652252197266,1.6998050212860107,0.83184814453125,0.7706039547920227,0.9829082489013672,1,0,0,4.534499124178342,4.668313935884885,-0.35996260471704355,0.39420888595220693,1.2841987013816833,2.129361927509308,4.601406530031613,0.017123140617581703,1.7067803144454956,0.13381481170654297,0.7541714906692505,0.8451632261276245
1789369555.232447386,137,3.0,0.5309846233204909,1.5,5.0,0.0,1.5,0.8,0.6,1.2,404,4.537891864776611,5.375911712646484,-0.370451956987381,0.4005770981311798,1.2496708631515503,2.1917061805725098,4.956901788711548,0.015062570571899414,1.72068852186203,0.838019847869873,0.7710290551185608,0.9420353174209595,1,0,0,4.532374859622502,4.666189671329045,-0.37036097736859425,0.38381051330065624,1.2699206471443176,2.115083873271942,4.5992822654757735,0.006724767966031016,1.6925022602081299,0.13381481170654297,0.7541714906692505,0.8451632261276245
1789369555.322698355,138,3.0,0.5426040163711812,1.5,5.0,0.0,1.5,0.8,0.6,1.2,378,4.537583827972412,5.377442836761475,-0.3701067566871643,0.40169471502304077,1.355352520942688,2.188915252685547,4.957513332366943,0.015793979167938232,1.7721338868141174,0.8398590087890625,0.7718014717102051,0.8335627317428589,1,0,0,4.532550761643392,4.666365573349935,-0.3669429163041205,0.38722857436513,1.2902876734733582,2.1354508996009827,4.599458167496664,0.010142829030504756,1.7128692865371704,0.13381481170654297,0.7541714906692505,0.8451632261276245
1789369555.422694445,139,3.0,0.5553788402769049,1.5,5.0,0.0,1.5,0.8,0.6,1.2,394,4.537250995635986,5.378418922424316,-0.36960819363594055,0.4028892517089844,1.37248957157135,2.190537214279175,4.957834959030151,0.01664052903652191,1.7815133929252625,0.8411679267883301,0.7724974453449249,0.8180476427078247,1,0,0,4.532741744618219,4.666556556324762,-0.3649996328536011,0.3891718578156494,1.2854124903678894,2.130575716495514,4.599649150471491,0.012086112481024137,1.7079941034317017,0.13381481170654297,0.7541714906692505,0.8451632261276245
1789369555.522651911,140,3.0,0.5680340957906278,1.5,5.0,0.0,1.5,0.8,0.6,1.2,418,4.543086051940918,5.380762577056885,-0.36914584040641785,0.4038134217262268,1.3048324584960938,2.1931214332580566,4.961924314498901,0.01733379065990448,1.7489769458770752,0.8376765251159668,0.7729592621326447,0.8882889747619629,1,0,0,4.533261590628127,4.66707640233467,-0.36399170854231,0.3901797821269405,1.2912545800209045,2.136417806148529,4.600168996481399,0.013094036792315224,1.7138361930847168,0.13381481170654297,0.7541714906692505,0.8451632261276245
1789369555.622651339,141,3.0,0.5805727494000894,1.5,5.0,0.0,1.5,0.8,0.6,1.2,444,4.536613941192627,5.410023212432861,-0.368574321269989,0.40472152829170227,1.2467615604400635,2.193821907043457,4.973318576812744,0.01807360351085663,1.7202917337417603,0.8734092712402344,0.7732958495616913,0.9470603466033936,1,0,0,4.532537313697262,4.666352125403805,-0.36119885387167305,0.39297263679757743,1.321951687335968,2.1671149134635925,4.599444719550534,0.015886891462952173,1.7445333003997803,0.13381481170654297,0.7541714906692505,0.8451632261276245
1789369555.732432842,142,3.0,0.5942060158272355,1.5,5.0,0.0,1.5,0.8,0.6,1.2,499,4.536280632019043,5.4101176261901855,-0.36814722418785095,0.4038842022418976,1.2465927600860596,2.1964869499206543,4.973199129104614,0.017868489027023315,1.721539855003357,0.8738369941711426,0.7720314264297485,0.9498941898345947,1,0,0,4.532692842299776,4.666507654006319,-0.3691637220831375,0.38500776858611296,1.303909718990326,2.1490729451179504,4.599600248153047,0.007922023251487723,1.7264913320541382,0.13381481170654297,0.7541714906692505,0.8451632261276245
1789369555.832430840,143,3.0,0.6064838142493487,1.5,5.0,0.0,1.5,0.8,0.6,1.2,404,4.537146091461182,5.410885334014893,-0.3677452802658081,0.4025648534297943,1.2487422227859497,2.188876152038574,4.974015712738037,0.017409786581993103,1.718809187412262,0.8737392425537109,0.7703101336956024,0.9401339292526245,1,0,0,4.501895668025071,4.69710231017595,-0.38003901769790366,0.3828687853607206,1.2474834322929382,2.1657095551490784,4.5994989891005105,0.0014148838314084642,1.7065964937210083,0.1952066421508789,0.7629078030586243,0.9182261228561401
1789369555.932457447,144,3.0,0.6186338022267304,1.5,5.0,0.0,1.5,0.8,0.6,1.2,432,4.549924373626709,5.410903453826904,-0.3676120340824127,0.40128961205482483,1.2462701797485352,2.197866201400757,4.980413913726807,0.016838788986206055,1.722068190574646,0.8609790802001953,0.7689016461372375,0.9515960216522217,1,0,0,4.457435807452315,4.743485650286788,-0.3703399944293305,0.3866023969662383,1.2571237087249756,2.17919921875,4.600460728869551,0.008131201268453899,1.7181614637374878,0.28604984283447266,0.7569423913955688,0.9220755100250244
1789369556.032498121,145,3.0,0.6306527872733678,1.5,5.0,0.0,1.5,0.8,0.6,1.2,418,4.542123794555664,5.411640167236328,-0.36731913685798645,0.40044525265693665,1.3536382913589478,2.195147752761841,4.976881980895996,0.016563057899475098,1.7743930220603943,0.8695163726806641,0.7677643895149231,0.8415094614028931,1,0,0,4.457104514065412,4.743154356899884,-0.36754862749118533,0.3893937639043835,1.2329126596450806,2.154988169670105,4.600129435482648,0.01092256820659908,1.6939504146575928,0.28604984283447266,0.7569423913955688,0.9220755100250244
1789369556.132426262,146,3.0,0.6425284851585098,1.5,5.0,0.0,1.5,0.8,0.6,1.2,388,4.541971683502197,5.411992073059082,-0.36705660820007324,0.40121352672576904,1.330807089805603,2.190495729446411,4.97698187828064,0.0170784592628479,1.760651409626007,0.8700203895568848,0.7682701349258423,0.8596886396408081,1,0,1,4.457630724870854,4.743680567705327,-0.35805683673445304,0.3988855546611158,1.2517063617706299,2.1737818717956543,4.60065564628809,0.020414358963331356,1.712744116783142,0.28604984283447266,0.7569423913955688,0.9220755100250244
1789369556.222628832,147,3.0,0.6531189312848051,1.5,5.0,0.0,1.5,0.8,0.6,1.2,363,4.5442681312561035,5.412300109863281,-0.36668896675109863,0.4012109339237213,1.3370356559753418,2.1907565593719482,4.978284120559692,0.01726098358631134,1.763896107673645,0.8680319786071777,0.76789990067482,0.8537209033966064,1,0,0,4.459882638146086,4.745932480980558,-0.3522528275235409,0.4046895638720279,1.2788732051849365,2.200948715209961,4.602907559563322,0.026218368174243487,1.7399109601974487,0.28604984283447266,0.7569423913955688,0.9220755100250244
1789369556.322654009,148,3.0,0.6647371866733252,1.5,5.0,0.0,1.5,0.8,0.6,1.2,422,4.534799098968506,5.412627220153809,-0.3666347563266754,0.40126946568489075,1.245592713356018,2.191744089126587,4.973713159561157,0.017317354679107666,1.7186684012413025,0.8778281211853027,0.7679042220115662,0.9461513757705688,1,0,1,4.3666032011719995,4.842878645202761,-0.3550703412507778,0.415640007832169,1.3424333930015564,2.1495092511177063,4.60474092318738,0.0302848332906956,1.7459713220596313,0.4762754440307617,0.7707103490829468,0.8070758581161499
1789369556.422697306,149,3.0,0.6762098880355654,1.5,5.0,0.0,1.5,0.8,0.6,1.2,429,4.543310642242432,5.41294002532959,-0.3664524257183075,0.4014774560928345,1.2741072177886963,2.193244457244873,4.978125333786011,0.01751251518726349,1.7336758375167847,0.8696293830871582,0.767929881811142,0.9191372394561768,1,0,0,4.462411123969719,4.743606287696526,-0.35332074108698,0.4093319540920056,1.2929432392120361,2.1466641426086426,4.603008705833123,0.02800560650251282,1.7198036909103394,0.28119516372680664,0.7626526951789856,0.8537209033966064
1789369556.532533169,150,3.0,0.6886448736457627,1.5,5.0,0.0,1.5,0.8,0.6,1.2,469,4.533803462982178,5.448173999786377,-0.3662799000740051,0.40353575348854065,1.2014672756195068,2.1936631202697754,4.990988731384277,0.01862792670726776,1.6975651979446411,0.9143705368041992,0.7698156535625458,0.9921958446502686,1,0,0,4.461936683471588,4.743131847198395,-0.3661221380819136,0.396530557097072,1.2677524089813232,2.1214733123779297,4.602534265334992,0.015204209507579218,1.6946128606796265,0.28119516372680664,0.7626526951789856,0.8537209033966064
1789369556.632479191,151,3.0,0.6998004842947627,1.5,5.0,0.0,1.5,0.8,0.6,1.2,426,4.5477213859558105,5.44978666305542,-0.36614805459976196,0.40429434180259705,1.2096896171569824,2.195446491241455,4.998754024505615,0.01907314360141754,1.7025680541992188,0.9020652770996094,0.770442396402359,0.9857568740844727,1,0,0,4.375815605391918,4.82956383155769,-0.36120538159203225,0.3894913371007473,1.238271951675415,2.157409191131592,4.602689718474804,0.01414297775435753,1.6978405714035034,0.4537482261657715,0.7506967186927795,0.9191372394561768
1789369556.732478619,152,3.0,0.7108068721651877,1.5,5.0,0.0,1.5,0.8,0.6,1.2,383,4.532860279083252,5.451370716094971,-0.36603862047195435,0.40186747908592224,1.3207311630249023,2.1972334384918213,4.992115497589111,0.017914429306983948,1.7589823007583618,0.9185104370117188,0.7679060995578766,0.876502275466919,1,0,0,4.3756539920674,4.829402218233171,-0.3613439231132411,0.38935279557953845,1.2438653707504272,2.163002610206604,4.602528105150285,0.014004436233148667,1.7034339904785156,0.4537482261657715,0.7506967186927795,0.9191372394561768
1789369556.832414389,153,3.0,0.7216509809305767,1.5,5.0,0.0,1.5,0.8,0.6,1.2,382,4.5323920249938965,5.4529242515563965,-0.3659514784812927,0.40269196033477783,1.3257815837860107,2.186319589614868,4.9926581382751465,0.018370240926742554,1.7560505867004395,0.9205322265625,0.7686434388160706,0.8605380058288574,1,0,1,4.3737464790244,4.827494705190172,-0.36590366011541336,0.3847930585773662,1.2353639602661133,2.15450119972229,4.600620592107286,0.009444699230976409,1.6949325799942017,0.4537482261657715,0.7506967186927795,0.9191372394561768
1789369556.922697783,154,3.0,0.7313005893925704,1.5,5.0,0.0,1.5,0.8,0.6,1.2,381,4.542694091796875,5.452705383300781,-0.3658900558948517,0.40078607201576233,1.3255356550216675,2.1952292919158936,4.997699737548828,0.017448008060455322,1.7603824734687805,0.9100112915039062,0.766676127910614,0.8696936368942261,1,0,1,4.372934672709905,4.826682898875677,-0.37189467139072424,0.3788020473020553,1.2658621072769165,2.1849993467330933,4.599808785792791,0.003453687955665555,1.7254307270050049,0.4537482261657715,0.7506967186927795,0.9191372394561768
1789369557.022741795,155,3.0,0.7418490428319842,1.5,5.0,0.0,1.5,0.8,0.6,1.2,414,4.535281181335449,5.454298496246338,-0.36583971977233887,0.400989294052124,1.281765103340149,2.19586181640625,4.9947898387908936,0.017574787139892578,1.7388134598731995,0.9190173149108887,0.7668290138244629,0.9140967130661011,1,0,0,4.372816906511389,4.82656513267716,-0.36327454143931126,0.3874221772534683,1.299875259399414,2.219012498855591,4.599691019594275,0.01207381790707852,1.7594438791275024,0.4537482261657715,0.7506967186927795,0.9191372394561768
1789369557.122689247,156,3.0,0.7522233612484437,1.5,5.0,0.0,1.5,0.8,0.6,1.2,389,4.552169322967529,5.454014301300049,-0.36580830812454224,0.40052399039268494,1.2752619981765747,2.196497678756714,5.003091812133789,0.01735784113407135,1.7358798384666443,0.9018449783325195,0.7663322985172272,0.9212356805801392,1,0,0,4.193385570536619,5.1017794303999,-0.34154404930135684,0.4283053702924542,1.280040204524994,2.14973384141922,4.64758250046826,0.04338066049554869,1.714887022972107,0.9083938598632812,0.769849419593811,0.8696936368942261
1789369557.222483873,157,3.0,0.7624194635059145,1.5,5.0,0.0,1.5,0.8,0.6,1.2,435,4.535078525543213,5.45417594909668,-0.36579403281211853,0.4000864326953888,1.2078769207000732,2.197136640548706,4.994627237319946,0.017146199941635132,1.7025067806243896,0.9190974235534668,0.7658804655075073,0.9892597198486328,1,0,0,4.460717146264698,4.8046397613159675,-0.3451881745967187,0.41577329839141,1.2500066757202148,2.1397628784179688,4.632678453790333,0.03529256189734562,1.6948847770690918,0.34392261505126953,0.7609614729881287,0.8897562026977539
1789369557.332490206,158,3.0,0.7734543726663925,1.5,5.0,0.0,1.5,0.8,0.6,1.2,375,4.539037704467773,5.457220077514648,-0.3657975494861603,0.39869940280914307,1.251309871673584,2.1978437900543213,4.998128890991211,0.016450926661491394,1.7245768308639526,0.918182373046875,0.7644969522953033,0.9465339183807373,1,0,0,4.210326551904459,5.109397291650553,-0.3312981484028645,0.4376620891001873,1.2394198775291443,2.152086317539215,4.659861921777506,0.0531819703486614,1.6957530975341797,0.8990707397460938,0.7689602375030518,0.9126664400100708
1789369557.432446718,159,3.0,0.7833001557132135,1.5,5.0,0.0,1.5,0.8,0.6,1.2,367,4.53491735458374,5.458701133728027,-0.3656408190727234,0.4001177251338959,1.3173829317092896,2.192800521850586,4.996809244155884,0.017238453030586243,1.7550917267799377,0.9237837791442871,0.7657585442066193,0.8754175901412964,1,0,0,4.193195940647243,5.092266680393337,-0.3339632667910204,0.43499697071203136,1.249801218509674,2.162467658519745,4.64273131052029,0.050516851960505454,1.7061344385147095,0.8990707397460938,0.7689602375030518,0.9126664400100708
1789369557.532463789,160,3.0,0.7929732853353759,1.5,5.0,0.0,1.5,0.8,0.6,1.2,378,4.5413665771484375,5.4558424949646,-0.3658491373062134,0.39953306317329407,1.332922339439392,2.1943469047546387,4.9986045360565186,0.016841962933540344,1.7636346220970154,0.9144759178161621,0.7653822004795074,0.8614245653152466,1,0,0,4.43130278741779,4.821934463138005,-0.3408480089485896,0.423891564053272,1.2760454416275024,2.170003056526184,4.626618625277898,0.0415217775523412,1.7230242490768433,0.39063167572021484,0.7647395730018616,0.8939576148986816
1789369557.632442713,161,3.0,0.8024621683261219,1.5,5.0,0.0,1.5,0.8,0.6,1.2,381,4.5358567237854,5.39054536819458,-0.365183025598526,0.39858296513557434,1.3298860788345337,2.1997783184051514,4.96320104598999,0.01669996976852417,1.7648321986198425,0.8546886444091797,0.7637659907341003,0.8698922395706177,1,0,0,4.191445123519377,5.114414941634611,-0.3238244628267968,0.4427201772374427,1.260890781879425,2.1363083720207214,4.652930032576994,0.05944785720532299,1.6985995769500732,0.9229698181152344,0.7665446400642395,0.8754175901412964
1789369557.732439041,162,3.0,0.8117700517094899,1.5,5.0,0.0,1.5,0.8,0.6,1.2,360,4.534766674041748,5.3909478187561035,-0.33858785033226013,0.3997490704059601,1.2909055948257446,2.181842565536499,4.962857246398926,0.030580610036849976,1.7363740801811218,0.8561811447143555,0.7383369207382202,0.8909369707107544,1,0,0,4.216747642073636,5.13971746018887,-0.3070704354122811,0.45947420465195843,1.282166302204132,2.1575838923454285,4.678232551131253,0.07620188461983866,1.7198750972747803,0.9229698181152344,0.7665446400642395,0.8754175901412964
1789369557.832422972,163,3.0,0.8208901860947435,1.5,5.0,0.0,1.5,0.8,0.6,1.2,438,4.533095359802246,5.452493190765381,-0.3386646509170532,0.39698001742362976,1.2661333084106445,2.1862266063690186,4.9927942752838135,0.02915768325328827,1.7261799573898315,0.9193978309631348,0.735644668340683,0.920093297958374,1,0,0,4.192022555375552,5.114992373490787,-0.3219344445905674,0.4446101954736721,1.2963986992835999,2.1718162894248962,4.6535074644331695,0.06133787544155232,1.734107494354248,0.9229698181152344,0.7665446400642395,0.8754175901412964
1789369557.932454109,164,3.0,0.8298246770552062,1.5,5.0,0.0,1.5,0.8,0.6,1.2,378,4.532761096954346,5.360421180725098,-0.3387516438961029,0.3966861963272095,1.2057852745056152,2.1873226165771484,4.946591138839722,0.028967276215553284,1.6965539455413818,0.827660083770752,0.7354378402233124,0.9815373420715332,1,0,0,4.216534966227751,5.139504784342986,-0.30484123284427556,0.46170340721996395,1.2550274729728699,2.1304450631141663,4.678019875285369,0.07843108718784422,1.692736268043518,0.9229698181152344,0.7665446400642395,0.8754175901412964
1789369558.022452116,165,3.0,0.8376998090423784,1.5,5.0,0.0,1.5,0.8,0.6,1.2,402,4.5476202964782715,5.355053901672363,-0.33883795142173767,0.4023545980453491,1.2474825382232666,2.188300848007202,4.951337099075317,0.031758323311805725,1.7178916931152344,0.8074336051940918,0.7411925494670868,0.9408183097839355,1,0,0,4.225074269418811,5.148044087534045,-0.3005228293059182,0.4660218107583213,1.2660154700279236,2.14143306016922,4.686559178476428,0.0827494907262015,1.7037242650985718,0.9229698181152344,0.7665446400642395,0.8754175901412964
1789369558.132509232,166,3.0,0.8471123206797642,1.5,5.0,0.0,1.5,0.8,0.6,1.2,380,4.53210973739624,5.454524993896484,-0.3389517068862915,0.3961593508720398,1.2936537265777588,2.1894848346710205,4.993317365646362,0.028603821992874146,1.7415692806243896,0.9224152565002441,0.7351110577583313,0.8958311080932617,1,0,0,4.2459948352955745,5.168964653410809,-0.2909714408491122,0.4755731992151273,1.2352609038352966,2.110678493976593,4.707479744353192,0.09230087918300757,1.6729696989059448,0.9229698181152344,0.7665446400642395,0.8754175901412964
1789369558.222701311,167,3.0,0.854644558067877,1.5,5.0,0.0,1.5,0.8,0.6,1.2,360,4.541662693023682,5.357224464416504,-0.33887070417404175,0.395741730928421,1.2899253368377686,2.189218759536743,4.949443578720093,0.028435513377189636,1.7395720481872559,0.8155617713928223,0.7346124351024628,0.8992934226989746,1,0,0,4.256166682040138,5.179136500155372,-0.28046872318715577,0.48607591687708374,1.2655460238456726,2.140963613986969,4.717651591097755,0.10280359684496396,1.7032548189163208,0.9229698181152344,0.7665446400642395,0.8754175901412964
1789369558.322678566,168,3.0,0.8628072396814179,1.5,5.0,0.0,1.5,0.8,0.6,1.2,349,4.5465922355651855,5.356385707855225,-0.33917036652565,0.3972696363925934,1.3271573781967163,2.1914939880371094,4.951488971710205,0.02904963493347168,1.7593256831169128,0.8097934722900391,0.7364400029182434,0.8643366098403931,1,0,0,4.261174372506399,5.184144190621633,-0.2729526218204589,0.49359201824378063,1.2700886130332947,2.145506203174591,4.722659281564016,0.11031969821166089,1.7077974081039429,0.9229698181152344,0.7665446400642395,0.8754175901412964
1789369558.422697067,169,3.0,0.8707696948688091,1.5,5.0,0.0,1.5,0.8,0.6,1.2,378,4.534257888793945,5.361057758331299,-0.3392943739891052,0.39910954236984253,1.2915661334991455,2.1941230297088623,4.947657823562622,0.029907584190368652,1.742844581604004,0.8267998695373535,0.7384039163589478,0.9025568962097168,1,0,0,4.253342716687345,5.176312534802579,-0.2783210324517348,0.4882236076125047,1.2866172194480896,2.162034809589386,4.714827625744962,0.10495128758038497,1.7243260145187378,0.9229698181152344,0.7665446400642395,0.8754175901412964
1789369558.532438993,170,3.0,0.8792736978742075,1.5,5.0,0.0,1.5,0.8,0.6,1.2,427,4.534632205963135,5.361137390136719,-0.3392508029937744,0.39958319067955017,1.2533085346221924,2.1936497688293457,4.947884798049927,0.03016619384288788,1.723479151725769,0.826505184173584,0.7388339936733246,0.9403412342071533,1,0,0,4.243992187139275,5.1669620052545095,-0.2819184958394587,0.4846261442247808,1.2829427123069763,2.1583603024482727,4.705477096196892,0.10135382419266101,1.7206515073776245,0.9229698181152344,0.7665446400642395,0.8754175901412964
1789369558.632327080,171,3.0,0.8867913086623282,1.5,5.0,0.0,1.5,0.8,0.6,1.2,415,4.533414363861084,5.359042167663574,-0.33956971764564514,0.3976476490497589,1.2039198875427246,2.1952638626098633,4.946228265762329,0.029038965702056885,1.699591875076294,0.8256278038024902,0.737217366695404,0.9913439750671387,1,0,0,4.237987690926961,5.160957509042196,-0.2935474388608085,0.47299720120343103,1.254336416721344,2.1297540068626404,4.699472599984579,0.08972488117131128,1.6920452117919922,0.9229698181152344,0.7665446400642395,0.8754175901412964
1789369558.722475290,172,3.0,0.8933871467360497,1.5,5.0,0.0,1.5,0.8,0.6,1.2,421,4.549482822418213,5.3593926429748535,-0.3396924138069153,0.40038925409317017,1.2056571245193481,2.196082592010498,4.954437732696533,0.03034842014312744,1.700869858264923,0.8099098205566406,0.7400816679000854,0.9904254674911499,1,0,0,4.241704431511911,5.164674249627145,-0.28959861007277266,0.47694602999146685,1.2625808119773865,2.137998402118683,4.703189340569528,0.09367370995934707,1.7002896070480347,0.9229698181152344,0.7665446400642395,0.8754175901412964
1789369558.822683334,173,3.0,0.9005124768997754,1.5,5.0,0.0,1.5,0.8,0.6,1.2,368,4.532678604125977,5.359763145446777,-0.33983078598976135,0.399504154920578,1.2870380878448486,2.1973652839660645,4.946220874786377,0.029836684465408325,1.7422016859054565,0.8270845413208008,0.7393349409103394,0.9103271961212158,1,0,0,4.245000091369274,5.167969909484508,-0.2875743077866222,0.4789703322776173,1.2567388415336609,2.1321564316749573,4.706485000426891,0.09569801224549758,1.694447636604309,0.9229698181152344,0.7665446400642395,0.8754175901412964
1789369558.922708750,174,3.0,0.9074100250329322,1.5,5.0,0.0,1.5,0.8,0.6,1.2,367,4.529797554016113,5.361269950866699,-0.33997225761413574,0.3999529778957367,1.3039659261703491,2.1967756748199463,4.945533752441406,0.029990360140800476,1.7503708004951477,0.8314723968505859,0.7399252355098724,0.8928097486495972,1,0,0,4.242232703517465,5.1652025216326996,-0.2888368075691288,0.47770783249511073,1.2641870379447937,2.13960462808609,4.703717612575082,0.09443551246299095,1.701895833015442,0.9229698181152344,0.7665446400642395,0.8754175901412964
1789369559.022704363,175,3.0,0.9140840279891902,1.5,5.0,0.0,1.5,0.8,0.6,1.2,377,4.534140586853027,5.360443115234375,-0.3401133418083191,0.40161481499671936,1.3245364427566528,2.197768449783325,4.947291851043701,0.030750736594200134,1.761152446269989,0.8263025283813477,0.7417281568050385,0.8732320070266724,1,0,0,4.248702531489568,5.171672349604802,-0.28387859852765374,0.48266604153658577,1.2548652291297913,2.1302828192710876,4.710187440547185,0.099393721504466,1.6925740242004395,0.9229698181152344,0.7665446400642395,0.8754175901412964
1789369559.132476330,176,3.0,0.9211541610174703,1.5,5.0,0.0,1.5,0.8,0.6,1.2,371,4.537081718444824,5.361259937286377,-0.34027060866355896,0.40272989869117737,1.288474440574646,2.1913304328918457,4.949170827865601,0.031229645013809204,1.7399024367332458,0.8241782188415527,0.7430005073547363,0.9028559923171997,1,0,0,4.253509684004809,5.176479502120044,-0.2789701958394531,0.4875744442247864,1.302836835384369,2.1782544255256653,4.714994593062427,0.10430212419266666,1.740545630455017,0.9229698181152344,0.7665446400642395,0.8754175901412964
1789369559.232397795,177,3.0,0.9273501181069126,1.5,5.0,0.0,1.5,0.8,0.6,1.2,403,4.529016017913818,5.356863498687744,-0.3404129147529602,0.4025834798812866,1.2637420892715454,2.191201686859131,4.942939758300781,0.031085282564163208,1.7274718880653381,0.8278474807739258,0.7429963946342468,0.9274595975875854,1,0,0,4.258666970776522,5.1816367888917565,-0.274870078268632,0.4916745617956075,1.302475392818451,2.1778929829597473,4.720151879834139,0.10840224176348773,1.7401841878890991,0.9229698181152344,0.7665446400642395,0.8754175901412964
1789369559.332485676,178,3.0,0.9333192926526066,1.5,5.0,0.0,1.5,0.8,0.6,1.2,415,4.533883571624756,5.361209392547607,-0.34209784865379333,0.3996208906173706,1.2044236660003662,2.198744773864746,4.947546482086182,0.028761520981788635,1.7015842199325562,0.8273258209228516,0.7417187392711639,0.9943211078643799,1,0,0,4.2613420979992895,5.184311916114524,-0.27646558780728847,0.49007905225695103,1.2667450308799744,2.1421626210212708,4.722827007056907,0.10680673222483125,1.7044538259506226,0.9229698181152344,0.7665446400642395,0.8754175901412964
1789369559.422704220,179,3.0,0.9384982358568261,1.5,5.0,0.0,1.5,0.8,0.6,1.2,375,4.528573036193848,5.361175537109375,-0.3404848277568817,0.3938998579978943,1.2473106384277344,2.193356990814209,4.944874286651611,0.026707515120506287,1.7203338146209717,0.8326025009155273,0.734384685754776,0.9460463523864746,1,0,0,4.260710244966305,5.183680063081539,-0.2723452010615048,0.4941994390027347,1.2517287135124207,2.127146303653717,4.722195154023922,0.11092711897061497,1.6894375085830688,0.9229698181152344,0.7665446400642395,0.8754175901412964
1789369559.522743702,180,3.0,0.9440189885879338,1.5,5.0,0.0,1.5,0.8,0.6,1.2,362,4.538701057434082,5.359882354736328,-0.3408181071281433,0.3938208520412445,1.2513741254806519,2.199580669403076,4.949291706085205,0.026501372456550598,1.725477397441864,0.8211812973022461,0.7346389591693878,0.9482065439224243,1,0,0,4.258333266032312,5.1813030841475465,-0.27746514149010865,0.48907949857413086,1.2643492817878723,2.1397668719291687,4.719818175089929,0.10580717854201112,1.7020580768585205,0.9229698181152344,0.7665446400642395,0.8754175901412964
1789369559.632505894,181,3.0,0.9498049984554764,1.5,5.0,0.0,1.5,0.8,0.6,1.2,360,4.535740375518799,5.361077308654785,-0.3446996212005615,0.3955257833003998,1.2876368761062622,2.1930594444274902,4.948408842086792,0.02541308104991913,1.7403481602668762,0.8253369331359863,0.7402254045009613,0.905422568321228,1,0,0,4.255608460871546,5.17857827898678,-0.2795684417950919,0.4869761982691476,1.2739580273628235,2.14937561750412,4.717093369929163,0.1037038782370279,1.7116668224334717,0.9229698181152344,0.7665446400642395,0.8754175901412964
1789369559.732700348,182,3.0,0.9548221171190283,1.5,5.0,0.0,1.5,0.8,0.6,1.2,334,4.527920722961426,5.389883995056152,-0.3403087854385376,0.39549168944358826,1.3224018812179565,2.200437307357788,4.958902359008789,0.02759145200252533,1.7614195942878723,0.8619632720947266,0.7358004748821259,0.8780354261398315,1,0,0,4.261360345984912,5.184330164100146,-0.27667149643726746,0.48987314362697204,1.2469595074653625,2.122377097606659,4.722845255042529,0.1066008235948523,1.6846683025360107,0.9229698181152344,0.7665446400642395,0.8754175901412964
1789369559.822740793,183,3.0,0.959123318408422,1.5,5.0,0.0,1.5,0.8,0.6,1.2,382,4.527746677398682,5.390047550201416,-0.3412128984928131,0.39546623826026917,1.2923129796981812,2.195830821990967,4.958897113800049,0.027126669883728027,1.744071900844574,0.8623008728027344,0.7366791367530823,0.9035178422927856,1,0,0,4.264188872418553,5.187158690533788,-0.27469382609402593,0.4918508139702136,1.2861185669898987,2.161536157131195,4.7256737814761705,0.10857849393809382,1.7238273620605469,0.9229698181152344,0.7665446400642395,0.8754175901412964
1789369559.932437181,184,3.0,0.9640947078487065,1.5,5.0,0.0,1.5,0.8,0.6,1.2,384,4.527544975280762,5.362651348114014,-0.34134986996650696,0.3938746750354767,1.2611628770828247,2.193389654159546,4.945098161697388,0.026262402534484863,1.7272762656211853,0.835106372833252,0.7352245450019836,0.9322267770767212,1,0,0,4.263377748742759,5.186347566857993,-0.27961277431766834,0.48693186574657116,1.3023967146873474,2.177814304828644,4.724862657800376,0.10365954571445142,1.7401055097579956,0.9229698181152344,0.7665446400642395,0.8754175901412964
1789369560.022724390,185,3.0,0.9679514618795979,1.5,5.0,0.0,1.5,0.8,0.6,1.2,384,4.5273895263671875,5.360846042633057,-0.3414568603038788,0.3939816355705261,1.2436728477478027,2.1621758937835693,4.944117784500122,0.02626238763332367,1.702924370765686,0.8334565162658691,0.7354384958744049,0.9185030460357666,1,0,0,4.254218518409428,5.1771883365246625,-0.28540188650022785,0.48114275356401165,1.2625697255134583,2.1379873156547546,4.715703427467045,0.0978704335318919,1.7002785205841064,0.9229698181152344,0.7665446400642395,0.8754175901412964
1789369560.132441044,186,3.0,0.9723663100679081,1.5,5.0,0.0,1.5,0.8,0.6,1.2,416,4.548056602478027,5.362969875335693,-0.3492421507835388,0.39540809392929077,1.282469630241394,2.1961348056793213,4.95551323890686,0.023082971572875977,1.7393022179603577,0.814913272857666,0.7446502447128296,0.9136651754379272,1,0,0,4.251497647761596,5.17446746587683,-0.286565210384923,0.4799794296793165,1.2412260174751282,2.1166436076164246,4.712982556819213,0.09670710964719673,1.6789348125457764,0.9229698181152344,0.7665446400642395,0.8754175901412964
1789369560.232496500,187,3.0,0.9761177409640733,1.5,5.0,0.0,1.5,0.8,0.6,1.2,391,4.547362327575684,5.39060640335083,-0.3416900932788849,0.3942464590072632,1.2434242963790894,2.1965601444244385,4.968984365463257,0.026278182864189148,1.719992220401764,0.8432440757751465,0.7359365522861481,0.9531358480453491,1,0,0,4.260419214686574,5.183389032801808,-0.2788582015652072,0.4876864384990323,1.2427734732627869,2.1181910634040833,4.721904123744191,0.10441411846691255,1.680482268333435,0.9229698181152344,0.7665446400642395,0.8754175901412964
1789369560.332491636,188,3.0,0.9796066247619077,1.5,5.0,0.0,1.5,0.8,0.6,1.2,362,4.526912689208984,5.363237380981445,-0.3417918384075165,0.3946007192134857,1.2868943214416504,2.198357105255127,4.945075035095215,0.02640444040298462,1.7426257133483887,0.8363246917724609,0.7363925576210022,0.9114627838134766,1,0,0,4.260522911861713,5.1834927299769475,-0.2747864231465061,0.4917582169177334,1.2678495049476624,2.1432670950889587,4.72200782091933,0.10848589688561365,1.7055583000183105,0.9229698181152344,0.7665446400642395,0.8754175901412964
1789369560.432455778,189,3.0,0.9828301964821018,1.5,5.0,0.0,1.5,0.8,0.6,1.2,341,4.534117221832275,5.362113952636719,-0.3510226607322693,0.39389103651046753,1.3560811281204224,2.1987602710723877,4.948115587234497,0.02143418788909912,1.777420699596405,0.8279967308044434,0.7449136972427368,0.8426791429519653,1,0,0,4.272503627236536,5.19547344535177,-0.2654601336661757,0.5010845063980638,1.2486043572425842,2.1240219473838806,4.733988536294153,0.11781218636594407,1.6863131523132324,0.9229698181152344,0.7665446400642395,0.8754175901412964
1789369560.532500744,190,3.0,0.9857883063798925,1.5,5.0,0.0,1.5,0.8,0.6,1.2,364,4.535083293914795,5.363457679748535,-0.34197530150413513,0.3953804075717926,1.2906991243362427,2.1947219371795654,4.949270486831665,0.026702553033828735,1.742710530757904,0.8283743858337402,0.7373557090759277,0.9040228128433228,1,0,0,4.2730877866596195,5.196057604774854,-0.2657985933557834,0.5007460467084561,1.266696035861969,2.1421136260032654,4.734572695717237,0.11747372667633638,1.7044048309326172,0.9229698181152344,0.7665446400642395,0.8754175901412964
1789369560.632419586,191,3.0,0.9884739681535342,1.5,5.0,0.0,1.5,0.8,0.6,1.2,429,4.526547431945801,5.363550662994385,-0.34205639362335205,0.39550545811653137,1.243046522140503,2.195202112197876,4.945049047470093,0.02672453224658966,1.7191243171691895,0.837003231048584,0.7375618517398834,0.952155590057373,1,0,0,4.261721315637565,5.184691133752799,-0.2745355098453992,0.4920091302188403,1.2913632988929749,2.1667808890342712,4.723206224695182,0.10873681018672052,1.729072093963623,0.9229698181152344,0.7665446400642395,0.8754175901412964
1789369560.732338905,192,3.0,0.9908863825953269,1.5,5.0,0.0,1.5,0.8,0.6,1.2,416,4.528873443603516,5.361293792724609,-0.34192633628845215,0.39537835121154785,1.2003308534622192,2.195633888244629,4.9450836181640625,0.02672600746154785,1.697982370853424,0.8324203491210938,0.7373046875,0.9953030347824097,1,0,0,4.2571228284187,5.180092646533934,-0.2804843887053408,0.4860602513588987,1.274290382862091,2.1497079730033875,4.718607737476317,0.10278793132677892,1.7119991779327393,0.9229698181152344,0.7665446400642395,0.8754175901412964
1789369560.832350969,193,3.0,0.9930241351358118,1.5,5.0,0.0,1.5,0.8,0.6,1.2,422,4.533598899841309,5.363705158233643,-0.3421948552131653,0.39597269892692566,1.2438840866088867,2.1960175037384033,4.948652029037476,0.026888921856880188,1.719950795173645,0.830106258392334,0.7381675541400909,0.9521334171295166,1,0,0,4.25626935693854,5.179239175053774,-0.2802321432267084,0.4863124968375311,1.2589309811592102,2.1343485713005066,4.717754265996157,0.1030401768054113,1.6966397762298584,0.9229698181152344,0.7665446400642395,0.8754175901412964
1789369560.932451487,194,3.0,0.994883516976911,1.5,5.0,0.0,1.5,0.8,0.6,1.2,388,4.534705638885498,5.361392498016357,-0.3422532081604004,0.3953796923160553,1.2428497076034546,2.1963515281677246,4.948049068450928,0.026563242077827454,1.7196006178855896,0.8266868591308594,0.7376329004764557,0.95350182056427,1,0,0,4.256011319352961,5.178981137468195,-0.2839070129566001,0.4826376271076394,1.2512193322181702,2.1266369223594666,4.717496228410578,0.09936530707551965,1.6889281272888184,0.9229698181152344,0.7665446400642395,0.8754175901412964
1789369561.022454262,195,3.0,0.9963145918292675,1.5,5.0,0.0,1.5,0.8,0.6,1.2,353,4.5262227058410645,5.360301494598389,-0.34209322929382324,0.39384108781814575,1.2864737510681152,2.196608543395996,4.943262100219727,0.025873929262161255,1.7415411472320557,0.8340787887573242,0.735934317111969,0.9101347923278809,1,0,0,4.260094346063663,5.183064164178897,-0.2808721324777182,0.4856725075865213,1.277206838130951,2.1526244282722473,4.72157925512128,0.10240018755440157,1.7149156332015991,0.9229698181152344,0.7665446400642395,0.8754175901412964
1789369561.132453680,196,3.0,0.9977497471228793,1.5,5.0,0.0,1.5,0.8,0.6,1.2,354,4.526162624359131,5.363861083984375,-0.342341810464859,0.39383769035339355,1.3550575971603394,2.195115089416504,4.945011854171753,0.025747939944267273,1.7750863432884216,0.8376984596252441,0.7361795008182526,0.8400574922561646,1,0,0,4.268295121600786,5.19126493971602,-0.2770859435068057,0.4894586965574338,1.2499077916145325,2.125325381755829,4.729780030658403,0.10618637652531404,1.6876165866851807,0.9229698181152344,0.7665446400642395,0.8754175901412964
1789369561.222460270,197,3.0,0.9986647070101744,1.5,5.0,0.0,1.5,0.8,0.6,1.2,379,4.526124954223633,5.363890647888184,-0.34237053990364075,0.39383557438850403,1.3164291381835938,2.1952626705169678,4.945007801055908,0.02573251724243164,1.7558459043502808,0.8377656936645508,0.7362061142921448,0.878833532333374,1,0,0,4.2605764268484245,5.183546244963659,-0.2795759051822445,0.486968734881995,1.265038788318634,2.1404563784599304,4.722061335906042,0.10369641484987527,1.7027475833892822,0.9229698181152344,0.7665446400642395,0.8754175901412964
1789369561.332454205,198,3.0,0.9994627230720343,1.5,5.0,0.0,1.5,0.8,0.6,1.2,393,4.526091575622559,5.361501216888428,-0.3423956334590912,0.3953843414783478,1.2427089214324951,2.1971755027770996,4.943796396255493,0.026494354009628296,1.7199422121047974,0.8354096412658691,0.737779974937439,0.9544665813446045,1,0,0,4.257680687500184,5.180650505615418,-0.27999603068796464,0.48654860937627487,1.2954949736595154,2.1709125638008118,4.719165596557801,0.10327628934415509,1.7332037687301636,0.9229698181152344,0.7665446400642395,0.8754175901412964
1789369561.422518015,199,3.0,0.9998510541718579,1.5,5.0,0.0,1.5,0.8,0.6,1.2,443,4.528832912445068,5.36392879486084,-0.3424084484577179,0.3966764211654663,1.200013279914856,2.1972458362579346,4.946380853652954,0.027133986353874207,1.6986295580863953,0.8350958824157715,0.7390848696231842,0.9972325563430786,1,0,0,4.2608991930675515,5.183869011182786,-0.27560187980265843,0.49094276026158107,1.265951693058014,2.1413692831993103,4.722384102125169,0.10767044022946132,1.703660488128662,0.9229698181152344,0.7665446400642395,0.8754175901412964
1789369561.522718191,200,3.0,1.0,1.5,5.0,0.0,1.5,0.8,0.6,1.2,367,4.526068687438965,5.3602142333984375,-0.34241247177124023,0.3936493992805481,1.2433409690856934,2.197272539138794,4.943141460418701,0.02561846375465393,1.7203067541122437,0.8341455459594727,0.7360618710517883,0.9539315700531006,1,0,0,4.262078500054558,5.185048318169792,-0.27676015745198035,0.48978448261225915,1.2532389760017395,2.128656566143036,4.723563409112175,0.10651216258013939,1.6909477710723877,0.9229698181152344,0.7665446400642395,0.8754175901412964
