scenario,frame_index,timestamp,source_timestamp,gt_timestamp,obstacle_id,is_dynamic,association_status,association_distance,tracking_id,lvdot_slot_id,est_is_dynamic,est_x,est_y,est_z,est_vx,est_vy,est_vz,est_lx,est_ly,est_lz,gt_x,gt_y,gt_z,gt_vx,gt_vy,gt_vz,gt_lx,gt_ly,gt_lz,gt_geometry_type,gt_radius,uav_x,uav_y,uav_z,uav_vx,uav_vy,uav_vz
dynamic,1,1789354319.894833803,1789354319.894652128,1789354319.788382053,2,1,matched,0.26177806310121376,0,0,0,1.934220767560167,-2.5479733395839563,1.8745620250701904,0.5194185847226631,0.27472379321616625,0.0,0.3358539342880249,0.4857001304626465,0.8765519857406616,1.719131917352753,-2.6758442403019504,1.7976622618257916,0.09921509727868379,0.4311747599433464,-0.5916231263590594,0.7984213829040527,0.7984213829040527,0.7968459129333496,sphere,,3.0,0.0,1.5,0.0,0.0,0.0
dynamic,1,1789354319.894833803,1789354319.894652128,1789354319.788382053,16,1,matched,0.3753932758926071,3,3,0,2.935376805608075,-4.830728544655814,1.8651431798934937,0.8428396903880748,0.13318953577595438,0.0,0.25490880012512207,0.17317628860473633,0.34062159061431885,2.757029551692779,-5.086916448906417,1.6566242926867472,-0.08511838285507947,0.1746435187242235,-0.4821675702903023,0.7984213829040527,0.7984213829040527,0.7968460321426392,sphere,,3.0,0.0,1.5,0.0,0.0,0.0
dynamic,1,1789354319.894833803,1789354319.894652128,1789354319.788382053,0,1,matched,0.12384341282027533,4,4,0,4.0741847808756875,-2.5238648457350994,2.124009132385254,0.00916254016473518,0.15975122043531326,0.0,0.3426380157470703,0.29280900955200195,0.393924355506897,3.9874409552182675,-2.578777511796521,2.1932716671014703,-0.46038504387243284,0.5091423502605643,-0.4108767194058663,0.20000004768371582,0.20000004768371582,0.20000004768371582,box,,3.0,0.0,1.5,0.0,0.0,0.0
dynamic,1,1789354319.894833803,1789354319.894652128,1789354319.788382053,15,1,matched,0.15015303527246607,5,5,0,2.771044249960546,-0.10920877842300372,1.5563998222351074,0.4091354387368674,0.3017555797963426,0.0,0.08896183967590332,0.3252323269844055,0.19987857341766357,2.7956192334338494,-0.061276960496130954,1.4162408231695947,0.5587823121893132,0.5541828969847158,0.1436789625310291,0.19999980926513672,0.20000000298023224,0.20000004768371582,box,,3.0,0.0,1.5,0.0,0.0,0.0
dynamic,1,1789354319.894833803,1789354319.894652128,1789354319.788382053,11,1,matched,0.12038863250868333,6,6,0,3.4775477629261586,-2.047722177295256,2.0225813388824463,-0.339011851115006,0.18255906573024647,0.0,0.38277578353881836,0.3019382953643799,0.3856436014175415,3.559168029505518,-2.1043100069105116,2.090620830798979,0.7014360476946644,0.34168045960389043,0.17675388120028046,0.20000004768371582,0.20000004768371582,0.20000004768371582,box,,3.0,0.0,1.5,0.0,0.0,0.0
dynamic,1,1789354319.894833803,1789354319.894652128,1789354319.788382053,13,1,matched,0.6360182472723349,7,7,0,4.706433773489357,3.333954658794148,1.41904616355896,-0.14407837558776,0.44582945383047445,0.0,0.8703389167785645,0.4801790714263916,0.41066718101501465,4.834089183441011,3.6810055601541327,0.9015725129846819,-0.08925920276893058,0.3994986810740153,-1.945533099592156,0.7984213829040527,0.7984216213226318,0.7968459129333496,sphere,,3.0,0.0,1.5,0.0,0.0,0.0
dynamic,1,1789354319.894833803,1789354319.894652128,1789354319.788382053,unmatched_est_1,,unmatched_estimate,,1,1,0,2.7805626962199503,-4.831491766986947,1.3972818851470947,0.37077532199718466,0.13086229267704347,0.0,0.6079556941986084,0.31601619720458984,0.518553614616394,,,,,,,,,,,,3.0,0.0,1.5,0.0,0.0,0.0
dynamic,1,1789354319.894833803,1789354319.894652128,1789354319.788382053,unmatched_est_2,,unmatched_estimate,,2,2,0,2.7633521403512815,-4.770454562848387,1.865861177444458,0.3182963185141708,0.31697898019276705,0.0,0.25011563301086426,0.05710935592651367,0.33764898777008057,,,,,,,,,,,,3.0,0.0,1.5,0.0,0.0,0.0
dynamic,1,1789354319.894833803,1789354319.894652128,1789354319.788382053,1,1,unmatched_gt,,,,,,,,,,,,,,-4.594929791332655,-5.200494976341955,2.3398376318345955,-0.40820061408375585,0.017402831770651352,-0.6878004071734817,-inf,-inf,-inf,uav_model,,3.0,0.0,1.5,0.0,0.0,0.0
dynamic,1,1789354319.894833803,1789354319.894652128,1789354319.788382053,3,1,unmatched_gt,,,,,,,,,,,,,,-2.3791211854108223,-1.102385749408294,1.636013928986438,0.5445149125572183,0.584902109300124,-0.03732335112326857,-inf,-inf,-inf,uav_model,,3.0,0.0,1.5,0.0,0.0,0.0
dynamic,1,1789354319.894833803,1789354319.894652128,1789354319.788382053,4,1,unmatched_gt,,,,,,,,,,,,,,2.6166828300935197,5.724572256337831,1.8363947135360512,0.02015950636457931,0.0169122703580751,0.7995671137649871,-inf,-inf,-inf,uav_model,,3.0,0.0,1.5,0.0,0.0,0.0
dynamic,1,1789354319.894833803,1789354319.894652128,1789354319.788382053,5,1,unmatched_gt,,,,,,,,,,,,,,-0.8152676896041876,5.188748032930656,0.16740120666747765,0.10294678715069906,0.7757104249631367,-1.0917960189044043,0.7984213829040527,0.7984213829040527,0.7968459129333496,sphere,,3.0,0.0,1.5,0.0,0.0,0.0
dynamic,1,1789354319.894833803,1789354319.894652128,1789354319.788382053,6,1,unmatched_gt,,,,,,,,,,,,,,-5.634394235575994,2.6783081495389314,1.708097233754447,-0.3204737292511341,0.05113199364880716,0.7312196031872841,-inf,-inf,-inf,uav_model,,3.0,0.0,1.5,0.0,0.0,0.0
dynamic,1,1789354319.894833803,1789354319.894652128,1789354319.788382053,7,1,unmatched_gt,,,,,,,,,,,,,,-0.6388729538634539,2.237401189607854,0.09898128779445954,0.6591870925731157,0.056704705902975466,-0.8084400009537256,0.7984213829040527,0.7984213829040527,0.7968459129333496,sphere,,3.0,0.0,1.5,0.0,0.0,0.0
dynamic,1,1789354319.894833803,1789354319.894652128,1789354319.788382053,8,1,unmatched_gt,,,,,,,,,,,,,,-2.8219894334007494,-3.3189154105075778,1.8079793907349608,-0.2692173081555703,0.5047848041912671,0.5592086752251372,0.20000004768371582,0.20000004768371582,0.19999992847442627,box,,3.0,0.0,1.5,0.0,0.0,0.0
dynamic,1,1789354319.894833803,1789354319.894652128,1789354319.788382053,9,1,unmatched_gt,,,,,,,,,,,,,,-1.9917642280840036,4.5287958684766085,1.106569482822967,-0.36832592705460193,0.6894941209653815,0.1700995844014439,-inf,-inf,-inf,uav_model,,3.0,0.0,1.5,0.0,0.0,0.0
dynamic,1,1789354319.894833803,1789354319.894652128,1789354319.788382053,10,1,unmatched_gt,,,,,,,,,,,,,,-5.511448865266798,-3.9416941742660465,0.3080025509925158,-0.7006389503041933,0.34950902220614277,-0.16415999729880645,-inf,-inf,-inf,uav_model,,3.0,0.0,1.5,0.0,0.0,0.0
dynamic,1,1789354319.894833803,1789354319.894652128,1789354319.788382053,12,1,unmatched_gt,,,,,,,,,,,,,,4.910137652843323,-1.5701925026114063,0.2149399440805148,0.7717035986572388,0.06338083122158986,0.20113782849858888,-inf,-inf,-inf,uav_model,,3.0,0.0,1.5,0.0,0.0,0.0
dynamic,1,1789354319.894833803,1789354319.894652128,1789354319.788382053,14,1,unmatched_gt,,,,,,,,,,,,,,-3.2539024610255587,3.2308766792184103,2.3457718606135036,0.6119144118675081,0.07315594960234274,0.5101068119390499,0.20000004768371582,0.19999980926513672,0.20000004768371582,box,,3.0,0.0,1.5,0.0,0.0,0.0
dynamic,1,1789354319.894833803,1789354319.894652128,1789354319.788382053,17,1,unmatched_gt,,,,,,,,,,,,,,-1.3941280485150938,5.041378759600042,0.2710010828156565,-0.21251313237448174,0.466498973966536,-0.614179839995221,-inf,-inf,-inf,uav_model,,3.0,0.0,1.5,0.0,0.0,0.0
dynamic,1,1789354319.894833803,1789354319.894652128,1789354319.788382053,18,1,unmatched_gt,,,,,,,,,,,,,,-2.6103386845520067,-0.8893541485412861,1.2920318907464468,0.7289944123877315,0.31968101498726204,-1.1784157299962024,0.7984213829040527,0.7984213829040527,0.7968458533287048,sphere,,3.0,0.0,1.5,0.0,0.0,0.0
dynamic,1,1789354319.894833803,1789354319.894652128,1789354319.788382053,19,1,unmatched_gt,,,,,,,,,,,,,,-5.0913317532636375,0.6626095771446046,1.425217308004346,0.6686890853127057,0.018725408538664043,0.43875308119569634,-inf,-inf,-inf,uav_model,,3.0,0.0,1.5,0.0,0.0,0.0
dynamic,2,1789354319.983777285,1789354319.983521223,1789354319.888391256,15,1,matched,0.13014169776708068,5,0,0,2.846228575530657,-0.0908098872351841,1.5344104766845703,0.626372779862902,0.26291308456221363,0.0,0.08896183967590332,0.3252323269844055,0.19987857341766357,2.8709082495818046,-0.05184390502317007,1.4127164858030141,0.7929389381219294,0.09934831629723748,-0.037118088029574135,0.19999980926513672,0.20000000298023224,0.20000004768371582,box,,3.0,0.0,1.5,0.0,0.0,0.0
dynamic,2,1789354319.983777285,1789354319.983521223,1789354319.888391256,0,1,matched,0.09538123540104336,4,1,0,4.058133643887215,-2.5126656998338377,2.199769973754883,-0.034226198061159396,0.08889620908057835,0.0,0.3426380157470703,0.29280900955200195,0.393924355506897,3.971401483942389,-2.512350117038365,2.1600835414960677,-0.168905052969418,0.6995194814881586,-0.3494904549482518,0.20000004768371582,0.20000004768371582,0.19999980926513672,box,,3.0,0.0,1.5,0.0,0.0,0.0
dynamic,2,1789354319.983777285,1789354319.983521223,1789354319.888391256,11,1,matched,0.18254727995650633,6,2,0,3.4567803933674597,-2.037946580881151,2.0580179691314697,-0.2699730735965369,0.14969813938169346,0.0,0.36241674423217773,0.16863024234771729,0.3755316734313965,3.6032088439983045,-2.093814334100302,2.1516182491289855,0.4638109069561475,0.11053400308969326,0.6423874817814273,0.20000004768371582,0.19999992847442627,0.19999980926513672,box,,3.0,0.0,1.5,0.0,0.0,0.0
dynamic,2,1789354319.983777285,1789354319.983521223,1789354319.888391256,16,1,matched,0.2595843063827079,1,3,0,2.7730695103806764,-4.811954862638713,1.5953301191329956,0.24248454792331486,0.119582879965772,0.0,0.7862274646759033,0.32906198501586914,0.7684452533721924,2.748947679385005,-5.070334289208756,1.6018279122155439,-0.08511838285507947,0.1746435187242235,-0.5771161822903024,0.7984213829040527,0.7984213829040527,0.7968459129333496,sphere,,3.0,0.0,1.5,0.0,0.0,0.0
dynamic,2,1789354319.983777285,1789354319.983521223,1789354319.888391256,13,1,matched,0.724177632412425,7,4,0,4.711712187896557,3.390129295657964,1.3429152965545654,-0.07219068827156931,0.4448578915583338,0.0,0.8703389167785645,0.4801790714263916,0.41066718101501465,4.825613737579763,3.7189392335239058,0.7078218349075218,-0.08925920276893058,0.3994986810740153,-2.040486287592156,0.7984213829040527,0.7984211444854736,0.7968458533287048,sphere,,3.0,0.0,1.5,0.0,0.0,0.0
dynamic,2,1789354319.983777285,1789354319.983521223,1789354319.888391256,1,1,unmatched_gt,,,,,,,,,,,,,,-4.633693069451272,-5.1988423800824135,2.2745231821412553,-0.40820061408375585,0.017402831770651352,-0.6878004071734817,-inf,-inf,-inf,uav_model,,3.0,0.0,1.5,0.0,0.0,0.0
dynamic,2,1789354319.983777285,1789354319.983521223,1789354319.888391256,2,1,unmatched_gt,,,,,,,,,,,,,,1.7285534916308685,-2.634899412961368,1.732463472355813,0.09921509727868379,0.4311747599433464,-0.6865842213590595,0.7984213829040527,0.7984213829040527,0.7968459129333496,sphere,,3.0,0.0,1.5,0.0,0.0,0.0
dynamic,2,1789354319.983777285,1789354319.983521223,1789354319.888391256,3,1,unmatched_gt,,,,,,,,,,,,,,-2.3274148252481393,-1.0468442785946601,1.6324697567495476,0.5445149125572183,0.584902109300124,-0.03732335112326857,-inf,-inf,-inf,uav_model,,3.0,0.0,1.5,0.0,0.0,0.0
dynamic,2,1789354319.983777285,1789354319.983521223,1789354319.888391256,4,1,unmatched_gt,,,,,,,,,,,,,,2.6185971471027876,5.726178220602347,1.9123204280972488,0.02015950636457931,0.0169122703580751,0.7995671137649871,-inf,-inf,-inf,uav_model,,3.0,0.0,1.5,0.0,0.0,0.0
dynamic,2,1789354319.983777285,1789354319.983521223,1789354319.888391256,5,1,unmatched_gt,,,,,,,,,,,,,,-0.8054920215432498,5.26240829796397,0.05470883279775174,0.10294678715069906,0.7757104249631367,-1.1867544759044042,0.7984213829040527,0.7984213829040527,0.7968459129333496,sphere,,3.0,0.0,1.5,0.0,0.0,0.0
dynamic,2,1789354319.983777285,1789354319.983521223,1789354319.888391256,6,1,unmatched_gt,,,,,,,,,,,,,,-5.6648254255142785,2.68316348483985,1.777531576105024,-0.3204737292511341,0.05113199364880716,0.7312196031872841,-inf,-inf,-inf,uav_model,,3.0,0.0,1.5,0.0,0.0,0.0
dynamic,2,1789354319.983777285,1789354319.983521223,1789354319.888391256,7,1,unmatched_gt,,,,,,,,,,,,,,-0.5762785969653816,2.24278569218547,0.01319752759547084,0.6591870925731157,0.056704705902975466,-0.9033968919537256,0.7984213829040527,0.7984213829040527,0.7968459129333496,sphere,,3.0,0.0,1.5,0.0,0.0,0.0
dynamic,2,1789354319.983777285,1789354319.983521223,1789354319.888391256,8,1,unmatched_gt,,,,,,,,,,,,,,-2.746517255883354,-3.310571036302041,1.8101711053423308,0.7948237406506038,0.0878775058253026,0.023081708517908184,0.20000004768371582,0.20000004768371582,0.20000004768371582,box,,3.0,0.0,1.5,0.0,0.0,0.0
dynamic,2,1789354319.983777285,1789354319.983521223,1789354319.888391256,9,1,unmatched_gt,,,,,,,,,,,,,,-2.0267386945725696,4.59426692890563,1.122721324920918,-0.36832592705460193,0.6894941209653815,0.1700995844014439,-inf,-inf,-inf,uav_model,,3.0,0.0,1.5,0.0,0.0,0.0
dynamic,2,1789354319.983777285,1789354319.983521223,1789354319.888391256,10,1,unmatched_gt,,,,,,,,,,,,,,-5.577977766346298,-3.9085066799729447,0.2924148018147666,-0.7006389503041933,0.34950902220614277,-0.16415999729880645,-inf,-inf,-inf,uav_model,,3.0,0.0,1.5,0.0,0.0,0.0
dynamic,2,1789354319.983777285,1789354319.983521223,1789354319.888391256,12,1,unmatched_gt,,,,,,,,,,,,,,4.983413677636636,-1.5641742653398747,0.23403870237784666,0.7717035986572388,0.06338083122158986,0.20113782849858888,-inf,-inf,-inf,uav_model,,3.0,0.0,1.5,0.0,0.0,0.0
dynamic,2,1789354319.983777285,1789354319.983521223,1789354319.888391256,14,1,unmatched_gt,,,,,,,,,,,,,,-3.207899198574242,3.244290206780175,2.404710650916244,0.4844964133464414,0.14126837201766007,0.6207305957675313,0.20000004768371582,0.20000004768371582,0.20000004768371582,box,,3.0,0.0,1.5,0.0,0.0,0.0
dynamic,2,1789354319.983777285,1789354319.983521223,1789354319.888391256,17,1,unmatched_gt,,,,,,,,,,,,,,-1.414305745407786,5.085671904180217,0.21268593536779024,-0.21251313237448174,0.466498973966536,-0.614179839995221,-inf,-inf,-inf,uav_model,,3.0,0.0,1.5,0.0,0.0,0.0
dynamic,2,1789354319.983777285,1789354319.983521223,1789354319.888391256,18,1,unmatched_gt,,,,,,,,,,,,,,-2.541122159534337,-0.8590010915143264,1.1711286197263513,0.7289944123877315,0.31968101498726204,-1.2733636799962023,0.7984213829040527,0.798421323299408,0.7968458533287048,sphere,,3.0,0.0,1.5,0.0,0.0,0.0
dynamic,2,1789354319.983777285,1789354319.983521223,1789354319.888391256,19,1,unmatched_gt,,,,,,,,,,,,,,-5.027843732735573,0.6643874424452519,1.4668742831779087,0.6686890853127057,0.018725408538664043,0.43875308119569634,-inf,-inf,-inf,uav_model,,3.0,0.0,1.5,0.0,0.0,0.0
dynamic,3,1789354320.071665049,1789354320.071479321,1789354319.988417625,13,1,matched,0.8861673670388576,7,0,0,4.908955097198486,3.368210554122925,1.2077394723892212,0.0,0.0,0.0,0.34162282943725586,0.2717432975769043,0.29573583602905273,4.8139536593054855,3.7711264113979084,0.4242050818490174,-0.08925920276893058,0.3994986810740153,-2.171117952592156,0.7984213829040527,0.7984213829040527,0.7968459129333496,sphere,,3.0,0.0,1.5,0.0,0.0,0.0
dynamic,3,1789354320.071665049,1789354320.071479321,1789354319.988417625,15,1,matched,0.1719068029290931,5,1,0,2.935177601096344,-0.04353574982425702,1.5368698835372925,0.8254150251094367,0.3194743934473407,0.0,0.07620692253112793,0.274167001247406,0.07784116268157959,2.9509353009110657,0.0013809973357329156,1.3716847461477055,0.6126312149643538,0.4074526807733485,-0.3141103426853558,0.20000004768371582,0.20000000298023224,0.19999992847442627,box,,3.0,0.0,1.5,0.0,0.0,0.0
dynamic,3,1789354320.071665049,1789354320.071479321,1789354319.988417625,11,1,matched,0.24864200072033263,6,2,0,3.4849534197779213,-2.02536183013772,2.0694949626922607,-0.04891817412518709,0.12577763214647544,0.0,0.3438127040863037,0.2685469388961792,0.3761284351348877,3.7053286687567613,-2.081439846801396,2.1700576307495107,0.781730339333071,0.0947270735934704,0.14115402259453638,0.20000004768371582,0.20000004768371582,0.20000004768371582,box,,3.0,0.0,1.5,0.0,0.0,0.0
dynamic,3,1789354320.071665049,1789354320.071479321,1789354319.988417625,0,1,unmatched_gt,,,,,,,,,,,,,,3.918185636419988,-2.4248417587646056,2.1808862112661136,-0.40735413121164693,0.6698548067539353,0.1592392842657,0.20000004768371582,0.20000004768371582,0.20000004768371582,box,,3.0,0.0,1.5,0.0,0.0,0.0
dynamic,3,1789354320.071665049,1789354320.071479321,1789354319.988417625,1,1,unmatched_gt,,,,,,,,,,,,,,-4.687019668628878,-5.196568905221353,2.184670165359639,-0.40820061408375585,0.017402831770651352,-0.6878004071734817,-inf,-inf,-inf,uav_model,,3.0,0.0,1.5,0.0,0.0,0.0
dynamic,3,1789354320.071665049,1789354320.071479321,1789354319.988417625,2,1,unmatched_gt,,,,,,,,,,,,,,1.7415147407104137,-2.5785716602934334,1.62570331807586,0.09921509727868379,0.4311747599433464,-0.8172220923590595,0.7984213829040527,0.7984213829040527,0.7968460321426392,sphere,,3.0,0.0,1.5,0.0,0.0,0.0
dynamic,3,1789354320.071665049,1789354320.071479321,1789354319.988417625,3,1,unmatched_gt,,,,,,,,,,,,,,-2.256282208402158,-0.9704356868852823,1.6275940268592657,0.5445149125572183,0.584902109300124,-0.03732335112326857,-inf,-inf,-inf,uav_model,,3.0,0.0,1.5,0.0,0.0,0.0
dynamic,3,1789354320.071665049,1789354320.071479321,1789354319.988417625,4,1,unmatched_gt,,,,,,,,,,,,,,2.6212306771608973,5.72838754912128,2.016771598155448,0.02015950636457931,0.0169122703580751,0.7995671137649871,-inf,-inf,-inf,uav_model,,3.0,0.0,1.5,0.0,0.0,0.0
dynamic,3,1789354320.071665049,1789354320.071479321,1789354319.988417625,5,1,unmatched_gt,,,,,,,,,,,,,,-2.8500973884249556,0.5135860827349052,1.1897084397215902,0.08715452558959737,0.10570908598362783,0.7881812468016214,0.7984213829040527,0.7984213829040527,0.7968459129333496,sphere,,3.0,0.0,1.5,0.0,0.0,0.0
dynamic,3,1789354320.071665049,1789354320.071479321,1789354319.988417625,6,1,unmatched_gt,,,,,,,,,,,,,,-5.706689194308447,2.6898429027288002,1.8730514443860455,-0.3204737292511341,0.05113199364880716,0.7312196031872841,-inf,-inf,-inf,uav_model,,3.0,0.0,1.5,0.0,0.0,0.0
dynamic,3,1789354320.071665049,1789354320.071479321,1789354319.988417625,7,1,unmatched_gt,,,,,,,,,,,,,,2.7134647503092264,-2.6859574675028943,2.7764883696923444,-0.7470204593032734,0.06609908130950096,0.27855222998993656,0.7984213829040527,0.7984213829040527,0.7968459129333496,sphere,,3.0,0.0,1.5,0.0,0.0,0.0
dynamic,3,1789354320.071665049,1789354320.071479321,1789354319.988417625,8,1,unmatched_gt,,,,,,,,,,,,,,-2.7650309829746815,-3.2595187256690132,1.7208793287932942,-0.14171976221905389,0.390797665319108,-0.6835149550505164,0.20000004768371582,0.20000004768371582,0.20000004768371582,box,,3.0,0.0,1.5,0.0,0.0,0.0
dynamic,3,1789354320.071665049,1789354320.071479321,1789354319.988417625,9,1,unmatched_gt,,,,,,,,,,,,,,-2.0748546551826506,4.684338437665681,1.1449421470289356,-0.36832592705460193,0.6894941209653815,0.1700995844014439,-inf,-inf,-inf,uav_model,,3.0,0.0,1.5,0.0,0.0,0.0
dynamic,3,1789354320.071665049,1789354320.071479321,1789354319.988417625,10,1,unmatched_gt,,,,,,,,,,,,,,-5.669504827591207,-3.862849021820738,0.27096997331899353,-0.7006389503041933,0.34950902220614277,-0.16415999729880645,-inf,-inf,-inf,uav_model,,3.0,0.0,1.5,0.0,0.0,0.0
dynamic,3,1789354320.071665049,1789354320.071479321,1789354319.988417625,12,1,unmatched_gt,,,,,,,,,,,,,,5.084223009531816,-1.5558946884899971,0.26031377760759955,0.7717035986572388,0.06338083122158986,0.20113782849858888,-inf,-inf,-inf,uav_model,,3.0,0.0,1.5,0.0,0.0,0.0
dynamic,3,1789354320.071665049,1789354320.071479321,1789354319.988417625,14,1,unmatched_gt,,,,,,,,,,,,,,-3.285527456521457,3.307442941325952,2.4348168925016487,-0.5942683468275886,0.483453733841091,0.23047259965972638,0.19999980926513672,0.20000004768371582,0.20000004768371582,box,,3.0,0.0,1.5,0.0,0.0,0.0
dynamic,3,1789354320.071665049,1789354320.071479321,1789354319.988417625,16,1,unmatched_gt,,,,,,,,,,,,,,2.7378288998742644,-5.04752108819928,1.5093773414952365,-0.08511838285507947,0.1746435187242235,-0.7077434232903024,0.7984213829040527,0.7984213829040527,0.7968459129333496,sphere,,3.0,0.0,1.5,0.0,0.0,0.0
dynamic,3,1789354320.071665049,1789354320.071479321,1789354319.988417625,17,1,unmatched_gt,,,,,,,,,,,,,,-1.4420646938008908,5.1466070605118945,0.13246036863683816,-0.21251313237448174,0.466498973966536,-0.614179839995221,-inf,-inf,-inf,uav_model,,3.0,0.0,1.5,0.0,0.0,0.0
dynamic,3,1789354320.071665049,1789354320.071479321,1789354319.988417625,18,1,unmatched_gt,,,,,,,,,,,,,,-2.4459001548790344,-0.8172440264668397,0.9877386831293673,0.7289944123877315,0.31968101498726204,-1.4039847149962021,0.7984213829040527,0.7984213829040527,0.7968459129333496,sphere,,3.0,0.0,1.5,0.0,0.0,0.0
dynamic,3,1789354320.071665049,1789354320.071479321,1789354319.988417625,19,1,unmatched_gt,,,,,,,,,,,,,,-4.940501352486642,0.6668333052368298,1.5241830374179515,0.6686890853127057,0.018725408538664043,0.43875308119569634,-inf,-inf,-inf,uav_model,,3.0,0.0,1.5,0.0,0.0,0.0
dynamic,4,1789354320.171275854,1789354320.171154737,1789354320.088500500,15,1,matched,0.24281428788341275,5,0,0,2.991289636743298,-0.02147545876501153,1.5434870719909668,0.843856617192801,0.3019047513156934,0.0,0.14233851432800293,0.2631378173828125,0.09887492656707764,3.0041043526633526,0.007622736117470181,1.3027634617845762,0.4873982726092469,0.05721773475424119,-0.6317982705635681,0.20000004768371582,0.20000000298023224,0.20000004768371582,box,,3.0,0.0,1.5,0.0,0.0,0.0
dynamic,4,1789354320.171275854,1789354320.171154737,1789354320.088500500,0,1,unmatched_gt,,,,,,,,,,,,,,3.8801779964532233,-2.419816455100447,2.1025068449217645,-0.3484804572087532,0.04607547640501209,-0.7186365015900803,0.19999980926513672,0.20000004768371582,0.20000004768371582,box,,3.0,0.0,1.5,0.0,0.0,0.0
dynamic,4,1789354320.171275854,1789354320.171154737,1789354320.088500500,1,1,unmatched_gt,,,,,,,,,,,,,,-4.731541268305527,-5.194670814227364,2.1096531925058666,-0.40820061408375585,0.017402831770651352,-0.6878004071734817,-inf,-inf,-inf,uav_model,,3.0,0.0,1.5,0.0,0.0,0.0
dynamic,4,1789354320.171275854,1789354320.171154737,1789354320.088500500,2,1,unmatched_gt,,,,,,,,,,,,,,1.7523359875087086,-2.5315440544298147,1.5246741408351887,0.09921509727868379,0.4311747599433464,-0.9262906423590596,0.7984213829040527,0.7984213829040527,0.7968459129333496,sphere,,3.0,0.0,1.5,0.0,0.0,0.0
dynamic,4,1789354320.171275854,1789354320.171154737,1789354320.088500500,3,1,unmatched_gt,,,,,,,,,,,,,,-2.1968904264568545,-0.9066387591358505,1.6235230633644904,0.5445149125572183,0.584902109300124,-0.03732335112326857,-inf,-inf,-inf,uav_model,,3.0,0.0,1.5,0.0,0.0,0.0
dynamic,4,1789354320.171275854,1789354320.171154737,1789354320.088500500,4,1,unmatched_gt,,,,,,,,,,,,,,2.6234295348574843,5.73023222106766,2.103982776358167,0.02015950636457931,0.0169122703580751,0.7995671137649871,-inf,-inf,-inf,uav_model,,3.0,0.0,1.5,0.0,0.0,0.0
dynamic,4,1789354320.171275854,1789354320.171154737,1789354320.088500500,5,1,unmatched_gt,,,,,,,,,,,,,,-2.840591191396465,0.5251160795109071,1.2637807576615196,0.08715452558959737,0.10570908598362783,0.6791083448016214,0.7984213829040527,0.7984213829040527,0.7968459129333496,sphere,,3.0,0.0,1.5,0.0,0.0,0.0
dynamic,4,1789354320.171275854,1789354320.171154737,1789354320.088500500,6,1,unmatched_gt,,,,,,,,,,,,,,-5.741645859474601,2.695420283394092,1.9528114886532488,-0.3204737292511341,0.05113199364880716,0.7312196031872841,-inf,-inf,-inf,uav_model,,3.0,0.0,1.5,0.0,0.0,0.0
dynamic,4,1789354320.171275854,1789354320.171154737,1789354320.088500500,7,1,unmatched_gt,,,,,,,,,,,,,,2.631980427938757,-2.678747438938431,2.7949743464274057,-0.7470204593032734,0.06609908130950096,0.16947312598993655,0.7984213829040527,0.7984213829040527,0.7968459129333496,sphere,,3.0,0.0,1.5,0.0,0.0,0.0
dynamic,4,1789354320.171275854,1789354320.171154737,1789354320.088500500,8,1,unmatched_gt,,,,,,,,,,,,,,-2.7925532443077787,-3.208779334359308,1.7863190882578956,-0.25232394068107117,0.46517846074034497,0.5999513552134195,0.20000004768371582,0.19999980926513672,0.19999992847442627,box,,3.0,0.0,1.5,0.0,0.0,0.0
dynamic,4,1789354320.171275854,1789354320.171154737,1789354320.088500500,9,1,unmatched_gt,,,,,,,,,,,,,,-2.115031018941735,4.7595472801036145,1.163496319505554,-0.36832592705460193,0.6894941209653815,0.1700995844014439,-inf,-inf,-inf,uav_model,,3.0,0.0,1.5,0.0,0.0,0.0
dynamic,4,1789354320.171275854,1789354320.171154737,1789354320.088500500,10,1,unmatched_gt,,,,,,,,,,,,,,-5.745929886708944,-3.824724895731702,0.25306355019923726,-0.7006389503041933,0.34950902220614277,-0.16415999729880645,-inf,-inf,-inf,uav_model,,3.0,0.0,1.5,0.0,0.0,0.0
dynamic,4,1789354320.171275854,1789354320.171154737,1789354320.088500500,11,1,unmatched_gt,,,,,,,,,,,,,,3.6464321949268013,-2.0270396863866083,2.204507587867259,-0.5399395450605874,0.49871912451645045,0.31582356232762504,0.20000004768371582,0.19999992847442627,0.19999980926513672,box,,3.0,0.0,1.5,0.0,0.0,0.0
dynamic,4,1789354320.171275854,1789354320.171154737,1789354320.088500500,12,1,unmatched_gt,,,,,,,,,,,,,,5.168401203603318,-1.5489810445465615,0.2822540914689515,0.7717035986572388,0.06338083122158986,0.20113782849858888,-inf,-inf,-inf,uav_model,,3.0,0.0,1.5,0.0,0.0,0.0
dynamic,4,1789354320.171275854,1789354320.171154737,1789354320.088500500,13,1,unmatched_gt,,,,,,,,,,,,,,4.8042171128342135,3.814704410672207,0.17547700351204196,-0.08925920276893058,0.3994986810740153,-2.280199662592156,0.7984213829040527,0.7984211444854736,0.7968459129333496,sphere,,3.0,0.0,1.5,0.0,0.0,0.0
dynamic,4,1789354320.171275854,1789354320.171154737,1789354320.088500500,14,1,unmatched_gt,,,,,,,,,,,,,,-3.3146925912382095,3.3315579217140368,2.513454519000002,-0.26735611178017493,0.2210614644790304,0.7208692935728176,0.20000004768371582,0.20000004768371582,0.20000004768371582,box,,3.0,0.0,1.5,0.0,0.0,0.0
dynamic,4,1789354320.171275854,1789354320.171154737,1789354320.088500500,16,1,unmatched_gt,,,,,,,,,,,,,,2.728543409967189,-5.028469379554733,1.4202697935307271,-0.08511838285507947,0.1746435187242235,-0.8168325482903024,0.7984213829040527,0.7984213829040527,0.7968459129333496,sphere,,3.0,0.0,1.5,0.0,0.0,0.0
dynamic,4,1789354320.171275854,1789354320.171154737,1789354320.088500500,17,1,unmatched_gt,,,,,,,,,,,,,,-1.4652484969076913,5.197499070060305,0.0654573353488808,-0.21251313237448174,0.466498973966536,-0.614179839995221,-inf,-inf,-inf,uav_model,,3.0,0.0,1.5,0.0,0.0,0.0
dynamic,4,1789354320.171275854,1789354320.171154737,1789354320.088500500,18,1,unmatched_gt,,,,,,,,,,,,,,-2.366370758775684,-0.7823685354677115,0.8226698064054921,0.7289944123877315,0.31968101498726204,-1.5130793729962022,0.7984212636947632,0.7984213829040527,0.7968459129333496,sphere,,3.0,0.0,1.5,0.0,0.0,0.0
dynamic,4,1789354320.171275854,1789354320.171154737,1789354320.088500500,19,1,unmatched_gt,,,,,,,,,,,,,,-4.867547502336019,0.6688762436943942,1.5720509138970573,0.6686890853127057,0.018725408538664043,0.43875308119569634,-inf,-inf,-inf,uav_model,,3.0,0.0,1.5,0.0,0.0,0.0
dynamic,5,1789354320.286182880,1789354320.286039114,1789354320.188337803,15,1,matched,0.19356498576698256,5,0,0,3.023802224526977,0.008482698813562463,1.5305153131484985,0.7364400852864776,0.319002236211828,0.0,0.28004884719848633,0.22572867572307587,0.06095290184020996,3.0358839370176773,0.041607813805993835,1.340188849683739,0.4257676612869258,0.45531580541669897,0.5014074350665378,0.20000004768371582,0.20000001788139343,0.20000004768371582,box,,3.0,0.0,1.5,0.0,0.0,0.0
dynamic,5,1789354320.286182880,1789354320.286039114,1789354320.188337803,0,1,unmatched_gt,,,,,,,,,,,,,,3.8611785453994156,-2.3694235385032183,2.128340521334142,-0.25446645807235374,0.6749303946790869,0.345999687939806,0.20000004768371582,0.20000004768371582,0.20000004768371582,box,,3.0,0.0,1.5,0.0,0.0,0.0
dynamic,5,1789354320.286182880,1789354320.286039114,1789354320.188337803,1,1,unmatched_gt,,,,,,,,,,,,,,-4.7620193569327744,-5.193371440755667,2.0582989293214684,-0.40820061408375585,0.017402831770651352,-0.6878004071734817,-inf,-inf,-inf,uav_model,,3.0,0.0,1.5,0.0,0.0,0.0
dynamic,5,1789354320.286182880,1789354320.286039114,1789354320.188337803,2,1,unmatched_gt,,,,,,,,,,,,,,1.7597437886911094,-2.499350799732317,1.4499388074859199,0.09921509727868379,0.4311747599433464,-1.0009546943590595,0.7984212636947632,0.7984213829040527,0.7968459129333496,sphere,,3.0,0.0,1.5,0.0,0.0,0.0
dynamic,5,1789354320.286182880,1789354320.286039114,1789354320.188337803,3,1,unmatched_gt,,,,,,,,,,,,,,-2.1562366136538107,-0.862969613789727,1.6207364793889998,0.5445149125572183,0.584902109300124,-0.03732335112326857,-inf,-inf,-inf,uav_model,,3.0,0.0,1.5,0.0,0.0,0.0
dynamic,5,1789354320.286182880,1789354320.286039114,1789354320.188337803,4,1,unmatched_gt,,,,,,,,,,,,,,2.6249346518680614,5.731494898106625,2.1636787848943775,0.02015950636457931,0.0169122703580751,0.7995671137649871,-inf,-inf,-inf,uav_model,,3.0,0.0,1.5,0.0,0.0,0.0
dynamic,5,1789354320.286182880,1789354320.286039114,1789354320.188337803,5,1,unmatched_gt,,,,,,,,,,,,,,-2.8340842244931754,0.5330083320269896,1.308908932010055,0.08715452558959737,0.10570908598362783,0.6044482298016214,0.7984213829040527,0.7984213829040527,0.7968458533287048,sphere,,3.0,0.0,1.5,0.0,0.0,0.0
dynamic,5,1789354320.286182880,1789354320.286039114,1789354320.188337803,6,1,unmatched_gt,,,,,,,,,,,,,,-5.765571266703696,2.699237612737567,2.0074016942873696,-0.3204737292511341,0.05113199364880716,0.7312196031872841,-inf,-inf,-inf,uav_model,,3.0,0.0,1.5,0.0,0.0,0.0
dynamic,5,1789354320.286182880,1789354320.286039114,1789354320.188337803,7,1,unmatched_gt,,,,,,,,,,,,,,2.576211765700583,-2.6738128253091853,2.8020529895703556,-0.7470204593032734,0.06609908130950096,0.09481832698993654,0.7984213829040527,0.7984213829040527,0.7968459129333496,sphere,,3.0,0.0,1.5,0.0,0.0,0.0
dynamic,5,1789354320.286182880,1789354320.286039114,1789354320.188337803,8,1,unmatched_gt,,,,,,,,,,,,,,-2.7720231097195085,-3.2020176372641442,1.8419905036687774,0.2750171956725966,0.09057821638256335,0.7457621127419483,0.20000004768371582,0.20000004768371582,0.20000004768371582,box,,3.0,0.0,1.5,0.0,0.0,0.0
dynamic,5,1789354320.286182880,1789354320.286039114,1789354320.188337803,9,1,unmatched_gt,,,,,,,,,,,,,,-2.142525621951677,4.811016280087483,1.1761938251703683,-0.36832592705460193,0.6894941209653815,0.1700995844014439,-inf,-inf,-inf,uav_model,,3.0,0.0,1.5,0.0,0.0,0.0
dynamic,5,1789354320.286182880,1789354320.286039114,1789354320.188337803,10,1,unmatched_gt,,,,,,,,,,,,,,-5.798230567209614,-3.7986350534604885,0.2408094790175136,-0.7006389503041933,0.34950902220614277,-0.16415999729880645,-inf,-inf,-inf,uav_model,,3.0,0.0,1.5,0.0,0.0,0.0
dynamic,5,1789354320.286182880,1789354320.286039114,1789354320.188337803,11,1,unmatched_gt,,,,,,,,,,,,,,3.6343300439194843,-2.016038643913678,2.147073672088272,-0.1621262658396399,0.14737528356745305,-0.7694125029646369,0.19999980926513672,0.19999992847442627,0.20000004768371582,box,,3.0,0.0,1.5,0.0,0.0,0.0
dynamic,5,1789354320.286182880,1789354320.286039114,1789354320.188337803,12,1,unmatched_gt,,,,,,,,,,,,,,5.22600530888564,-1.5442499585688334,0.29726810030505213,0.7717035986572388,0.06338083122158986,0.20113782849858888,-inf,-inf,-inf,uav_model,,3.0,0.0,1.5,0.0,0.0,0.0
dynamic,5,1789354320.286182880,1789354320.286039114,1789354320.188337803,13,1,unmatched_gt,,,,,,,,,,,,,,1.8497079069957643,-0.30592326927274627,0.4834924323873094,-0.24720757402125054,0.165244567635891,-0.7426861034201161,0.7984212636947632,0.7984213829040527,0.7968458533287048,sphere,,3.0,0.0,1.5,0.0,0.0,0.0
dynamic,5,1789354320.286182880,1789354320.286039114,1789354320.188337803,14,1,unmatched_gt,,,,,,,,,,,,,,-3.37376170186475,3.3374526895386003,2.5199194771656095,-0.7913667278848381,0.07897398615765876,0.08661299848876422,0.20000004768371582,0.20000004768371582,0.20000004768371582,box,,3.0,0.0,1.5,0.0,0.0,0.0
dynamic,5,1789354320.286182880,1789354320.286039114,1789354320.188337803,16,1,unmatched_gt,,,,,,,,,,,,,,2.722190224005613,-5.01543409018219,1.353730851566283,-0.08511838285507947,0.1746435187242235,-0.8914719592903024,0.7984213829040527,0.7984213829040527,0.7968459129333496,sphere,,3.0,0.0,1.5,0.0,0.0,0.0
dynamic,5,1789354320.286182880,1789354320.286039114,1789354320.188337803,17,1,unmatched_gt,,,,,,,,,,,,,,-1.4811110230543596,5.232319751913031,0.01961337426362856,-0.21251313237448174,0.466498973966536,-0.614179839995221,-inf,-inf,-inf,uav_model,,3.0,0.0,1.5,0.0,0.0,0.0
dynamic,5,1789354320.286182880,1789354320.286039114,1789354320.188337803,18,1,unmatched_gt,,,,,,,,,,,,,,-2.3119574574629422,-0.7585070365359294,0.704159790913487,0.7289944123877315,0.31968101498726204,-1.5877209619962023,0.7984212636947632,0.7984213829040527,0.7968459129333496,sphere,,3.0,0.0,1.5,0.0,0.0,0.0
dynamic,5,1789354320.286182880,1789354320.286039114,1789354320.188337803,19,1,unmatched_gt,,,,,,,,,,,,,,-4.817637540005503,0.6702738804366647,1.6047987936454378,0.6686890853127057,0.018725408538664043,0.43875308119569634,-inf,-inf,-inf,uav_model,,3.0,0.0,1.5,0.0,0.0,0.0
dynamic,6,1789354320.374135494,1789354320.373742819,1789354320.288353205,15,1,matched,0.1342724837335551,5,0,0,3.043305316036165,0.017918037331762036,1.4925243854522705,0.5402062309487444,0.24385981829013237,0.0,0.3105621337890625,0.27924293279647827,0.018349409103393555,3.1093939062478038,0.04459523863380687,1.3787275266972676,0.7080741312807795,0.02877593694942573,0.3712182243150951,0.20000004768371582,0.20000000298023224,0.20000004768371582,box,,3.0,0.0,1.5,0.0,0.0,0.0
dynamic,6,1789354320.374135494,1789354320.373742819,1789354320.288353205,11,1,matched,0.11738029033286647,6,1,0,3.6097912788391113,-1.9586892127990723,2.162851095199585,0.0,0.0,0.0,0.3686962127685547,0.2906665802001953,0.37388157844543457,3.7036983704280244,-1.9986394343867928,2.104854797877846,0.6682161703095912,0.16760434829054086,-0.4066889870292611,0.20000004768371582,0.20000004768371582,0.20000004768371582,box,,3.0,0.0,1.5,0.0,0.0,0.0
dynamic,6,1789354320.374135494,1789354320.373742819,1789354320.288353205,2,1,matched,0.41048332256601966,8,2,0,1.89720618724823,-2.2459614276885986,1.6651142835617065,0.0,0.0,0.0,0.8192298412322998,0.46404600143432617,0.4619307518005371,1.770041918233742,-2.454596587367461,1.3352701128740536,0.09921509727868379,0.4311747599433464,-1.1047506873590596,0.7984213829040527,0.7984213829040527,0.7968459129333496,sphere,,3.0,0.0,1.5,0.0,0.0,0.0
dynamic,6,1789354320.374135494,1789354320.373742819,1789354320.288353205,7,1,matched,0.34954005745922795,9,3,0,2.6447179317474365,-2.390681266784668,2.644524097442627,0.0,0.0,0.0,0.9119937419891357,0.470564603805542,0.6440920829772949,2.4986675220644994,-2.6669514292103877,2.8011201604624647,-0.7470204593032734,0.06609908130950096,-0.008986385010063463,0.7984213829040527,0.7984213829040527,0.7968459129333496,sphere,,3.0,0.0,1.5,0.0,0.0,0.0
dynamic,6,1789354320.374135494,1789354320.373742819,1789354320.288353205,0,1,matched,0.19253121819538002,4,4,0,3.910170793533325,-2.3315203189849854,2.0095415115356445,0.0,0.0,0.0,0.39212584495544434,0.27020764350891113,0.3626878261566162,3.7892486241812797,-2.341509340192435,2.1590283617744177,-0.693005782756968,0.26893816262821446,0.2956607003772436,0.20000004768371582,0.19999980926513672,0.20000004768371582,box,,3.0,0.0,1.5,0.0,0.0,0.0
dynamic,6,1789354320.374135494,1789354320.373742819,1789354320.288353205,1,1,unmatched_gt,,,,,,,,,,,,,,-4.804388783367364,-5.191565103442541,1.9869082754420537,-0.40820061408375585,0.017402831770651352,-0.6878004071734817,-inf,-inf,-inf,uav_model,,3.0,0.0,1.5,0.0,0.0,0.0
dynamic,6,1789354320.374135494,1789354320.373742819,1789354320.288353205,3,1,unmatched_gt,,,,,,,,,,,,,,-2.0997161318074196,-0.8022569532395175,1.6168623269260265,0.5445149125572183,0.584902109300124,-0.03732335112326857,-inf,-inf,-inf,uav_model,,3.0,0.0,1.5,0.0,0.0,0.0
dynamic,6,1789354320.374135494,1789354320.373742819,1789354320.288353205,4,1,unmatched_gt,,,,,,,,,,,,,,2.6270272156643726,5.733250397672176,2.246674130352106,0.02015950636457931,0.0169122703580751,0.7995671137649871,-inf,-inf,-inf,uav_model,,3.0,0.0,1.5,0.0,0.0,0.0
dynamic,6,1789354320.374135494,1789354320.373742819,1789354320.288353205,5,1,unmatched_gt,,,,,,,,,,,,,,-2.8250375123115643,0.5439810229963407,1.3608765480436518,0.08715452558959737,0.10570908598362783,0.5006473988016213,0.7984213829040527,0.7984213829040527,0.7968458533287048,sphere,,3.0,0.0,1.5,0.0,0.0,0.0
dynamic,6,1789354320.374135494,1789354320.373742819,1789354320.288353205,6,1,unmatched_gt,,,,,,,,,,,,,,-5.7988377970062075,2.7045453302223064,2.083305385813229,-0.3204737292511341,0.05113199364880716,0.7312196031872841,-inf,-inf,-inf,uav_model,,3.0,0.0,1.5,0.0,0.0,0.0
dynamic,6,1789354320.374135494,1789354320.373742819,1789354320.288353205,8,1,unmatched_gt,,,,,,,,,,,,,,-2.780247235132383,-3.192423754840943,1.9240704125280967,-0.07922389713182698,0.09241891581574116,0.7906847147395026,0.20000004768371582,0.20000004768371582,0.20000004768371582,box,,3.0,0.0,1.5,0.0,0.0,0.0
dynamic,6,1789354320.374135494,1789354320.373742819,1789354320.288353205,9,1,unmatched_gt,,,,,,,,,,,,,,-2.180761495555037,4.882592588251052,1.1938518441460284,-0.36832592705460193,0.6894941209653815,0.1700995844014439,-inf,-inf,-inf,uav_model,,3.0,0.0,1.5,0.0,0.0,0.0
dynamic,6,1789354320.374135494,1789354320.373742819,1789354320.288353205,10,1,unmatched_gt,,,,,,,,,,,,,,-5.870964251164001,-3.7623523450137037,0.22376794663296587,-0.7006389503041933,0.34950902220614277,-0.16415999729880645,-inf,-inf,-inf,uav_model,,3.0,0.0,1.5,0.0,0.0,0.0
dynamic,6,1789354320.374135494,1789354320.373742819,1789354320.288353205,12,1,unmatched_gt,,,,,,,,,,,,,,5.306117779460802,-1.537670236788212,0.31814871871240796,0.7717035986572388,0.06338083122158986,0.20113782849858888,-inf,-inf,-inf,uav_model,,3.0,0.0,1.5,0.0,0.0,0.0
dynamic,6,1789354320.374135494,1789354320.373742819,1789354320.288353205,13,1,unmatched_gt,,,,,,,,,,,,,,1.824044566396087,-0.2887687478618378,0.39561489508829484,-0.24720757402125054,0.165244567635891,-0.8464990254201161,0.7984212636947632,0.7984213829040527,0.7968458533287048,sphere,,3.0,0.0,1.5,0.0,0.0,0.0
dynamic,6,1789354320.374135494,1789354320.373742819,1789354320.288353205,14,1,unmatched_gt,,,,,,,,,,,,,,-3.435695527426968,3.3920516229542454,2.5289111010028003,-0.5965763158267565,0.5259231163179835,0.08661163384300534,0.20000004768371582,0.20000004768371582,0.19999980926513672,box,,3.0,0.0,1.5,0.0,0.0,0.0
dynamic,6,1789354320.374135494,1789354320.373742819,1789354320.288353205,16,1,unmatched_gt,,,,,,,,,,,,,,2.713353379135152,-4.9973028988833015,1.2504015209303985,-0.08511838285507947,0.1746435187242235,-0.9952902482903024,0.7984213829040527,0.7984213829040527,0.7968458533287048,sphere,,3.0,0.0,1.5,0.0,0.0,0.0
dynamic,6,1789354320.374135494,1789354320.373742819,1789354320.288353205,17,1,unmatched_gt,,,,,,,,,,,,,,0.6289438859694378,-2.534381130959085,2.821859786203997,-0.5475408968425944,0.10217964608655447,-0.5742458412652492,-inf,-inf,-inf,uav_model,,3.0,0.0,1.5,0.0,0.0,0.0
dynamic,6,1789354320.374135494,1789354320.373742819,1789354320.288353205,18,1,unmatched_gt,,,,,,,,,,,,,,-2.2362744057350477,-0.7253182570575505,0.5285468359300758,0.7289944123877315,0.31968101498726204,-1.6915393869962023,0.7984215021133423,0.7984214425086975,0.7968459129333496,sphere,,3.0,0.0,1.5,0.0,0.0,0.0
dynamic,6,1789354320.374135494,1789354320.373742819,1789354320.288353205,19,1,unmatched_gt,,,,,,,,,,,,,,-4.748211549700836,0.6722180276647419,1.6503519032000675,0.6686890853127057,0.018725408538664043,0.43875308119569634,-inf,-inf,-inf,uav_model,,3.0,0.0,1.5,0.0,0.0,0.0
dynamic,7,1789354320.474222898,1789354320.473639250,1789354320.388396978,15,1,matched,0.09580141272057824,5,0,0,3.06789501144556,0.01837411310576752,1.522128939628601,0.37549444411635285,0.15458786879458147,0.0,0.21924328804016113,0.27648502588272095,0.039145827293395996,3.063010945785358,0.05735518133593211,1.4347531254606023,-0.5024908975103689,0.1382351405914053,0.6069546472553764,0.19999980926513672,0.20000001788139343,0.19999992847442627,box,,3.0,0.0,1.5,0.0,0.0,0.0
dynamic,7,1789354320.474222898,1789354320.473639250,1789354320.388396978,11,1,matched,0.11877119738836879,6,1,0,3.717921580736062,-1.9292725458101259,2.145591974258423,-1.3339274129321914,2.791009251074103,0.0,0.19512367248535156,0.16940879821777344,0.38700830936431885,3.7258062464438617,-1.977891724408493,2.0375151273014396,0.23948876181023723,0.22475444359926017,-0.7294728048727974,0.19999980926513672,0.20000004768371582,0.19999992847442627,box,,3.0,0.0,1.5,0.0,0.0,0.0
dynamic,7,1789354320.474222898,1789354320.473639250,1789354320.388396978,0,1,unmatched_gt,,,,,,,,,,,,,,3.744557611001768,-2.2890364116998723,2.132468648137008,-0.48402578566994087,0.568307778971073,-0.28765484033397165,0.19999980926513672,0.20000004768371582,0.20000004768371582,box,,3.0,0.0,1.5,0.0,0.0,0.0
dynamic,7,1789354320.474222898,1789354320.473639250,1789354320.388396978,1,1,unmatched_gt,,,,,,,,,,,,,,-4.842078672662811,-5.189958269008117,1.9234024395630014,-0.40820061408375585,0.017402831770651352,-0.6878004071734817,-inf,-inf,-inf,uav_model,,3.0,0.0,1.5,0.0,0.0,0.0
dynamic,7,1789354320.474222898,1789354320.473639250,1789354320.388396978,2,1,unmatched_gt,,,,,,,,,,,,,,1.779202593416385,-2.414785590542043,1.2247417653108021,0.09921509727868379,0.4311747599433464,-1.1970821513590595,0.7984215021133423,0.7984213829040527,0.7968459129333496,sphere,,3.0,0.0,1.5,0.0,0.0,0.0
dynamic,7,1789354320.474222898,1789354320.473639250,1789354320.388396978,3,1,unmatched_gt,,,,,,,,,,,,,,-2.0494426599145563,-0.7482546494019963,1.6134163709010003,0.5445149125572183,0.584902109300124,-0.03732335112326857,-inf,-inf,-inf,uav_model,,3.0,0.0,1.5,0.0,0.0,0.0
dynamic,7,1789354320.474222898,1789354320.473639250,1789354320.388396978,4,1,unmatched_gt,,,,,,,,,,,,,,2.6288884688008283,5.734811845441744,2.3204952235568843,0.02015950636457931,0.0169122703580751,0.7995671137649871,-inf,-inf,-inf,uav_model,,3.0,0.0,1.5,0.0,0.0,0.0
dynamic,7,1789354320.474222898,1789354320.473639250,1789354320.388396978,5,1,unmatched_gt,,,,,,,,,,,,,,-2.816990885063606,0.5537407182718106,1.3985752241374882,0.08715452558959737,0.10570908598362783,0.40832141580162135,0.7984213829040527,0.7984213829040527,0.7968459129333496,sphere,,3.0,0.0,1.5,0.0,0.0,0.0
dynamic,7,1789354320.474222898,1789354320.473639250,1789354320.388396978,6,1,unmatched_gt,,,,,,,,,,,,,,-5.828424399261843,2.709265910477543,2.1508126464288804,-0.3204737292511341,0.05113199364880716,0.7312196031872841,-inf,-inf,-inf,uav_model,,3.0,0.0,1.5,0.0,0.0,0.0
dynamic,7,1789354320.474222898,1789354320.473639250,1789354320.388396978,7,1,unmatched_gt,,,,,,,,,,,,,,2.4297014077401524,-2.6608490571246524,2.791767247710744,-0.7470204593032734,0.06609908130950096,-0.10130797201006347,0.7984213829040527,0.7984213829040527,0.7968459129333496,sphere,,3.0,0.0,1.5,0.0,0.0,0.0
dynamic,7,1789354320.474222898,1789354320.473639250,1789354320.388396978,8,1,unmatched_gt,,,,,,,,,,,,,,-2.7391934947937013,-3.138351576866951,1.8950012170769706,0.4447091526300435,0.5857296375262939,-0.31488817267465774,0.20000004768371582,0.20000004768371582,0.19999992847442627,box,,3.0,0.0,1.5,0.0,0.0,0.0
dynamic,7,1789354320.474222898,1789354320.473639250,1789354320.388396978,9,1,unmatched_gt,,,,,,,,,,,,,,-2.214763420637749,4.946243082891794,1.2095545490076411,-0.36832592705460193,0.6894941209653815,0.1700995844014439,-inf,-inf,-inf,uav_model,,3.0,0.0,1.5,0.0,0.0,0.0
dynamic,7,1789354320.474222898,1789354320.473639250,1789354320.388396978,10,1,unmatched_gt,,,,,,,,,,,,,,-5.935642899298426,-3.7300878369425163,0.20861371248936333,-0.7006389503041933,0.34950902220614277,-0.16415999729880645,-inf,-inf,-inf,uav_model,,3.0,0.0,1.5,0.0,0.0,0.0
dynamic,7,1789354320.474222898,1789354320.473639250,1789354320.388396978,12,1,unmatched_gt,,,,,,,,,,,,,,5.377355424825215,-1.5318194137710308,0.336716191147268,0.7717035986572388,0.06338083122158986,0.20113782849858888,-inf,-inf,-inf,uav_model,,3.0,0.0,1.5,0.0,0.0,0.0
dynamic,7,1789354320.474222898,1789354320.473639250,1789354320.388396978,13,1,unmatched_gt,,,,,,,,,,,,,,1.801224462201956,-0.27351477246931616,0.3089518779908775,-0.24720757402125054,0.165244567635891,-0.9388105344201161,0.7984213829040527,0.7984213829040527,0.7968459129333496,sphere,,3.0,0.0,1.5,0.0,0.0,0.0
dynamic,7,1789354320.474222898,1789354320.473639250,1789354320.388396978,14,1,unmatched_gt,,,,,,,,,,,,,,-3.422084465582179,3.4193341302626967,2.5961692864441335,0.14745309859333655,0.2955603527410832,0.7286299895027588,0.20000004768371582,0.20000004768371582,0.20000004768371582,box,,3.0,0.0,1.5,0.0,0.0,0.0
dynamic,7,1789354320.474222898,1789354320.473639250,1789354320.388396978,16,1,unmatched_gt,,,,,,,,,,,,,,2.705496585111806,-4.981182548518272,1.150011849768163,-0.08511838285507947,0.1746435187242235,-1.0875945632903024,0.7984213829040527,0.7984213829040527,0.7968459129333496,sphere,,3.0,0.0,1.5,0.0,0.0,0.0
dynamic,7,1789354320.474222898,1789354320.473639250,1789354320.388396978,17,1,unmatched_gt,,,,,,,,,,,,,,0.5784065450694466,-2.524950077247674,2.76885761228827,-0.5475408968425944,0.10217964608655447,-0.5742458412652492,-inf,-inf,-inf,uav_model,,3.0,0.0,1.5,0.0,0.0,0.0
dynamic,7,1789354320.474222898,1789354320.473639250,1789354320.388396978,18,1,unmatched_gt,,,,,,,,,,,,,,-2.1689910200812093,-0.6958129266296428,0.36390566299469507,0.7289944123877315,0.31968101498726204,-1.7838355479962023,0.7984215021133423,0.7984213829040527,0.7968458533287048,sphere,,3.0,0.0,1.5,0.0,0.0,0.0
dynamic,7,1789354320.474222898,1789354320.473639250,1789354320.388396978,19,1,unmatched_gt,,,,,,,,,,,,,,-4.686498046784383,0.6739462008618896,1.6908445479144811,0.6686890853127057,0.018725408538664043,0.43875308119569634,-inf,-inf,-inf,uav_model,,3.0,0.0,1.5,0.0,0.0,0.0
dynamic,8,1789354320.571813107,1789354320.571683407,1789354320.388396978,unmatched_est_10,,unmatched_estimate,,10,0,0,2.675349712371826,-4.636791229248047,1.3440035581588745,0.0,0.0,0.0,0.5814714431762695,0.14426946640014648,0.4094587564468384,,,,,,,,,,,,3.0,0.0,1.5,0.0,0.0,0.0
dynamic,8,1789354320.571813107,1789354320.571683407,1789354320.388396978,unmatched_est_8,,unmatched_estimate,,8,1,0,1.8946369886398315,-2.22137713432312,1.5565991401672363,0.0,0.0,0.0,0.8502047061920166,0.5743799209594727,0.5085244178771973,,,,,,,,,,,,3.0,0.0,1.5,0.0,0.0,0.0
dynamic,8,1789354320.571813107,1789354320.571683407,1789354320.388396978,unmatched_est_11,,unmatched_estimate,,11,2,0,-2.4831206798553467,0.5703915953636169,1.4567928314208984,0.0,0.0,0.0,0.1417074203491211,0.6847484111785889,0.48088932037353516,,,,,,,,,,,,3.0,0.0,1.5,0.0,0.0,0.0
dynamic,8,1789354320.571813107,1789354320.571683407,1789354320.388396978,unmatched_est_5,,unmatched_estimate,,5,3,0,3.0668897087746374,0.027110563730304328,1.5375593900680542,0.18111854545204822,0.0894820185987853,0.0,0.17477011680603027,0.25255507230758667,0.06457877159118652,,,,,,,,,,,,3.0,0.0,1.5,0.0,0.0,0.0
dynamic,8,1789354320.571813107,1789354320.571683407,1789354320.388396978,unmatched_est_9,,unmatched_estimate,,9,4,0,2.51482892036438,-2.420341968536377,2.6510212421417236,0.0,0.0,0.0,0.9374685287475586,0.6193652153015137,0.6737723350524902,,,,,,,,,,,,3.0,0.0,1.5,0.0,0.0,0.0
dynamic,9,1789354320.671796799,1789354320.671671152,1789354320.388396978,unmatched_est_10,,unmatched_estimate,,10,0,0,2.675349712371826,-4.636791229248047,1.3440035581588745,0.0,0.0,0.0,0.5814714431762695,0.14426946640014648,0.4094587564468384,,,,,,,,,,,,3.0,0.0,1.5,0.0,0.0,0.0
dynamic,9,1789354320.671796799,1789354320.671671152,1789354320.388396978,unmatched_est_8,,unmatched_estimate,,8,1,0,1.8946369886398315,-2.22137713432312,1.5565991401672363,0.0,0.0,0.0,0.8502047061920166,0.5743799209594727,0.5085244178771973,,,,,,,,,,,,3.0,0.0,1.5,0.0,0.0,0.0
dynamic,9,1789354320.671796799,1789354320.671671152,1789354320.388396978,unmatched_est_11,,unmatched_estimate,,11,2,0,-2.4831206798553467,0.5703915953636169,1.4567928314208984,0.0,0.0,0.0,0.1417074203491211,0.6847484111785889,0.48088932037353516,,,,,,,,,,,,3.0,0.0,1.5,0.0,0.0,0.0
dynamic,9,1789354320.671796799,1789354320.671671152,1789354320.388396978,unmatched_est_5,,unmatched_estimate,,5,3,0,3.0586476980563875,0.029457183238220077,1.5375593900680542,0.023170342313212758,0.03189970356563136,0.0,0.17477011680603027,0.25255507230758667,0.06457877159118652,,,,,,,,,,,,3.0,0.0,1.5,0.0,0.0,0.0
dynamic,9,1789354320.671796799,1789354320.671671152,1789354320.388396978,unmatched_est_9,,unmatched_estimate,,9,4,0,2.51482892036438,-2.420341968536377,2.6510212421417236,0.0,0.0,0.0,0.9374685287475586,0.6193652153015137,0.6737723350524902,,,,,,,,,,,,3.0,0.0,1.5,0.0,0.0,0.0
dynamic,10,1789354320.771362305,1789354320.771241426,1789354320.388396978,unmatched_est_10,,unmatched_estimate,,10,0,0,2.675349712371826,-4.636791229248047,1.3440035581588745,0.0,0.0,0.0,0.5814714431762695,0.14426946640014648,0.4094587564468384,,,,,,,,,,,,3.0,0.0,1.5,0.0,0.0,0.0
dynamic,10,1789354320.771362305,1789354320.771241426,1789354320.388396978,unmatched_est_8,,unmatched_estimate,,8,1,0,1.8946369886398315,-2.22137713432312,1.5565991401672363,0.0,0.0,0.0,0.8502047061920166,0.5743799209594727,0.5085244178771973,,,,,,,,,,,,3.0,0.0,1.5,0.0,0.0,0.0
dynamic,10,1789354320.771362305,1789354320.771241426,1789354320.388396978,unmatched_est_11,,unmatched_estimate,,11,2,0,-2.4831206798553467,0.5703915953636169,1.4567928314208984,0.0,0.0,0.0,0.1417074203491211,0.6847484111785889,0.48088932037353516,,,,,,,,,,,,3.0,0.0,1.5,0.0,0.0,0.0
dynamic,10,1789354320.771362305,1789354320.771241426,1789354320.388396978,unmatched_est_5,,unmatched_estimate,,5,3,0,3.046757405742237,0.02914254294833203,1.5375593900680542,-0.10941348403076831,-0.003083644897647928,0.0,0.17477011680603027,0.25255507230758667,0.06457877159118652,,,,,,,,,,,,3.0,0.0,1.5,0.0,0.0,0.0
dynamic,10,1789354320.771362305,1789354320.771241426,1789354320.388396978,unmatched_est_9,,unmatched_estimate,,9,4,0,2.51482892036438,-2.420341968536377,2.6510212421417236,0.0,0.0,0.0,0.9374685287475586,0.6193652153015137,0.6737723350524902,,,,,,,,,,,,3.0,0.0,1.5,0.0,0.0,0.0
dynamic,11,1789354320.871800661,1789354320.871631622,1789354320.388396978,unmatched_est_10,,unmatched_estimate,,10,0,0,2.675349712371826,-4.636791229248047,1.3440035581588745,0.0,0.0,0.0,0.5814714431762695,0.14426946640014648,0.4094587564468384,,,,,,,,,,,,3.0,0.0,1.5,0.0,0.0,0.0
dynamic,11,1789354320.871800661,1789354320.871631622,1789354320.388396978,unmatched_est_8,,unmatched_estimate,,8,1,0,1.8946369886398315,-2.22137713432312,1.5565991401672363,0.0,0.0,0.0,0.8502047061920166,0.5743799209594727,0.5085244178771973,,,,,,,,,,,,3.0,0.0,1.5,0.0,0.0,0.0
dynamic,11,1789354320.871800661,1789354320.871631622,1789354320.388396978,unmatched_est_11,,unmatched_estimate,,11,2,0,-2.4831206798553467,0.5703915953636169,1.4567928314208984,0.0,0.0,0.0,0.1417074203491211,0.6847484111785889,0.48088932037353516,,,,,,,,,,,,3.0,0.0,1.5,0.0,0.0,0.0
dynamic,11,1789354320.871800661,1789354320.871631622,1789354320.388396978,unmatched_est_5,,unmatched_estimate,,5,3,0,3.0359714105776217,0.027197246050683327,1.5375593900680542,-0.18191239216293412,-0.03208992711065165,0.0,0.17477011680603027,0.25255507230758667,0.06457877159118652,,,,,,,,,,,,3.0,0.0,1.5,0.0,0.0,0.0
dynamic,11,1789354320.871800661,1789354320.871631622,1789354320.388396978,unmatched_est_9,,unmatched_estimate,,9,4,0,2.51482892036438,-2.420341968536377,2.6510212421417236,0.0,0.0,0.0,0.9374685287475586,0.6193652153015137,0.6737723350524902,,,,,,,,,,,,3.0,0.0,1.5,0.0,0.0,0.0
dynamic,12,1789354320.971839190,1789354320.971701145,1789354320.388396978,unmatched_est_10,,unmatched_estimate,,10,0,0,2.675349712371826,-4.636791229248047,1.3440035581588745,0.0,0.0,0.0,0.5814714431762695,0.14426946640014648,0.4094587564468384,,,,,,,,,,,,3.0,0.0,1.5,0.0,0.0,0.0
dynamic,12,1789354320.971839190,1789354320.971701145,1789354320.388396978,unmatched_est_8,,unmatched_estimate,,8,1,0,1.8946369886398315,-2.22137713432312,1.5565991401672363,0.0,0.0,0.0,0.8502047061920166,0.5743799209594727,0.5085244178771973,,,,,,,,,,,,3.0,0.0,1.5,0.0,0.0,0.0
dynamic,12,1789354320.971839190,1789354320.971701145,1789354320.388396978,unmatched_est_11,,unmatched_estimate,,11,2,0,-2.4831206798553467,0.5703915953636169,1.4567928314208984,0.0,0.0,0.0,0.1417074203491211,0.6847484111785889,0.48088932037353516,,,,,,,,,,,,3.0,0.0,1.5,0.0,0.0,0.0
dynamic,12,1789354320.971839190,1789354320.971701145,1789354320.388396978,unmatched_est_5,,unmatched_estimate,,5,3,0,3.0283878454482824,0.025025743441235898,1.5375593900680542,-0.20004179731967067,-0.04766941401685094,0.0,0.17477011680603027,0.25255507230758667,0.06457877159118652,,,,,,,,,,,,3.0,0.0,1.5,0.0,0.0,0.0
dynamic,12,1789354320.971839190,1789354320.971701145,1789354320.388396978,unmatched_est_9,,unmatched_estimate,,9,4,0,2.51482892036438,-2.420341968536377,2.6510212421417236,0.0,0.0,0.0,0.9374685287475586,0.6193652153015137,0.6737723350524902,,,,,,,,,,,,3.0,0.0,1.5,0.0,0.0,0.0
dynamic,13,1789354321.071740389,1789354321.071616173,1789354320.388396978,unmatched_est_10,,unmatched_estimate,,10,0,0,2.675349712371826,-4.636791229248047,1.3440035581588745,0.0,0.0,0.0,0.5814714431762695,0.14426946640014648,0.4094587564468384,,,,,,,,,,,,3.0,0.0,1.5,0.0,0.0,0.0
dynamic,13,1789354321.071740389,1789354321.071616173,1789354320.388396978,unmatched_est_8,,unmatched_estimate,,8,1,0,1.8946369886398315,-2.22137713432312,1.5565991401672363,0.0,0.0,0.0,0.8502047061920166,0.5743799209594727,0.5085244178771973,,,,,,,,,,,,3.0,0.0,1.5,0.0,0.0,0.0
dynamic,13,1789354321.071740389,1789354321.071616173,1789354320.388396978,unmatched_est_11,,unmatched_estimate,,11,2,0,-2.4831206798553467,0.5703915953636169,1.4567928314208984,0.0,0.0,0.0,0.1417074203491211,0.6847484111785889,0.48088932037353516,,,,,,,,,,,,3.0,0.0,1.5,0.0,0.0,0.0
dynamic,13,1789354321.071740389,1789354321.071616173,1789354320.388396978,unmatched_est_5,,unmatched_estimate,,5,3,0,3.0248033479092236,0.023323454096914262,1.5375593900680542,-0.1744942229807223,-0.05124523644354122,0.0,0.17477011680603027,0.25255507230758667,0.06457877159118652,,,,,,,,,,,,3.0,0.0,1.5,0.0,0.0,0.0
dynamic,13,1789354321.071740389,1789354321.071616173,1789354320.388396978,unmatched_est_9,,unmatched_estimate,,9,4,0,2.51482892036438,-2.420341968536377,2.6510212421417236,0.0,0.0,0.0,0.9374685287475586,0.6193652153015137,0.6737723350524902,,,,,,,,,,,,3.0,0.0,1.5,0.0,0.0,0.0
dynamic,14,1789354321.171666861,1789354321.171516418,1789354320.388396978,unmatched_est_10,,unmatched_estimate,,10,0,0,2.675349712371826,-4.636791229248047,1.3440035581588745,0.0,0.0,0.0,0.5814714431762695,0.14426946640014648,0.4094587564468384,,,,,,,,,,,,3.0,0.0,1.5,0.0,0.0,0.0
dynamic,14,1789354321.171666861,1789354321.171516418,1789354320.388396978,unmatched_est_8,,unmatched_estimate,,8,1,0,1.8946369886398315,-2.22137713432312,1.5565991401672363,0.0,0.0,0.0,0.8502047061920166,0.5743799209594727,0.5085244178771973,,,,,,,,,,,,3.0,0.0,1.5,0.0,0.0,0.0
dynamic,14,1789354321.171666861,1789354321.171516418,1789354320.388396978,unmatched_est_11,,unmatched_estimate,,11,2,0,-2.4831206798553467,0.5703915953636169,1.4567928314208984,0.0,0.0,0.0,0.1417074203491211,0.6847484111785889,0.48088932037353516,,,,,,,,,,,,3.0,0.0,1.5,0.0,0.0,0.0
dynamic,14,1789354321.171666861,1789354321.171516418,1789354320.388396978,unmatched_est_5,,unmatched_estimate,,5,3,0,3.0247365624500966,0.02244709243607504,1.5375593900680542,-0.12359909654549289,-0.04478188023664715,0.0,0.17477011680603027,0.25255507230758667,0.06457877159118652,,,,,,,,,,,,3.0,0.0,1.5,0.0,0.0,0.0
dynamic,14,1789354321.171666861,1789354321.171516418,1789354320.388396978,unmatched_est_9,,unmatched_estimate,,9,4,0,2.51482892036438,-2.420341968536377,2.6510212421417236,0.0,0.0,0.0,0.9374685287475586,0.6193652153015137,0.6737723350524902,,,,,,,,,,,,3.0,0.0,1.5,0.0,0.0,0.0
dynamic,15,1789354321.271494150,1789354321.271311760,1789354320.388396978,unmatched_est_10,,unmatched_estimate,,10,0,0,2.675349712371826,-4.636791229248047,1.3440035581588745,0.0,0.0,0.0,0.5814714431762695,0.14426946640014648,0.4094587564468384,,,,,,,,,,,,3.0,0.0,1.5,0.0,0.0,0.0
dynamic,15,1789354321.271494150,1789354321.271311760,1789354320.388396978,unmatched_est_8,,unmatched_estimate,,8,1,0,1.8946369886398315,-2.22137713432312,1.5565991401672363,0.0,0.0,0.0,0.8502047061920166,0.5743799209594727,0.5085244178771973,,,,,,,,,,,,3.0,0.0,1.5,0.0,0.0,0.0
dynamic,15,1789354321.271494150,1789354321.271311760,1789354320.388396978,unmatched_est_11,,unmatched_estimate,,11,2,0,-2.4831206798553467,0.5703915953636169,1.4567928314208984,0.0,0.0,0.0,0.1417074203491211,0.6847484111785889,0.48088932037353516,,,,,,,,,,,,3.0,0.0,1.5,0.0,0.0,0.0
dynamic,15,1789354321.271494150,1789354321.271311760,1789354320.388396978,unmatched_est_5,,unmatched_estimate,,5,3,0,3.027120802707159,0.022376516075359638,1.5375593900680542,-0.06491327995687489,-0.03229162521340689,0.0,0.17477011680603027,0.25255507230758667,0.06457877159118652,,,,,,,,,,,,3.0,0.0,1.5,0.0,0.0,0.0
dynamic,15,1789354321.271494150,1789354321.271311760,1789354320.388396978,unmatched_est_9,,unmatched_estimate,,9,4,0,2.51482892036438,-2.420341968536377,2.6510212421417236,0.0,0.0,0.0,0.9374685287475586,0.6193652153015137,0.6737723350524902,,,,,,,,,,,,3.0,0.0,1.5,0.0,0.0,0.0
dynamic,16,1789354321.371505737,1789354321.371305466,1789354320.388396978,unmatched_est_10,,unmatched_estimate,,10,0,0,2.675349712371826,-4.636791229248047,1.3440035581588745,0.0,0.0,0.0,0.5814714431762695,0.14426946640014648,0.4094587564468384,,,,,,,,,,,,3.0,0.0,1.5,0.0,0.0,0.0
dynamic,16,1789354321.371505737,1789354321.371305466,1789354320.388396978,unmatched_est_8,,unmatched_estimate,,8,1,0,1.8946369886398315,-2.22137713432312,1.5565991401672363,0.0,0.0,0.0,0.8502047061920166,0.5743799209594727,0.5085244178771973,,,,,,,,,,,,3.0,0.0,1.5,0.0,0.0,0.0
dynamic,16,1789354321.371505737,1789354321.371305466,1789354320.388396978,unmatched_est_11,,unmatched_estimate,,11,2,0,-2.4831206798553467,0.5703915953636169,1.4567928314208984,0.0,0.0,0.0,0.1417074203491211,0.6847484111785889,0.48088932037353516,,,,,,,,,,,,3.0,0.0,1.5,0.0,0.0,0.0
dynamic,16,1789354321.371505737,1789354321.371305466,1789354320.388396978,unmatched_est_5,,unmatched_estimate,,5,3,0,3.030700565746088,0.022905684952819826,1.5375593900680542,-0.012426399251630103,-0.017778642783409435,0.0,0.17477011680603027,0.25255507230758667,0.06457877159118652,,,,,,,,,,,,3.0,0.0,1.5,0.0,0.0,0.0
dynamic,16,1789354321.371505737,1789354321.371305466,1789354320.388396978,unmatched_est_9,,unmatched_estimate,,9,4,0,2.51482892036438,-2.420341968536377,2.6510212421417236,0.0,0.0,0.0,0.9374685287475586,0.6193652153015137,0.6737723350524902,,,,,,,,,,,,3.0,0.0,1.5,0.0,0.0,0.0
dynamic,17,1789354321.471439123,1789354321.471323729,1789354320.388396978,unmatched_est_10,,unmatched_estimate,,10,0,0,2.675349712371826,-4.636791229248047,1.3440035581588745,0.0,0.0,0.0,0.5814714431762695,0.14426946640014648,0.4094587564468384,,,,,,,,,,,,3.0,0.0,1.5,0.0,0.0,0.0
dynamic,17,1789354321.471439123,1789354321.471323729,1789354320.388396978,unmatched_est_8,,unmatched_estimate,,8,1,0,1.8946369886398315,-2.22137713432312,1.5565991401672363,0.0,0.0,0.0,0.8502047061920166,0.5743799209594727,0.5085244178771973,,,,,,,,,,,,3.0,0.0,1.5,0.0,0.0,0.0
dynamic,17,1789354321.471439123,1789354321.471323729,1789354320.388396978,unmatched_est_11,,unmatched_estimate,,11,2,0,-2.4831206798553467,0.5703915953636169,1.4567928314208984,0.0,0.0,0.0,0.1417074203491211,0.6847484111785889,0.48088932037353516,,,,,,,,,,,,3.0,0.0,1.5,0.0,0.0,0.0
dynamic,17,1789354321.471439123,1789354321.471323729,1789354320.388396978,unmatched_est_5,,unmatched_estimate,,5,3,0,3.034376028998329,0.023750530206822627,1.5375593900680542,0.025508165865689433,-0.004595225800005442,0.0,0.17477011680603027,0.25255507230758667,0.06457877159118652,,,,,,,,,,,,3.0,0.0,1.5,0.0,0.0,0.0
dynamic,17,1789354321.471439123,1789354321.471323729,1789354320.388396978,unmatched_est_9,,unmatched_estimate,,9,4,0,2.51482892036438,-2.420341968536377,2.6510212421417236,0.0,0.0,0.0,0.9374685287475586,0.6193652153015137,0.6737723350524902,,,,,,,,,,,,3.0,0.0,1.5,0.0,0.0,0.0
dynamic,18,1789354321.571501255,1789354321.571322203,1789354320.388396978,unmatched_est_10,,unmatched_estimate,,10,0,0,2.675349712371826,-4.636791229248047,1.3440035581588745,0.0,0.0,0.0,0.5814714431762695,0.14426946640014648,0.4094587564468384,,,,,,,,,,,,3.0,0.0,1.5,0.0,0.0,0.0
dynamic,18,1789354321.571501255,1789354321.571322203,1789354320.388396978,unmatched_est_8,,unmatched_estimate,,8,1,0,1.8946369886398315,-2.22137713432312,1.5565991401672363,0.0,0.0,0.0,0.8502047061920166,0.5743799209594727,0.5085244178771973,,,,,,,,,,,,3.0,0.0,1.5,0.0,0.0,0.0
dynamic,18,1789354321.571501255,1789354321.571322203,1789354320.388396978,unmatched_est_11,,unmatched_estimate,,11,2,0,-2.4831206798553467,0.5703915953636169,1.4567928314208984,0.0,0.0,0.0,0.1417074203491211,0.6847484111785889,0.48088932037353516,,,,,,,,,,,,3.0,0.0,1.5,0.0,0.0,0.0
dynamic,18,1789354321.571501255,1789354321.571322203,1789354320.388396978,unmatched_est_5,,unmatched_estimate,,5,3,0,3.0373776387035045,0.0246460538298044,1.5375593900680542,0.0460394134169814,0.005164531739521984,0.0,0.17477011680603027,0.25255507230758667,0.06457877159118652,,,,,,,,,,,,3.0,0.0,1.5,0.0,0.0,0.0
dynamic,18,1789354321.571501255,1789354321.571322203,1789354320.388396978,unmatched_est_9,,unmatched_estimate,,9,4,0,2.51482892036438,-2.420341968536377,2.6510212421417236,0.0,0.0,0.0,0.9374685287475586,0.6193652153015137,0.6737723350524902,,,,,,,,,,,,3.0,0.0,1.5,0.0,0.0,0.0
dynamic,19,1789354321.671482801,1789354321.671309471,1789354320.388396978,unmatched_est_10,,unmatched_estimate,,10,0,0,2.675349712371826,-4.636791229248047,1.3440035581588745,0.0,0.0,0.0,0.5814714431762695,0.14426946640014648,0.4094587564468384,,,,,,,,,,,,3.0,0.0,1.5,0.0,0.0,0.0
dynamic,19,1789354321.671482801,1789354321.671309471,1789354320.388396978,unmatched_est_8,,unmatched_estimate,,8,1,0,1.8946369886398315,-2.22137713432312,1.5565991401672363,0.0,0.0,0.0,0.8502047061920166,0.5743799209594727,0.5085244178771973,,,,,,,,,,,,3.0,0.0,1.5,0.0,0.0,0.0
dynamic,19,1789354321.671482801,1789354321.671309471,1789354320.388396978,unmatched_est_11,,unmatched_estimate,,11,2,0,-2.4831206798553467,0.5703915953636169,1.4567928314208984,0.0,0.0,0.0,0.1417074203491211,0.6847484111785889,0.48088932037353516,,,,,,,,,,,,3.0,0.0,1.5,0.0,0.0,0.0
dynamic,19,1789354321.671482801,1789354321.671309471,1789354320.388396978,unmatched_est_5,,unmatched_estimate,,5,3,0,3.0393191137433075,0.025397816938635357,1.5375593900680542,0.05069514549494254,0.010701528288849597,0.0,0.17477011680603027,0.25255507230758667,0.06457877159118652,,,,,,,,,,,,3.0,0.0,1.5,0.0,0.0,0.0
dynamic,19,1789354321.671482801,1789354321.671309471,1789354320.388396978,unmatched_est_9,,unmatched_estimate,,9,4,0,2.51482892036438,-2.420341968536377,2.6510212421417236,0.0,0.0,0.0,0.9374685287475586,0.6193652153015137,0.6737723350524902,,,,,,,,,,,,3.0,0.0,1.5,0.0,0.0,0.0
dynamic,20,1789354321.771388769,1789354321.771209717,1789354320.388396978,unmatched_est_10,,unmatched_estimate,,10,0,0,2.675349712371826,-4.636791229248047,1.3440035581588745,0.0,0.0,0.0,0.5814714431762695,0.14426946640014648,0.4094587564468384,,,,,,,,,,,,3.0,0.0,1.5,0.0,0.0,0.0
dynamic,20,1789354321.771388769,1789354321.771209717,1789354320.388396978,unmatched_est_8,,unmatched_estimate,,8,1,0,1.8946369886398315,-2.22137713432312,1.5565991401672363,0.0,0.0,0.0,0.8502047061920166,0.5743799209594727,0.5085244178771973,,,,,,,,,,,,3.0,0.0,1.5,0.0,0.0,0.0
dynamic,20,1789354321.771388769,1789354321.771209717,1789354320.388396978,unmatched_est_11,,unmatched_estimate,,11,2,0,-2.4831206798553467,0.5703915953636169,1.4567928314208984,0.0,0.0,0.0,0.1417074203491211,0.6847484111785889,0.48088932037353516,,,,,,,,,,,,3.0,0.0,1.5,0.0,0.0,0.0
dynamic,20,1789354321.771388769,1789354321.771209717,1789354320.388396978,unmatched_est_5,,unmatched_estimate,,5,3,0,3.040151900369858,0.025901485686009963,1.5375593900680542,0.04367652109212999,0.012292878486349856,0.0,0.17477011680603027,0.25255507230758667,0.06457877159118652,,,,,,,,,,,,3.0,0.0,1.5,0.0,0.0,0.0
dynamic,20,1789354321.771388769,1789354321.771209717,1789354320.388396978,unmatched_est_9,,unmatched_estimate,,9,4,0,2.51482892036438,-2.420341968536377,2.6510212421417236,0.0,0.0,0.0,0.9374685287475586,0.6193652153015137,0.6737723350524902,,,,,,,,,,,,3.0,0.0,1.5,0.0,0.0,0.0
dynamic,21,1789354321.871743202,1789354321.871592999,1789354320.388396978,unmatched_est_10,,unmatched_estimate,,10,0,0,2.675349712371826,-4.636791229248047,1.3440035581588745,0.0,0.0,0.0,0.5814714431762695,0.14426946640014648,0.4094587564468384,,,,,,,,,,,,3.0,0.0,1.5,0.0,0.0,0.0
dynamic,21,1789354321.871743202,1789354321.871592999,1789354320.388396978,unmatched_est_8,,unmatched_estimate,,8,1,0,1.8946369886398315,-2.22137713432312,1.5565991401672363,0.0,0.0,0.0,0.8502047061920166,0.5743799209594727,0.5085244178771973,,,,,,,,,,,,3.0,0.0,1.5,0.0,0.0,0.0
dynamic,21,1789354321.871743202,1789354321.871592999,1789354320.388396978,unmatched_est_11,,unmatched_estimate,,11,2,0,-2.4831206798553467,0.5703915953636169,1.4567928314208984,0.0,0.0,0.0,0.1417074203491211,0.6847484111785889,0.48088932037353516,,,,,,,,,,,,3.0,0.0,1.5,0.0,0.0,0.0
dynamic,21,1789354321.871743202,1789354321.871592999,1789354320.388396978,unmatched_est_5,,unmatched_estimate,,5,3,0,3.0400662490960144,0.02613573723743705,1.5375593900680542,0.030165701913849208,0.010902574907437054,0.0,0.17477011680603027,0.25255507230758667,0.06457877159118652,,,,,,,,,,,,3.0,0.0,1.5,0.0,0.0,0.0
dynamic,21,1789354321.871743202,1789354321.871592999,1789354320.388396978,unmatched_est_9,,unmatched_estimate,,9,4,0,2.51482892036438,-2.420341968536377,2.6510212421417236,0.0,0.0,0.0,0.9374685287475586,0.6193652153015137,0.6737723350524902,,,,,,,,,,,,3.0,0.0,1.5,0.0,0.0,0.0
dynamic,22,1789354321.971744061,1789354321.971579552,1789354320.388396978,unmatched_est_10,,unmatched_estimate,,10,0,0,2.675349712371826,-4.636791229248047,1.3440035581588745,0.0,0.0,0.0,0.5814714431762695,0.14426946640014648,0.4094587564468384,,,,,,,,,,,,3.0,0.0,1.5,0.0,0.0,0.0
dynamic,22,1789354321.971744061,1789354321.971579552,1789354320.388396978,unmatched_est_8,,unmatched_estimate,,8,1,0,1.8946369886398315,-2.22137713432312,1.5565991401672363,0.0,0.0,0.0,0.8502047061920166,0.5743799209594727,0.5085244178771973,,,,,,,,,,,,3.0,0.0,1.5,0.0,0.0,0.0
dynamic,22,1789354321.971744061,1789354321.971579552,1789354320.388396978,unmatched_est_11,,unmatched_estimate,,11,2,0,-2.4831206798553467,0.5703915953636169,1.4567928314208984,0.0,0.0,0.0,0.1417074203491211,0.6847484111785889,0.48088932037353516,,,,,,,,,,,,3.0,0.0,1.5,0.0,0.0,0.0
dynamic,22,1789354321.971744061,1789354321.971579552,1789354320.388396978,unmatched_est_5,,unmatched_estimate,,5,3,0,3.0393757096870972,0.02614023274459004,1.5375593900680542,0.01497178167815566,0.007775668052119835,0.0,0.17477011680603027,0.25255507230758667,0.06457877159118652,,,,,,,,,,,,3.0,0.0,1.5,0.0,0.0,0.0
dynamic,22,1789354321.971744061,1789354321.971579552,1789354320.388396978,unmatched_est_9,,unmatched_estimate,,9,4,0,2.51482892036438,-2.420341968536377,2.6510212421417236,0.0,0.0,0.0,0.9374685287475586,0.6193652153015137,0.6737723350524902,,,,,,,,,,,,3.0,0.0,1.5,0.0,0.0,0.0
dynamic,23,1789354322.071837187,1789354322.071669579,1789354320.388396978,unmatched_est_10,,unmatched_estimate,,10,0,0,2.675349712371826,-4.636791229248047,1.3440035581588745,0.0,0.0,0.0,0.5814714431762695,0.14426946640014648,0.4094587564468384,,,,,,,,,,,,3.0,0.0,1.5,0.0,0.0,0.0
dynamic,23,1789354322.071837187,1789354322.071669579,1789354320.388396978,unmatched_est_8,,unmatched_estimate,,8,1,0,1.8946369886398315,-2.22137713432312,1.5565991401672363,0.0,0.0,0.0,0.8502047061920166,0.5743799209594727,0.5085244178771973,,,,,,,,,,,,3.0,0.0,1.5,0.0,0.0,0.0
dynamic,23,1789354322.071837187,1789354322.071669579,1789354320.388396978,unmatched_est_11,,unmatched_estimate,,11,2,0,-2.4831206798553467,0.5703915953636169,1.4567928314208984,0.0,0.0,0.0,0.1417074203491211,0.6847484111785889,0.48088932037353516,,,,,,,,,,,,3.0,0.0,1.5,0.0,0.0,0.0
dynamic,23,1789354322.071837187,1789354322.071669579,1789354320.388396978,unmatched_est_5,,unmatched_estimate,,5,3,0,3.038414203594465,0.025988051402707754,1.5375593900680542,0.0016876400916566205,0.004101132279038116,0.0,0.17477011680603027,0.25255507230758667,0.06457877159118652,,,,,,,,,,,,3.0,0.0,1.5,0.0,0.0,0.0
dynamic,23,1789354322.071837187,1789354322.071669579,1789354320.388396978,unmatched_est_9,,unmatched_estimate,,9,4,0,2.51482892036438,-2.420341968536377,2.6510212421417236,0.0,0.0,0.0,0.9374685287475586,0.6193652153015137,0.6737723350524902,,,,,,,,,,,,3.0,0.0,1.5,0.0,0.0,0.0
dynamic,24,1789354322.171752453,1789354322.171620369,1789354320.388396978,unmatched_est_10,,unmatched_estimate,,10,0,0,2.675349712371826,-4.636791229248047,1.3440035581588745,0.0,0.0,0.0,0.5814714431762695,0.14426946640014648,0.4094587564468384,,,,,,,,,,,,3.0,0.0,1.5,0.0,0.0,0.0
dynamic,24,1789354322.171752453,1789354322.171620369,1789354320.388396978,unmatched_est_8,,unmatched_estimate,,8,1,0,1.8946369886398315,-2.22137713432312,1.5565991401672363,0.0,0.0,0.0,0.8502047061920166,0.5743799209594727,0.5085244178771973,,,,,,,,,,,,3.0,0.0,1.5,0.0,0.0,0.0
dynamic,24,1789354322.171752453,1789354322.171620369,1789354320.388396978,unmatched_est_11,,unmatched_estimate,,11,2,0,-2.4831206798553467,0.5703915953636169,1.4567928314208984,0.0,0.0,0.0,0.1417074203491211,0.6847484111785889,0.48088932037353516,,,,,,,,,,,,3.0,0.0,1.5,0.0,0.0,0.0
dynamic,24,1789354322.171752453,1789354322.171620369,1789354320.388396978,unmatched_est_5,,unmatched_estimate,,5,3,0,3.037462264295025,0.02576022244533963,1.5375593900680542,-0.007638217796118809,0.0007930537226796767,0.0,0.17477011680603027,0.25255507230758667,0.06457877159118652,,,,,,,,,,,,3.0,0.0,1.5,0.0,0.0,0.0
dynamic,24,1789354322.171752453,1789354322.171620369,1789354320.388396978,unmatched_est_9,,unmatched_estimate,,9,4,0,2.51482892036438,-2.420341968536377,2.6510212421417236,0.0,0.0,0.0,0.9374685287475586,0.6193652153015137,0.6737723350524902,,,,,,,,,,,,3.0,0.0,1.5,0.0,0.0,0.0
dynamic,25,1789354322.271685123,1789354322.271595240,1789354320.388396978,unmatched_est_10,,unmatched_estimate,,10,0,0,2.675349712371826,-4.636791229248047,1.3440035581588745,0.0,0.0,0.0,0.5814714431762695,0.14426946640014648,0.4094587564468384,,,,,,,,,,,,3.0,0.0,1.5,0.0,0.0,0.0
dynamic,25,1789354322.271685123,1789354322.271595240,1789354320.388396978,unmatched_est_8,,unmatched_estimate,,8,1,0,1.8946369886398315,-2.22137713432312,1.5565991401672363,0.0,0.0,0.0,0.8502047061920166,0.5743799209594727,0.5085244178771973,,,,,,,,,,,,3.0,0.0,1.5,0.0,0.0,0.0
dynamic,25,1789354322.271685123,1789354322.271595240,1789354320.388396978,unmatched_est_11,,unmatched_estimate,,11,2,0,-2.4831206798553467,0.5703915953636169,1.4567928314208984,0.0,0.0,0.0,0.1417074203491211,0.6847484111785889,0.48088932037353516,,,,,,,,,,,,3.0,0.0,1.5,0.0,0.0,0.0
dynamic,25,1789354322.271685123,1789354322.271595240,1789354320.388396978,unmatched_est_5,,unmatched_estimate,,5,3,0,3.036707889757203,0.02552685022166997,1.5375593900680542,-0.01241382484137887,-0.001603510914616347,0.0,0.17477011680603027,0.25255507230758667,0.06457877159118652,,,,,,,,,,,,3.0,0.0,1.5,0.0,0.0,0.0
dynamic,25,1789354322.271685123,1789354322.271595240,1789354320.388396978,unmatched_est_9,,unmatched_estimate,,9,4,0,2.51482892036438,-2.420341968536377,2.6510212421417236,0.0,0.0,0.0,0.9374685287475586,0.6193652153015137,0.6737723350524902,,,,,,,,,,,,3.0,0.0,1.5,0.0,0.0,0.0
dynamic,26,1789354322.371719122,1789354322.371595144,1789354320.388396978,unmatched_est_10,,unmatched_estimate,,10,0,0,2.675349712371826,-4.636791229248047,1.3440035581588745,0.0,0.0,0.0,0.5814714431762695,0.14426946640014648,0.4094587564468384,,,,,,,,,,,,3.0,0.0,1.5,0.0,0.0,0.0
dynamic,26,1789354322.371719122,1789354322.371595144,1789354320.388396978,unmatched_est_8,,unmatched_estimate,,8,1,0,1.8946369886398315,-2.22137713432312,1.5565991401672363,0.0,0.0,0.0,0.8502047061920166,0.5743799209594727,0.5085244178771973,,,,,,,,,,,,3.0,0.0,1.5,0.0,0.0,0.0
dynamic,26,1789354322.371719122,1789354322.371595144,1789354320.388396978,unmatched_est_11,,unmatched_estimate,,11,2,0,-2.4831206798553467,0.5703915953636169,1.4567928314208984,0.0,0.0,0.0,0.1417074203491211,0.6847484111785889,0.48088932037353516,,,,,,,,,,,,3.0,0.0,1.5,0.0,0.0,0.0
dynamic,26,1789354322.371719122,1789354322.371595144,1789354320.388396978,unmatched_est_5,,unmatched_estimate,,5,3,0,3.0362386620645125,0.025336537609735196,1.5375593900680542,-0.013151939609454974,-0.002902537507985265,0.0,0.17477011680603027,0.25255507230758667,0.06457877159118652,,,,,,,,,,,,3.0,0.0,1.5,0.0,0.0,0.0
dynamic,26,1789354322.371719122,1789354322.371595144,1789354320.388396978,unmatched_est_9,,unmatched_estimate,,9,4,0,2.51482892036438,-2.420341968536377,2.6510212421417236,0.0,0.0,0.0,0.9374685287475586,0.6193652153015137,0.6737723350524902,,,,,,,,,,,,3.0,0.0,1.5,0.0,0.0,0.0
dynamic,27,1789354322.471794128,1789354322.471585989,1789354320.388396978,unmatched_est_10,,unmatched_estimate,,10,0,0,2.675349712371826,-4.636791229248047,1.3440035581588745,0.0,0.0,0.0,0.5814714431762695,0.14426946640014648,0.4094587564468384,,,,,,,,,,,,3.0,0.0,1.5,0.0,0.0,0.0
dynamic,27,1789354322.471794128,1789354322.471585989,1789354320.388396978,unmatched_est_8,,unmatched_estimate,,8,1,0,1.8946369886398315,-2.22137713432312,1.5565991401672363,0.0,0.0,0.0,0.8502047061920166,0.5743799209594727,0.5085244178771973,,,,,,,,,,,,3.0,0.0,1.5,0.0,0.0,0.0
dynamic,27,1789354322.471794128,1789354322.471585989,1789354320.388396978,unmatched_est_11,,unmatched_estimate,,11,2,0,-2.4831206798553467,0.5703915953636169,1.4567928314208984,0.0,0.0,0.0,0.1417074203491211,0.6847484111785889,0.48088932037353516,,,,,,,,,,,,3.0,0.0,1.5,0.0,0.0,0.0
dynamic,27,1789354322.471794128,1789354322.471585989,1789354320.388396978,unmatched_est_5,,unmatched_estimate,,5,3,0,3.0360566025082423,0.025213554509674215,1.5375593900680542,-0.011010064567802498,-0.003198345473153086,0.0,0.17477011680603027,0.25255507230758667,0.06457877159118652,,,,,,,,,,,,3.0,0.0,1.5,0.0,0.0,0.0
dynamic,27,1789354322.471794128,1789354322.471585989,1789354320.388396978,unmatched_est_9,,unmatched_estimate,,9,4,0,2.51482892036438,-2.420341968536377,2.6510212421417236,0.0,0.0,0.0,0.9374685287475586,0.6193652153015137,0.6737723350524902,,,,,,,,,,,,3.0,0.0,1.5,0.0,0.0,0.0
dynamic,28,1789354322.571774960,1789354322.571620464,1789354320.388396978,unmatched_est_10,,unmatched_estimate,,10,0,0,2.675349712371826,-4.636791229248047,1.3440035581588745,0.0,0.0,0.0,0.5814714431762695,0.14426946640014648,0.4094587564468384,,,,,,,,,,,,3.0,0.0,1.5,0.0,0.0,0.0
dynamic,28,1789354322.571774960,1789354322.571620464,1789354320.388396978,unmatched_est_8,,unmatched_estimate,,8,1,0,1.8946369886398315,-2.22137713432312,1.5565991401672363,0.0,0.0,0.0,0.8502047061920166,0.5743799209594727,0.5085244178771973,,,,,,,,,,,,3.0,0.0,1.5,0.0,0.0,0.0
dynamic,28,1789354322.571774960,1789354322.571620464,1789354320.388396978,unmatched_est_11,,unmatched_estimate,,11,2,0,-2.4831206798553467,0.5703915953636169,1.4567928314208984,0.0,0.0,0.0,0.1417074203491211,0.6847484111785889,0.48088932037353516,,,,,,,,,,,,3.0,0.0,1.5,0.0,0.0,0.0
dynamic,28,1789354322.571774960,1789354322.571620464,1789354320.388396978,unmatched_est_5,,unmatched_estimate,,5,3,0,3.03610541803686,0.02516081742543563,1.5375593900680542,-0.007349654997932372,-0.0027560787883095057,0.0,0.17477011680603027,0.25255507230758667,0.06457877159118652,,,,,,,,,,,,3.0,0.0,1.5,0.0,0.0,0.0
dynamic,28,1789354322.571774960,1789354322.571620464,1789354320.388396978,unmatched_est_9,,unmatched_estimate,,9,4,0,2.51482892036438,-2.420341968536377,2.6510212421417236,0.0,0.0,0.0,0.9374685287475586,0.6193652153015137,0.6737723350524902,,,,,,,,,,,,3.0,0.0,1.5,0.0,0.0,0.0
dynamic,29,1789354322.671798229,1789354322.671553850,1789354320.388396978,unmatched_est_10,,unmatched_estimate,,10,0,0,2.675349712371826,-4.636791229248047,1.3440035581588745,0.0,0.0,0.0,0.5814714431762695,0.14426946640014648,0.4094587564468384,,,,,,,,,,,,3.0,0.0,1.5,0.0,0.0,0.0
dynamic,29,1789354322.671798229,1789354322.671553850,1789354320.388396978,unmatched_est_8,,unmatched_estimate,,8,1,0,1.8946369886398315,-2.22137713432312,1.5565991401672363,0.0,0.0,0.0,0.8502047061920166,0.5743799209594727,0.5085244178771973,,,,,,,,,,,,3.0,0.0,1.5,0.0,0.0,0.0
dynamic,29,1789354322.671798229,1789354322.671553850,1789354320.388396978,unmatched_est_11,,unmatched_estimate,,11,2,0,-2.4831206798553467,0.5703915953636169,1.4567928314208984,0.0,0.0,0.0,0.1417074203491211,0.6847484111785889,0.48088932037353516,,,,,,,,,,,,3.0,0.0,1.5,0.0,0.0,0.0
dynamic,29,1789354322.671798229,1789354322.671553850,1789354320.388396978,unmatched_est_5,,unmatched_estimate,,5,3,0,3.0363006556294496,0.025166200048613252,1.5375593900680542,-0.003396838425764338,-0.0019032849549143283,0.0,0.17477011680603027,0.25255507230758667,0.06457877159118652,,,,,,,,,,,,3.0,0.0,1.5,0.0,0.0,0.0
dynamic,29,1789354322.671798229,1789354322.671553850,1789354320.388396978,unmatched_est_9,,unmatched_estimate,,9,4,0,2.51482892036438,-2.420341968536377,2.6510212421417236,0.0,0.0,0.0,0.9374685287475586,0.6193652153015137,0.6737723350524902,,,,,,,,,,,,3.0,0.0,1.5,0.0,0.0,0.0
dynamic,30,1789354322.771798611,1789354322.771586895,1789354320.388396978,unmatched_est_10,,unmatched_estimate,,10,0,0,2.675349712371826,-4.636791229248047,1.3440035581588745,0.0,0.0,0.0,0.5814714431762695,0.14426946640014648,0.4094587564468384,,,,,,,,,,,,3.0,0.0,1.5,0.0,0.0,0.0
dynamic,30,1789354322.771798611,1789354322.771586895,1789354320.388396978,unmatched_est_8,,unmatched_estimate,,8,1,0,1.8946369886398315,-2.22137713432312,1.5565991401672363,0.0,0.0,0.0,0.8502047061920166,0.5743799209594727,0.5085244178771973,,,,,,,,,,,,3.0,0.0,1.5,0.0,0.0,0.0
dynamic,30,1789354322.771798611,1789354322.771586895,1789354320.388396978,unmatched_est_11,,unmatched_estimate,,11,2,0,-2.4831206798553467,0.5703915953636169,1.4567928314208984,0.0,0.0,0.0,0.1417074203491211,0.6847484111785889,0.48088932037353516,,,,,,,,,,,,3.0,0.0,1.5,0.0,0.0,0.0
dynamic,30,1789354322.771798611,1789354322.771586895,1789354320.388396978,unmatched_est_5,,unmatched_estimate,,5,3,0,3.0365557650993487,0.02520982827777872,1.5375593900680542,-3.997899914795272e-05,-0.0009439987328909306,0.0,0.17477011680603027,0.25255507230758667,0.06457877159118652,,,,,,,,,,,,3.0,0.0,1.5,0.0,0.0,0.0
dynamic,30,1789354322.771798611,1789354322.771586895,1789354320.388396978,unmatched_est_9,,unmatched_estimate,,9,4,0,2.51482892036438,-2.420341968536377,2.6510212421417236,0.0,0.0,0.0,0.9374685287475586,0.6193652153015137,0.6737723350524902,,,,,,,,,,,,3.0,0.0,1.5,0.0,0.0,0.0
dynamic,31,1789354322.871862888,1789354322.871634007,1789354320.388396978,unmatched_est_10,,unmatched_estimate,,10,0,0,2.675349712371826,-4.636791229248047,1.3440035581588745,0.0,0.0,0.0,0.5814714431762695,0.14426946640014648,0.4094587564468384,,,,,,,,,,,,3.0,0.0,1.5,0.0,0.0,0.0
dynamic,31,1789354322.871862888,1789354322.871634007,1789354320.388396978,unmatched_est_8,,unmatched_estimate,,8,1,0,1.8946369886398315,-2.22137713432312,1.5565991401672363,0.0,0.0,0.0,0.8502047061920166,0.5743799209594727,0.5085244178771973,,,,,,,,,,,,3.0,0.0,1.5,0.0,0.0,0.0
dynamic,31,1789354322.871862888,1789354322.871634007,1789354320.388396978,unmatched_est_11,,unmatched_estimate,,11,2,0,-2.4831206798553467,0.5703915953636169,1.4567928314208984,0.0,0.0,0.0,0.1417074203491211,0.6847484111785889,0.48088932037353516,,,,,,,,,,,,3.0,0.0,1.5,0.0,0.0,0.0
dynamic,31,1789354322.871862888,1789354322.871634007,1789354320.388396978,unmatched_est_5,,unmatched_estimate,,5,3,0,3.0368001575138694,0.025270574585086938,1.5375593900680542,0.00223949350892772,-0.00010531182540299353,0.0,0.17477011680603027,0.25255507230758667,0.06457877159118652,,,,,,,,,,,,3.0,0.0,1.5,0.0,0.0,0.0
dynamic,31,1789354322.871862888,1789354322.871634007,1789354320.388396978,unmatched_est_9,,unmatched_estimate,,9,4,0,2.51482892036438,-2.420341968536377,2.6510212421417236,0.0,0.0,0.0,0.9374685287475586,0.6193652153015137,0.6737723350524902,,,,,,,,,,,,3.0,0.0,1.5,0.0,0.0,0.0
dynamic,32,1789354322.971827745,1789354322.971584320,1789354320.388396978,unmatched_est_10,,unmatched_estimate,,10,0,0,2.675349712371826,-4.636791229248047,1.3440035581588745,0.0,0.0,0.0,0.5814714431762695,0.14426946640014648,0.4094587564468384,,,,,,,,,,,,3.0,0.0,1.5,0.0,0.0,0.0
dynamic,32,1789354322.971827745,1789354322.971584320,1789354320.388396978,unmatched_est_8,,unmatched_estimate,,8,1,0,1.8946369886398315,-2.22137713432312,1.5565991401672363,0.0,0.0,0.0,0.8502047061920166,0.5743799209594727,0.5085244178771973,,,,,,,,,,,,3.0,0.0,1.5,0.0,0.0,0.0
dynamic,32,1789354322.971827745,1789354322.971584320,1789354320.388396978,unmatched_est_11,,unmatched_estimate,,11,2,0,-2.4831206798553467,0.5703915953636169,1.4567928314208984,0.0,0.0,0.0,0.1417074203491211,0.6847484111785889,0.48088932037353516,,,,,,,,,,,,3.0,0.0,1.5,0.0,0.0,0.0
dynamic,32,1789354322.971827745,1789354322.971584320,1789354320.388396978,unmatched_est_5,,unmatched_estimate,,5,3,0,3.0369882198927263,0.02533070534644938,1.5375593900680542,0.0033321787662480137,0.00048334054265252525,0.0,0.17477011680603027,0.25255507230758667,0.06457877159118652,,,,,,,,,,,,3.0,0.0,1.5,0.0,0.0,0.0
dynamic,32,1789354322.971827745,1789354322.971584320,1789354320.388396978,unmatched_est_9,,unmatched_estimate,,9,4,0,2.51482892036438,-2.420341968536377,2.6510212421417236,0.0,0.0,0.0,0.9374685287475586,0.6193652153015137,0.6737723350524902,,,,,,,,,,,,3.0,0.0,1.5,0.0,0.0,0.0
dynamic,33,1789354323.071744204,1789354323.071572781,1789354320.388396978,unmatched_est_10,,unmatched_estimate,,10,0,0,2.675349712371826,-4.636791229248047,1.3440035581588745,0.0,0.0,0.0,0.5814714431762695,0.14426946640014648,0.4094587564468384,,,,,,,,,,,,3.0,0.0,1.5,0.0,0.0,0.0
dynamic,33,1789354323.071744204,1789354323.071572781,1789354320.388396978,unmatched_est_8,,unmatched_estimate,,8,1,0,1.8946369886398315,-2.22137713432312,1.5565991401672363,0.0,0.0,0.0,0.8502047061920166,0.5743799209594727,0.5085244178771973,,,,,,,,,,,,3.0,0.0,1.5,0.0,0.0,0.0
dynamic,33,1789354323.071744204,1789354323.071572781,1789354320.388396978,unmatched_est_11,,unmatched_estimate,,11,2,0,-2.4831206798553467,0.5703915953636169,1.4567928314208984,0.0,0.0,0.0,0.1417074203491211,0.6847484111785889,0.48088932037353516,,,,,,,,,,,,3.0,0.0,1.5,0.0,0.0,0.0
dynamic,33,1789354323.071744204,1789354323.071572781,1789354320.388396978,unmatched_est_5,,unmatched_estimate,,5,3,0,3.0371003996164636,0.025378344464460415,1.5375593900680542,0.0034023810511422965,0.0007845905461493403,0.0,0.17477011680603027,0.25255507230758667,0.06457877159118652,,,,,,,,,,,,3.0,0.0,1.5,0.0,0.0,0.0
dynamic,33,1789354323.071744204,1789354323.071572781,1789354320.388396978,unmatched_est_9,,unmatched_estimate,,9,4,0,2.51482892036438,-2.420341968536377,2.6510212421417236,0.0,0.0,0.0,0.9374685287475586,0.6193652153015137,0.6737723350524902,,,,,,,,,,,,3.0,0.0,1.5,0.0,0.0,0.0
dynamic,34,1789354323.171868086,1789354323.171670675,1789354320.388396978,unmatched_est_10,,unmatched_estimate,,10,0,0,2.675349712371826,-4.636791229248047,1.3440035581588745,0.0,0.0,0.0,0.5814714431762695,0.14426946640014648,0.4094587564468384,,,,,,,,,,,,3.0,0.0,1.5,0.0,0.0,0.0
dynamic,34,1789354323.171868086,1789354323.171670675,1789354320.388396978,unmatched_est_8,,unmatched_estimate,,8,1,0,1.8946369886398315,-2.22137713432312,1.5565991401672363,0.0,0.0,0.0,0.8502047061920166,0.5743799209594727,0.5085244178771973,,,,,,,,,,,,3.0,0.0,1.5,0.0,0.0,0.0
dynamic,34,1789354323.171868086,1789354323.171670675,1789354320.388396978,unmatched_est_11,,unmatched_estimate,,11,2,0,-2.4831206798553467,0.5703915953636169,1.4567928314208984,0.0,0.0,0.0,0.1417074203491211,0.6847484111785889,0.48088932037353516,,,,,,,,,,,,3.0,0.0,1.5,0.0,0.0,0.0
dynamic,34,1789354323.171868086,1789354323.171670675,1789354320.388396978,unmatched_est_5,,unmatched_estimate,,5,3,0,3.037138704774451,0.02540796431010357,1.5375593900680542,0.0027666133617355974,0.0008308702672759492,0.0,0.17477011680603027,0.25255507230758667,0.06457877159118652,,,,,,,,,,,,3.0,0.0,1.5,0.0,0.0,0.0
dynamic,34,1789354323.171868086,1789354323.171670675,1789354320.388396978,unmatched_est_9,,unmatched_estimate,,9,4,0,2.51482892036438,-2.420341968536377,2.6510212421417236,0.0,0.0,0.0,0.9374685287475586,0.6193652153015137,0.6737723350524902,,,,,,,,,,,,3.0,0.0,1.5,0.0,0.0,0.0
dynamic,35,1789354323.271852970,1789354323.271665335,1789354320.388396978,unmatched_est_10,,unmatched_estimate,,10,0,0,2.675349712371826,-4.636791229248047,1.3440035581588745,0.0,0.0,0.0,0.5814714431762695,0.14426946640014648,0.4094587564468384,,,,,,,,,,,,3.0,0.0,1.5,0.0,0.0,0.0
dynamic,35,1789354323.271852970,1789354323.271665335,1789354320.388396978,unmatched_est_8,,unmatched_estimate,,8,1,0,1.8946369886398315,-2.22137713432312,1.5565991401672363,0.0,0.0,0.0,0.8502047061920166,0.5743799209594727,0.5085244178771973,,,,,,,,,,,,3.0,0.0,1.5,0.0,0.0,0.0
dynamic,35,1789354323.271852970,1789354323.271665335,1789354320.388396978,unmatched_est_11,,unmatched_estimate,,11,2,0,-2.4831206798553467,0.5703915953636169,1.4567928314208984,0.0,0.0,0.0,0.1417074203491211,0.6847484111785889,0.48088932037353516,,,,,,,,,,,,3.0,0.0,1.5,0.0,0.0,0.0
dynamic,35,1789354323.271852970,1789354323.271665335,1789354320.388396978,unmatched_est_5,,unmatched_estimate,,5,3,0,3.037119329568166,0.02541944309373182,1.5375593900680542,0.0017808200772476935,0.0006953285751241635,0.0,0.17477011680603027,0.25255507230758667,0.06457877159118652,,,,,,,,,,,,3.0,0.0,1.5,0.0,0.0,0.0
dynamic,35,1789354323.271852970,1789354323.271665335,1789354320.388396978,unmatched_est_9,,unmatched_estimate,,9,4,0,2.51482892036438,-2.420341968536377,2.6510212421417236,0.0,0.0,0.0,0.9374685287475586,0.6193652153015137,0.6737723350524902,,,,,,,,,,,,3.0,0.0,1.5,0.0,0.0,0.0
dynamic,36,1789354323.371851683,1789354323.371628046,1789354320.388396978,unmatched_est_10,,unmatched_estimate,,10,0,0,2.675349712371826,-4.636791229248047,1.3440035581588745,0.0,0.0,0.0,0.5814714431762695,0.14426946640014648,0.4094587564468384,,,,,,,,,,,,3.0,0.0,1.5,0.0,0.0,0.0
dynamic,36,1789354323.371851683,1789354323.371628046,1789354320.388396978,unmatched_est_8,,unmatched_estimate,,8,1,0,1.8946369886398315,-2.22137713432312,1.5565991401672363,0.0,0.0,0.0,0.8502047061920166,0.5743799209594727,0.5085244178771973,,,,,,,,,,,,3.0,0.0,1.5,0.0,0.0,0.0
dynamic,36,1789354323.371851683,1789354323.371628046,1789354320.388396978,unmatched_est_11,,unmatched_estimate,,11,2,0,-2.4831206798553467,0.5703915953636169,1.4567928314208984,0.0,0.0,0.0,0.1417074203491211,0.6847484111785889,0.48088932037353516,,,,,,,,,,,,3.0,0.0,1.5,0.0,0.0,0.0
dynamic,36,1789354323.371851683,1789354323.371628046,1789354320.388396978,unmatched_est_5,,unmatched_estimate,,5,3,0,3.037064815315325,0.02541634143582549,1.5375593900680542,0.0007561465306593306,0.000463975692259093,0.0,0.17477011680603027,0.25255507230758667,0.06457877159118652,,,,,,,,,,,,3.0,0.0,1.5,0.0,0.0,0.0
dynamic,36,1789354323.371851683,1789354323.371628046,1789354320.388396978,unmatched_est_9,,unmatched_estimate,,9,4,0,2.51482892036438,-2.420341968536377,2.6510212421417236,0.0,0.0,0.0,0.9374685287475586,0.6193652153015137,0.6737723350524902,,,,,,,,,,,,3.0,0.0,1.5,0.0,0.0,0.0
dynamic,37,1789354323.471782446,1789354323.471626282,1789354320.388396978,unmatched_est_10,,unmatched_estimate,,10,0,0,2.675349712371826,-4.636791229248047,1.3440035581588745,0.0,0.0,0.0,0.5814714431762695,0.14426946640014648,0.4094587564468384,,,,,,,,,,,,3.0,0.0,1.5,0.0,0.0,0.0
dynamic,37,1789354323.471782446,1789354323.471626282,1789354320.388396978,unmatched_est_8,,unmatched_estimate,,8,1,0,1.8946369886398315,-2.22137713432312,1.5565991401672363,0.0,0.0,0.0,0.8502047061920166,0.5743799209594727,0.5085244178771973,,,,,,,,,,,,3.0,0.0,1.5,0.0,0.0,0.0
dynamic,37,1789354323.471782446,1789354323.471626282,1789354320.388396978,unmatched_est_11,,unmatched_estimate,,11,2,0,-2.4831206798553467,0.5703915953636169,1.4567928314208984,0.0,0.0,0.0,0.1417074203491211,0.6847484111785889,0.48088932037353516,,,,,,,,,,,,3.0,0.0,1.5,0.0,0.0,0.0
dynamic,37,1789354323.471782446,1789354323.471626282,1789354320.388396978,unmatched_est_5,,unmatched_estimate,,5,3,0,3.0369974714521706,0.02540399668105721,1.5375593900680542,-8.905985614658988e-05,0.00021425197377124261,0.0,0.17477011680603027,0.25255507230758667,0.06457877159118652,,,,,,,,,,,,3.0,0.0,1.5,0.0,0.0,0.0
dynamic,37,1789354323.471782446,1789354323.471626282,1789354320.388396978,unmatched_est_9,,unmatched_estimate,,9,4,0,2.51482892036438,-2.420341968536377,2.6510212421417236,0.0,0.0,0.0,0.9374685287475586,0.6193652153015137,0.6737723350524902,,,,,,,,,,,,3.0,0.0,1.5,0.0,0.0,0.0
dynamic,38,1789354323.571864605,1789354323.571676970,1789354320.388396978,unmatched_est_10,,unmatched_estimate,,10,0,0,2.675349712371826,-4.636791229248047,1.3440035581588745,0.0,0.0,0.0,0.5814714431762695,0.14426946640014648,0.4094587564468384,,,,,,,,,,,,3.0,0.0,1.5,0.0,0.0,0.0
dynamic,38,1789354323.571864605,1789354323.571676970,1789354320.388396978,unmatched_est_8,,unmatched_estimate,,8,1,0,1.8946369886398315,-2.22137713432312,1.5565991401672363,0.0,0.0,0.0,0.8502047061920166,0.5743799209594727,0.5085244178771973,,,,,,,,,,,,3.0,0.0,1.5,0.0,0.0,0.0
dynamic,38,1789354323.571864605,1789354323.571676970,1789354320.388396978,unmatched_est_11,,unmatched_estimate,,11,2,0,-2.4831206798553467,0.5703915953636169,1.4567928314208984,0.0,0.0,0.0,0.1417074203491211,0.6847484111785889,0.48088932037353516,,,,,,,,,,,,3.0,0.0,1.5,0.0,0.0,0.0
dynamic,38,1789354323.571864605,1789354323.571676970,1789354320.388396978,unmatched_est_5,,unmatched_estimate,,5,3,0,3.0369349703341366,0.02538787658354187,1.5375593900680542,-0.0006430928568032049,2.2473280650914034e-06,0.0,0.17477011680603027,0.25255507230758667,0.06457877159118652,,,,,,,,,,,,3.0,0.0,1.5,0.0,0.0,0.0
dynamic,38,1789354323.571864605,1789354323.571676970,1789354320.388396978,unmatched_est_9,,unmatched_estimate,,9,4,0,2.51482892036438,-2.420341968536377,2.6510212421417236,0.0,0.0,0.0,0.9374685287475586,0.6193652153015137,0.6737723350524902,,,,,,,,,,,,3.0,0.0,1.5,0.0,0.0,0.0
dynamic,39,1789354323.671899080,1789354323.671725035,1789354320.388396978,unmatched_est_10,,unmatched_estimate,,10,0,0,2.675349712371826,-4.636791229248047,1.3440035581588745,0.0,0.0,0.0,0.5814714431762695,0.14426946640014648,0.4094587564468384,,,,,,,,,,,,3.0,0.0,1.5,0.0,0.0,0.0
dynamic,39,1789354323.671899080,1789354323.671725035,1789354320.388396978,unmatched_est_8,,unmatched_estimate,,8,1,0,1.8946369886398315,-2.22137713432312,1.5565991401672363,0.0,0.0,0.0,0.8502047061920166,0.5743799209594727,0.5085244178771973,,,,,,,,,,,,3.0,0.0,1.5,0.0,0.0,0.0
dynamic,39,1789354323.671899080,1789354323.671725035,1789354320.388396978,unmatched_est_11,,unmatched_estimate,,11,2,0,-2.4831206798553467,0.5703915953636169,1.4567928314208984,0.0,0.0,0.0,0.1417074203491211,0.6847484111785889,0.48088932037353516,,,,,,,,,,,,3.0,0.0,1.5,0.0,0.0,0.0
dynamic,39,1789354323.671899080,1789354323.671725035,1789354320.388396978,unmatched_est_5,,unmatched_estimate,,5,3,0,3.036888297622211,0.025372439113763683,1.5375593900680542,-0.0008888389640146952,-0.0001416592860900119,0.0,0.17477011680603027,0.25255507230758667,0.06457877159118652,,,,,,,,,,,,3.0,0.0,1.5,0.0,0.0,0.0
dynamic,39,1789354323.671899080,1789354323.671725035,1789354320.388396978,unmatched_est_9,,unmatched_estimate,,9,4,0,2.51482892036438,-2.420341968536377,2.6510212421417236,0.0,0.0,0.0,0.9374685287475586,0.6193652153015137,0.6737723350524902,,,,,,,,,,,,3.0,0.0,1.5,0.0,0.0,0.0
dynamic,40,1789354323.771698952,1789354323.771557093,1789354320.388396978,unmatched_est_10,,unmatched_estimate,,10,0,0,2.675349712371826,-4.636791229248047,1.3440035581588745,0.0,0.0,0.0,0.5814714431762695,0.14426946640014648,0.4094587564468384,,,,,,,,,,,,3.0,0.0,1.5,0.0,0.0,0.0
dynamic,40,1789354323.771698952,1789354323.771557093,1789354320.388396978,unmatched_est_8,,unmatched_estimate,,8,1,0,1.8946369886398315,-2.22137713432312,1.5565991401672363,0.0,0.0,0.0,0.8502047061920166,0.5743799209594727,0.5085244178771973,,,,,,,,,,,,3.0,0.0,1.5,0.0,0.0,0.0
dynamic,40,1789354323.771698952,1789354323.771557093,1789354320.388396978,unmatched_est_11,,unmatched_estimate,,11,2,0,-2.4831206798553467,0.5703915953636169,1.4567928314208984,0.0,0.0,0.0,0.1417074203491211,0.6847484111785889,0.48088932037353516,,,,,,,,,,,,3.0,0.0,1.5,0.0,0.0,0.0
dynamic,40,1789354323.771698952,1789354323.771557093,1789354320.388396978,unmatched_est_5,,unmatched_estimate,,5,3,0,3.0368617082107603,0.02536056371493241,1.5375593900680542,-0.0008766285385952939,-0.00021058717041522453,0.0,0.17477011680603027,0.25255507230758667,0.06457877159118652,,,,,,,,,,,,3.0,0.0,1.5,0.0,0.0,0.0
dynamic,40,1789354323.771698952,1789354323.771557093,1789354320.388396978,unmatched_est_9,,unmatched_estimate,,9,4,0,2.51482892036438,-2.420341968536377,2.6510212421417236,0.0,0.0,0.0,0.9374685287475586,0.6193652153015137,0.6737723350524902,,,,,,,,,,,,3.0,0.0,1.5,0.0,0.0,0.0
dynamic,41,1789354323.871769905,1789354323.871573448,1789354320.388396978,unmatched_est_10,,unmatched_estimate,,10,0,0,2.675349712371826,-4.636791229248047,1.3440035581588745,0.0,0.0,0.0,0.5814714431762695,0.14426946640014648,0.4094587564468384,,,,,,,,,,,,3.0,0.0,1.5,0.0,0.0,0.0
dynamic,41,1789354323.871769905,1789354323.871573448,1789354320.388396978,unmatched_est_8,,unmatched_estimate,,8,1,0,1.8946369886398315,-2.22137713432312,1.5565991401672363,0.0,0.0,0.0,0.8502047061920166,0.5743799209594727,0.5085244178771973,,,,,,,,,,,,3.0,0.0,1.5,0.0,0.0,0.0
dynamic,41,1789354323.871769905,1789354323.871573448,1789354320.388396978,unmatched_est_11,,unmatched_estimate,,11,2,0,-2.4831206798553467,0.5703915953636169,1.4567928314208984,0.0,0.0,0.0,0.1417074203491211,0.6847484111785889,0.48088932037353516,,,,,,,,,,,,3.0,0.0,1.5,0.0,0.0,0.0
dynamic,41,1789354323.871769905,1789354323.871573448,1789354320.388396978,unmatched_est_5,,unmatched_estimate,,5,3,0,3.036854048079703,0.02535348345425351,1.5375593900680542,-0.0006923211585822024,-0.00021493773147395997,0.0,0.17477011680603027,0.25255507230758667,0.06457877159118652,,,,,,,,,,,,3.0,0.0,1.5,0.0,0.0,0.0
dynamic,41,1789354323.871769905,1789354323.871573448,1789354320.388396978,unmatched_est_9,,unmatched_estimate,,9,4,0,2.51482892036438,-2.420341968536377,2.6510212421417236,0.0,0.0,0.0,0.9374685287475586,0.6193652153015137,0.6737723350524902,,,,,,,,,,,,3.0,0.0,1.5,0.0,0.0,0.0
dynamic,42,1789354323.971608639,1789354323.971451283,1789354320.388396978,unmatched_est_10,,unmatched_estimate,,10,0,0,2.675349712371826,-4.636791229248047,1.3440035581588745,0.0,0.0,0.0,0.5814714431762695,0.14426946640014648,0.4094587564468384,,,,,,,,,,,,3.0,0.0,1.5,0.0,0.0,0.0
dynamic,42,1789354323.971608639,1789354323.971451283,1789354320.388396978,unmatched_est_8,,unmatched_estimate,,8,1,0,1.8946369886398315,-2.22137713432312,1.5565991401672363,0.0,0.0,0.0,0.8502047061920166,0.5743799209594727,0.5085244178771973,,,,,,,,,,,,3.0,0.0,1.5,0.0,0.0,0.0
dynamic,42,1789354323.971608639,1789354323.971451283,1789354320.388396978,unmatched_est_11,,unmatched_estimate,,11,2,0,-2.4831206798553467,0.5703915953636169,1.4567928314208984,0.0,0.0,0.0,0.1417074203491211,0.6847484111785889,0.48088932037353516,,,,,,,,,,,,3.0,0.0,1.5,0.0,0.0,0.0
dynamic,42,1789354323.971608639,1789354323.971451283,1789354320.388396978,unmatched_est_5,,unmatched_estimate,,5,3,0,3.0368607349602925,0.02535106973693724,1.5375593900680542,-0.0004285752451737019,-0.00017471766353246895,0.0,0.17477011680603027,0.25255507230758667,0.06457877159118652,,,,,,,,,,,,3.0,0.0,1.5,0.0,0.0,0.0
dynamic,42,1789354323.971608639,1789354323.971451283,1789354320.388396978,unmatched_est_9,,unmatched_estimate,,9,4,0,2.51482892036438,-2.420341968536377,2.6510212421417236,0.0,0.0,0.0,0.9374685287475586,0.6193652153015137,0.6737723350524902,,,,,,,,,,,,3.0,0.0,1.5,0.0,0.0,0.0
dynamic,43,1789354324.071487188,1789354324.071355581,1789354320.388396978,unmatched_est_10,,unmatched_estimate,,10,0,0,2.675349712371826,-4.636791229248047,1.3440035581588745,0.0,0.0,0.0,0.5814714431762695,0.14426946640014648,0.4094587564468384,,,,,,,,,,,,3.0,0.0,1.5,0.0,0.0,0.0
dynamic,43,1789354324.071487188,1789354324.071355581,1789354320.388396978,unmatched_est_8,,unmatched_estimate,,8,1,0,1.8946369886398315,-2.22137713432312,1.5565991401672363,0.0,0.0,0.0,0.8502047061920166,0.5743799209594727,0.5085244178771973,,,,,,,,,,,,3.0,0.0,1.5,0.0,0.0,0.0
dynamic,43,1789354324.071487188,1789354324.071355581,1789354320.388396978,unmatched_est_11,,unmatched_estimate,,11,2,0,-2.4831206798553467,0.5703915953636169,1.4567928314208984,0.0,0.0,0.0,0.1417074203491211,0.6847484111785889,0.48088932037353516,,,,,,,,,,,,3.0,0.0,1.5,0.0,0.0,0.0
dynamic,43,1789354324.071487188,1789354324.071355581,1789354320.388396978,unmatched_est_5,,unmatched_estimate,,5,3,0,3.036875787036389,0.025352298409957754,1.5375593900680542,-0.00016404200670864968,-0.00011241541692575324,0.0,0.17477011680603027,0.25255507230758667,0.06457877159118652,,,,,,,,,,,,3.0,0.0,1.5,0.0,0.0,0.0
dynamic,43,1789354324.071487188,1789354324.071355581,1789354320.388396978,unmatched_est_9,,unmatched_estimate,,9,4,0,2.51482892036438,-2.420341968536377,2.6510212421417236,0.0,0.0,0.0,0.9374685287475586,0.6193652153015137,0.6737723350524902,,,,,,,,,,,,3.0,0.0,1.5,0.0,0.0,0.0
dynamic,44,1789354324.171471357,1789354324.171345472,1789354320.388396978,unmatched_est_10,,unmatched_estimate,,10,0,0,2.675349712371826,-4.636791229248047,1.3440035581588745,0.0,0.0,0.0,0.5814714431762695,0.14426946640014648,0.4094587564468384,,,,,,,,,,,,3.0,0.0,1.5,0.0,0.0,0.0
dynamic,44,1789354324.171471357,1789354324.171345472,1789354320.388396978,unmatched_est_8,,unmatched_estimate,,8,1,0,1.8946369886398315,-2.22137713432312,1.5565991401672363,0.0,0.0,0.0,0.8502047061920166,0.5743799209594727,0.5085244178771973,,,,,,,,,,,,3.0,0.0,1.5,0.0,0.0,0.0
dynamic,44,1789354324.171471357,1789354324.171345472,1789354320.388396978,unmatched_est_11,,unmatched_estimate,,11,2,0,-2.4831206798553467,0.5703915953636169,1.4567928314208984,0.0,0.0,0.0,0.1417074203491211,0.6847484111785889,0.48088932037353516,,,,,,,,,,,,3.0,0.0,1.5,0.0,0.0,0.0
dynamic,44,1789354324.171471357,1789354324.171345472,1789354320.388396978,unmatched_est_5,,unmatched_estimate,,5,3,0,3.0368934767447704,0.025355745002343655,1.5375593900680542,4.7900262348049045e-05,-4.7682601020618184e-05,0.0,0.17477011680603027,0.25255507230758667,0.06457877159118652,,,,,,,,,,,,3.0,0.0,1.5,0.0,0.0,0.0
dynamic,44,1789354324.171471357,1789354324.171345472,1789354320.388396978,unmatched_est_9,,unmatched_estimate,,9,4,0,2.51482892036438,-2.420341968536377,2.6510212421417236,0.0,0.0,0.0,0.9374685287475586,0.6193652153015137,0.6737723350524902,,,,,,,,,,,,3.0,0.0,1.5,0.0,0.0,0.0
dynamic,45,1789354324.271464586,1789354324.271351099,1789354320.388396978,unmatched_est_10,,unmatched_estimate,,10,0,0,2.675349712371826,-4.636791229248047,1.3440035581588745,0.0,0.0,0.0,0.5814714431762695,0.14426946640014648,0.4094587564468384,,,,,,,,,,,,3.0,0.0,1.5,0.0,0.0,0.0
dynamic,45,1789354324.271464586,1789354324.271351099,1789354320.388396978,unmatched_est_8,,unmatched_estimate,,8,1,0,1.8946369886398315,-2.22137713432312,1.5565991401672363,0.0,0.0,0.0,0.8502047061920166,0.5743799209594727,0.5085244178771973,,,,,,,,,,,,3.0,0.0,1.5,0.0,0.0,0.0
dynamic,45,1789354324.271464586,1789354324.271351099,1789354320.388396978,unmatched_est_11,,unmatched_estimate,,11,2,0,-2.4831206798553467,0.5703915953636169,1.4567928314208984,0.0,0.0,0.0,0.1417074203491211,0.6847484111785889,0.48088932037353516,,,,,,,,,,,,3.0,0.0,1.5,0.0,0.0,0.0
dynamic,45,1789354324.271464586,1789354324.271351099,1789354320.388396978,unmatched_est_5,,unmatched_estimate,,5,3,0,3.0369093987776465,0.025360000226786073,1.5375593900680542,0.00018169391625446225,5.6952030427362215e-06,0.0,0.17477011680603027,0.25255507230758667,0.06457877159118652,,,,,,,,,,,,3.0,0.0,1.5,0.0,0.0,0.0
dynamic,45,1789354324.271464586,1789354324.271351099,1789354320.388396978,unmatched_est_9,,unmatched_estimate,,9,4,0,2.51482892036438,-2.420341968536377,2.6510212421417236,0.0,0.0,0.0,0.9374685287475586,0.6193652153015137,0.6737723350524902,,,,,,,,,,,,3.0,0.0,1.5,0.0,0.0,0.0
dynamic,46,1789354324.371509075,1789354324.371329784,1789354320.388396978,unmatched_est_10,,unmatched_estimate,,10,0,0,2.675349712371826,-4.636791229248047,1.3440035581588745,0.0,0.0,0.0,0.5814714431762695,0.14426946640014648,0.4094587564468384,,,,,,,,,,,,3.0,0.0,1.5,0.0,0.0,0.0
dynamic,46,1789354324.371509075,1789354324.371329784,1789354320.388396978,unmatched_est_8,,unmatched_estimate,,8,1,0,1.8946369886398315,-2.22137713432312,1.5565991401672363,0.0,0.0,0.0,0.8502047061920166,0.5743799209594727,0.5085244178771973,,,,,,,,,,,,3.0,0.0,1.5,0.0,0.0,0.0
dynamic,46,1789354324.371509075,1789354324.371329784,1789354320.388396978,unmatched_est_11,,unmatched_estimate,,11,2,0,-2.4831206798553467,0.5703915953636169,1.4567928314208984,0.0,0.0,0.0,0.1417074203491211,0.6847484111785889,0.48088932037353516,,,,,,,,,,,,3.0,0.0,1.5,0.0,0.0,0.0
dynamic,46,1789354324.371509075,1789354324.371329784,1789354320.388396978,unmatched_est_5,,unmatched_estimate,,5,3,0,3.036920927221949,0.0253639480840309,1.5375593900680542,0.00023573895083173506,4.0670154076830215e-05,0.0,0.17477011680603027,0.25255507230758667,0.06457877159118652,,,,,,,,,,,,3.0,0.0,1.5,0.0,0.0,0.0
dynamic,46,1789354324.371509075,1789354324.371329784,1789354320.388396978,unmatched_est_9,,unmatched_estimate,,9,4,0,2.51482892036438,-2.420341968536377,2.6510212421417236,0.0,0.0,0.0,0.9374685287475586,0.6193652153015137,0.6737723350524902,,,,,,,,,,,,3.0,0.0,1.5,0.0,0.0,0.0
dynamic,47,1789354324.471525192,1789354324.471347570,1789354320.388396978,unmatched_est_10,,unmatched_estimate,,10,0,0,2.675349712371826,-4.636791229248047,1.3440035581588745,0.0,0.0,0.0,0.5814714431762695,0.14426946640014648,0.4094587564468384,,,,,,,,,,,,3.0,0.0,1.5,0.0,0.0,0.0
dynamic,47,1789354324.471525192,1789354324.471347570,1789354320.388396978,unmatched_est_8,,unmatched_estimate,,8,1,0,1.8946369886398315,-2.22137713432312,1.5565991401672363,0.0,0.0,0.0,0.8502047061920166,0.5743799209594727,0.5085244178771973,,,,,,,,,,,,3.0,0.0,1.5,0.0,0.0,0.0
dynamic,47,1789354324.471525192,1789354324.471347570,1789354320.388396978,unmatched_est_11,,unmatched_estimate,,11,2,0,-2.4831206798553467,0.5703915953636169,1.4567928314208984,0.0,0.0,0.0,0.1417074203491211,0.6847484111785889,0.48088932037353516,,,,,,,,,,,,3.0,0.0,1.5,0.0,0.0,0.0
dynamic,47,1789354324.471525192,1789354324.471347570,1789354320.388396978,unmatched_est_5,,unmatched_estimate,,5,3,0,3.0369271675484812,0.025366895146920594,1.5375593900680542,0.0002249678706483987,5.616892661581538e-05,0.0,0.17477011680603027,0.25255507230758667,0.06457877159118652,,,,,,,,,,,,3.0,0.0,1.5,0.0,0.0,0.0
dynamic,47,1789354324.471525192,1789354324.471347570,1789354320.388396978,unmatched_est_9,,unmatched_estimate,,9,4,0,2.51482892036438,-2.420341968536377,2.6510212421417236,0.0,0.0,0.0,0.9374685287475586,0.6193652153015137,0.6737723350524902,,,,,,,,,,,,3.0,0.0,1.5,0.0,0.0,0.0
dynamic,48,1789354324.571480751,1789354324.571303368,1789354320.388396978,unmatched_est_10,,unmatched_estimate,,10,0,0,2.675349712371826,-4.636791229248047,1.3440035581588745,0.0,0.0,0.0,0.5814714431762695,0.14426946640014648,0.4094587564468384,,,,,,,,,,,,3.0,0.0,1.5,0.0,0.0,0.0
dynamic,48,1789354324.571480751,1789354324.571303368,1789354320.388396978,unmatched_est_8,,unmatched_estimate,,8,1,0,1.8946369886398315,-2.22137713432312,1.5565991401672363,0.0,0.0,0.0,0.8502047061920166,0.5743799209594727,0.5085244178771973,,,,,,,,,,,,3.0,0.0,1.5,0.0,0.0,0.0
dynamic,48,1789354324.571480751,1789354324.571303368,1789354320.388396978,unmatched_est_11,,unmatched_estimate,,11,2,0,-2.4831206798553467,0.5703915953636169,1.4567928314208984,0.0,0.0,0.0,0.1417074203491211,0.6847484111785889,0.48088932037353516,,,,,,,,,,,,3.0,0.0,1.5,0.0,0.0,0.0
dynamic,48,1789354324.571480751,1789354324.571303368,1789354320.388396978,unmatched_est_5,,unmatched_estimate,,5,3,0,3.0369285764273717,0.02536857318066254,1.5375593900680542,0.00017250132526375135,5.537646116959338e-05,0.0,0.17477011680603027,0.25255507230758667,0.06457877159118652,,,,,,,,,,,,3.0,0.0,1.5,0.0,0.0,0.0
dynamic,48,1789354324.571480751,1789354324.571303368,1789354320.388396978,unmatched_est_9,,unmatched_estimate,,9,4,0,2.51482892036438,-2.420341968536377,2.6510212421417236,0.0,0.0,0.0,0.9374685287475586,0.6193652153015137,0.6737723350524902,,,,,,,,,,,,3.0,0.0,1.5,0.0,0.0,0.0
dynamic,49,1789354324.671564579,1789354324.671358585,1789354320.388396978,unmatched_est_10,,unmatched_estimate,,10,0,0,2.675349712371826,-4.636791229248047,1.3440035581588745,0.0,0.0,0.0,0.5814714431762695,0.14426946640014648,0.4094587564468384,,,,,,,,,,,,3.0,0.0,1.5,0.0,0.0,0.0
dynamic,49,1789354324.671564579,1789354324.671358585,1789354320.388396978,unmatched_est_8,,unmatched_estimate,,8,1,0,1.8946369886398315,-2.22137713432312,1.5565991401672363,0.0,0.0,0.0,0.8502047061920166,0.5743799209594727,0.5085244178771973,,,,,,,,,,,,3.0,0.0,1.5,0.0,0.0,0.0
dynamic,49,1789354324.671564579,1789354324.671358585,1789354320.388396978,unmatched_est_11,,unmatched_estimate,,11,2,0,-2.4831206798553467,0.5703915953636169,1.4567928314208984,0.0,0.0,0.0,0.1417074203491211,0.6847484111785889,0.48088932037353516,,,,,,,,,,,,3.0,0.0,1.5,0.0,0.0,0.0
dynamic,49,1789354324.671564579,1789354324.671358585,1789354320.388396978,unmatched_est_5,,unmatched_estimate,,5,3,0,3.0369264331234938,0.025369055528492578,1.5375593900680542,0.00010235745798997544,4.371949793685966e-05,0.0,0.17477011680603027,0.25255507230758667,0.06457877159118652,,,,,,,,,,,,3.0,0.0,1.5,0.0,0.0,0.0
dynamic,49,1789354324.671564579,1789354324.671358585,1789354320.388396978,unmatched_est_9,,unmatched_estimate,,9,4,0,2.51482892036438,-2.420341968536377,2.6510212421417236,0.0,0.0,0.0,0.9374685287475586,0.6193652153015137,0.6737723350524902,,,,,,,,,,,,3.0,0.0,1.5,0.0,0.0,0.0
dynamic,50,1789354324.771580219,1789354324.771328926,1789354320.388396978,unmatched_est_10,,unmatched_estimate,,10,0,0,2.675349712371826,-4.636791229248047,1.3440035581588745,0.0,0.0,0.0,0.5814714431762695,0.14426946640014648,0.4094587564468384,,,,,,,,,,,,3.0,0.0,1.5,0.0,0.0,0.0
dynamic,50,1789354324.771580219,1789354324.771328926,1789354320.388396978,unmatched_est_8,,unmatched_estimate,,8,1,0,1.8946369886398315,-2.22137713432312,1.5565991401672363,0.0,0.0,0.0,0.8502047061920166,0.5743799209594727,0.5085244178771973,,,,,,,,,,,,3.0,0.0,1.5,0.0,0.0,0.0
dynamic,50,1789354324.771580219,1789354324.771328926,1789354320.388396978,unmatched_est_11,,unmatched_estimate,,11,2,0,-2.4831206798553467,0.5703915953636169,1.4567928314208984,0.0,0.0,0.0,0.1417074203491211,0.6847484111785889,0.48088932037353516,,,,,,,,,,,,3.0,0.0,1.5,0.0,0.0,0.0
dynamic,50,1789354324.771580219,1789354324.771328926,1789354320.388396978,unmatched_est_5,,unmatched_estimate,,5,3,0,3.036922316616563,0.02536863193724524,1.5375593900680542,3.4338373341479594e-05,2.7051913749516267e-05,0.0,0.17477011680603027,0.25255507230758667,0.06457877159118652,,,,,,,,,,,,3.0,0.0,1.5,0.0,0.0,0.0
dynamic,50,1789354324.771580219,1789354324.771328926,1789354320.388396978,unmatched_est_9,,unmatched_estimate,,9,4,0,2.51482892036438,-2.420341968536377,2.6510212421417236,0.0,0.0,0.0,0.9374685287475586,0.6193652153015137,0.6737723350524902,,,,,,,,,,,,3.0,0.0,1.5,0.0,0.0,0.0
dynamic,51,1789354324.871605396,1789354324.871333599,1789354320.388396978,unmatched_est_10,,unmatched_estimate,,10,0,0,2.675349712371826,-4.636791229248047,1.3440035581588745,0.0,0.0,0.0,0.5814714431762695,0.14426946640014648,0.4094587564468384,,,,,,,,,,,,3.0,0.0,1.5,0.0,0.0,0.0
dynamic,51,1789354324.871605396,1789354324.871333599,1789354320.388396978,unmatched_est_8,,unmatched_estimate,,8,1,0,1.8946369886398315,-2.22137713432312,1.5565991401672363,0.0,0.0,0.0,0.8502047061920166,0.5743799209594727,0.5085244178771973,,,,,,,,,,,,3.0,0.0,1.5,0.0,0.0,0.0
dynamic,51,1789354324.871605396,1789354324.871333599,1789354320.388396978,unmatched_est_11,,unmatched_estimate,,11,2,0,-2.4831206798553467,0.5703915953636169,1.4567928314208984,0.0,0.0,0.0,0.1417074203491211,0.6847484111785889,0.48088932037353516,,,,,,,,,,,,3.0,0.0,1.5,0.0,0.0,0.0
dynamic,51,1789354324.871605396,1789354324.871333599,1789354320.388396978,unmatched_est_5,,unmatched_estimate,,5,3,0,3.0369176915999296,0.025367680398440177,1.5375593900680542,-1.8583322238203472e-05,1.0341033037258111e-05,0.0,0.17477011680603027,0.25255507230758667,0.06457877159118652,,,,,,,,,,,,3.0,0.0,1.5,0.0,0.0,0.0
dynamic,51,1789354324.871605396,1789354324.871333599,1789354320.388396978,unmatched_est_9,,unmatched_estimate,,9,4,0,2.51482892036438,-2.420341968536377,2.6510212421417236,0.0,0.0,0.0,0.9374685287475586,0.6193652153015137,0.6737723350524902,,,,,,,,,,,,3.0,0.0,1.5,0.0,0.0,0.0
dynamic,52,1789354324.971480608,1789354324.971345901,1789354320.388396978,unmatched_est_10,,unmatched_estimate,,10,0,0,2.675349712371826,-4.636791229248047,1.3440035581588745,0.0,0.0,0.0,0.5814714431762695,0.14426946640014648,0.4094587564468384,,,,,,,,,,,,3.0,0.0,1.5,0.0,0.0,0.0
dynamic,52,1789354324.971480608,1789354324.971345901,1789354320.388396978,unmatched_est_8,,unmatched_estimate,,8,1,0,1.8946369886398315,-2.22137713432312,1.5565991401672363,0.0,0.0,0.0,0.8502047061920166,0.5743799209594727,0.5085244178771973,,,,,,,,,,,,3.0,0.0,1.5,0.0,0.0,0.0
dynamic,52,1789354324.971480608,1789354324.971345901,1789354320.388396978,unmatched_est_11,,unmatched_estimate,,11,2,0,-2.4831206798553467,0.5703915953636169,1.4567928314208984,0.0,0.0,0.0,0.1417074203491211,0.6847484111785889,0.48088932037353516,,,,,,,,,,,,3.0,0.0,1.5,0.0,0.0,0.0
dynamic,52,1789354324.971480608,1789354324.971345901,1789354320.388396978,unmatched_est_5,,unmatched_estimate,,5,3,0,3.03691365129328,0.02536656270683147,1.5375593900680542,-5.0661441839552875e-05,-3.0432559689921615e-06,0.0,0.17477011680603027,0.25255507230758667,0.06457877159118652,,,,,,,,,,,,3.0,0.0,1.5,0.0,0.0,0.0
dynamic,52,1789354324.971480608,1789354324.971345901,1789354320.388396978,unmatched_est_9,,unmatched_estimate,,9,4,0,2.51482892036438,-2.420341968536377,2.6510212421417236,0.0,0.0,0.0,0.9374685287475586,0.6193652153015137,0.6737723350524902,,,,,,,,,,,,3.0,0.0,1.5,0.0,0.0,0.0
dynamic,53,1789354325.071552753,1789354325.071362972,1789354320.388396978,unmatched_est_10,,unmatched_estimate,,10,0,0,2.675349712371826,-4.636791229248047,1.3440035581588745,0.0,0.0,0.0,0.5814714431762695,0.14426946640014648,0.4094587564468384,,,,,,,,,,,,3.0,0.0,1.5,0.0,0.0,0.0
dynamic,53,1789354325.071552753,1789354325.071362972,1789354320.388396978,unmatched_est_8,,unmatched_estimate,,8,1,0,1.8946369886398315,-2.22137713432312,1.5565991401672363,0.0,0.0,0.0,0.8502047061920166,0.5743799209594727,0.5085244178771973,,,,,,,,,,,,3.0,0.0,1.5,0.0,0.0,0.0
dynamic,53,1789354325.071552753,1789354325.071362972,1789354320.388396978,unmatched_est_11,,unmatched_estimate,,11,2,0,-2.4831206798553467,0.5703915953636169,1.4567928314208984,0.0,0.0,0.0,0.1417074203491211,0.6847484111785889,0.48088932037353516,,,,,,,,,,,,3.0,0.0,1.5,0.0,0.0,0.0
dynamic,53,1789354325.071552753,1789354325.071362972,1789354320.388396978,unmatched_est_5,,unmatched_estimate,,5,3,0,3.0369108180136455,0.02536555704162435,1.5375593900680542,-6.219358547549082e-05,-1.1488730308854871e-05,0.0,0.17477011680603027,0.25255507230758667,0.06457877159118652,,,,,,,,,,,,3.0,0.0,1.5,0.0,0.0,0.0
dynamic,53,1789354325.071552753,1789354325.071362972,1789354320.388396978,unmatched_est_9,,unmatched_estimate,,9,4,0,2.51482892036438,-2.420341968536377,2.6510212421417236,0.0,0.0,0.0,0.9374685287475586,0.6193652153015137,0.6737723350524902,,,,,,,,,,,,3.0,0.0,1.5,0.0,0.0,0.0
dynamic,54,1789354325.171471596,1789354325.171341658,1789354320.388396978,unmatched_est_10,,unmatched_estimate,,10,0,0,2.675349712371826,-4.636791229248047,1.3440035581588745,0.0,0.0,0.0,0.5814714431762695,0.14426946640014648,0.4094587564468384,,,,,,,,,,,,3.0,0.0,1.5,0.0,0.0,0.0
dynamic,54,1789354325.171471596,1789354325.171341658,1789354320.388396978,unmatched_est_8,,unmatched_estimate,,8,1,0,1.8946369886398315,-2.22137713432312,1.5565991401672363,0.0,0.0,0.0,0.8502047061920166,0.5743799209594727,0.5085244178771973,,,,,,,,,,,,3.0,0.0,1.5,0.0,0.0,0.0
dynamic,54,1789354325.171471596,1789354325.171341658,1789354320.388396978,unmatched_est_11,,unmatched_estimate,,11,2,0,-2.4831206798553467,0.5703915953636169,1.4567928314208984,0.0,0.0,0.0,0.1417074203491211,0.6847484111785889,0.48088932037353516,,,,,,,,,,,,3.0,0.0,1.5,0.0,0.0,0.0
dynamic,54,1789354325.171471596,1789354325.171341658,1789354320.388396978,unmatched_est_5,,unmatched_estimate,,5,3,0,3.036909370462656,0.025364829138555752,1.5375593900680542,-5.750718222417854e-05,-1.4896277645306153e-05,0.0,0.17477011680603027,0.25255507230758667,0.06457877159118652,,,,,,,,,,,,3.0,0.0,1.5,0.0,0.0,0.0
dynamic,54,1789354325.171471596,1789354325.171341658,1789354320.388396978,unmatched_est_9,,unmatched_estimate,,9,4,0,2.51482892036438,-2.420341968536377,2.6510212421417236,0.0,0.0,0.0,0.9374685287475586,0.6193652153015137,0.6737723350524902,,,,,,,,,,,,3.0,0.0,1.5,0.0,0.0,0.0
dynamic,55,1789354325.271655798,1789354325.271413803,1789354320.388396978,unmatched_est_10,,unmatched_estimate,,10,0,0,2.675349712371826,-4.636791229248047,1.3440035581588745,0.0,0.0,0.0,0.5814714431762695,0.14426946640014648,0.4094587564468384,,,,,,,,,,,,3.0,0.0,1.5,0.0,0.0,0.0
dynamic,55,1789354325.271655798,1789354325.271413803,1789354320.388396978,unmatched_est_8,,unmatched_estimate,,8,1,0,1.8946369886398315,-2.22137713432312,1.5565991401672363,0.0,0.0,0.0,0.8502047061920166,0.5743799209594727,0.5085244178771973,,,,,,,,,,,,3.0,0.0,1.5,0.0,0.0,0.0
dynamic,55,1789354325.271655798,1789354325.271413803,1789354320.388396978,unmatched_est_11,,unmatched_estimate,,11,2,0,-2.4831206798553467,0.5703915953636169,1.4567928314208984,0.0,0.0,0.0,0.1417074203491211,0.6847484111785889,0.48088932037353516,,,,,,,,,,,,3.0,0.0,1.5,0.0,0.0,0.0
dynamic,55,1789354325.271655798,1789354325.271413803,1789354320.388396978,unmatched_est_5,,unmatched_estimate,,5,3,0,3.0369091512778543,0.025364435364136184,1.5375593900680542,-4.2787451419084556e-05,-1.4210551980202097e-05,0.0,0.17477011680603027,0.25255507230758667,0.06457877159118652,,,,,,,,,,,,3.0,0.0,1.5,0.0,0.0,0.0
dynamic,55,1789354325.271655798,1789354325.271413803,1789354320.388396978,unmatched_est_9,,unmatched_estimate,,9,4,0,2.51482892036438,-2.420341968536377,2.6510212421417236,0.0,0.0,0.0,0.9374685287475586,0.6193652153015137,0.6737723350524902,,,,,,,,,,,,3.0,0.0,1.5,0.0,0.0,0.0
dynamic,56,1789354325.371640682,1789354325.371430635,1789354320.388396978,unmatched_est_10,,unmatched_estimate,,10,0,0,2.675349712371826,-4.636791229248047,1.3440035581588745,0.0,0.0,0.0,0.5814714431762695,0.14426946640014648,0.4094587564468384,,,,,,,,,,,,3.0,0.0,1.5,0.0,0.0,0.0
dynamic,56,1789354325.371640682,1789354325.371430635,1789354320.388396978,unmatched_est_8,,unmatched_estimate,,8,1,0,1.8946369886398315,-2.22137713432312,1.5565991401672363,0.0,0.0,0.0,0.8502047061920166,0.5743799209594727,0.5085244178771973,,,,,,,,,,,,3.0,0.0,1.5,0.0,0.0,0.0
dynamic,56,1789354325.371640682,1789354325.371430635,1789354320.388396978,unmatched_est_11,,unmatched_estimate,,11,2,0,-2.4831206798553467,0.5703915953636169,1.4567928314208984,0.0,0.0,0.0,0.1417074203491211,0.6847484111785889,0.48088932037353516,,,,,,,,,,,,3.0,0.0,1.5,0.0,0.0,0.0
dynamic,56,1789354325.371640682,1789354325.371430635,1789354320.388396978,unmatched_est_5,,unmatched_estimate,,5,3,0,3.0369098072970337,0.025364346759460168,1.5375593900680542,-2.4234586762395255e-05,-1.0892777043508127e-05,0.0,0.17477011680603027,0.25255507230758667,0.06457877159118652,,,,,,,,,,,,3.0,0.0,1.5,0.0,0.0,0.0
dynamic,56,1789354325.371640682,1789354325.371430635,1789354320.388396978,unmatched_est_9,,unmatched_estimate,,9,4,0,2.51482892036438,-2.420341968536377,2.6510212421417236,0.0,0.0,0.0,0.9374685287475586,0.6193652153015137,0.6737723350524902,,,,,,,,,,,,3.0,0.0,1.5,0.0,0.0,0.0
dynamic,57,1789354325.471599579,1789354325.471390963,1789354320.388396978,unmatched_est_10,,unmatched_estimate,,10,0,0,2.675349712371826,-4.636791229248047,1.3440035581588745,0.0,0.0,0.0,0.5814714431762695,0.14426946640014648,0.4094587564468384,,,,,,,,,,,,3.0,0.0,1.5,0.0,0.0,0.0
dynamic,57,1789354325.471599579,1789354325.471390963,1789354320.388396978,unmatched_est_8,,unmatched_estimate,,8,1,0,1.8946369886398315,-2.22137713432312,1.5565991401672363,0.0,0.0,0.0,0.8502047061920166,0.5743799209594727,0.5085244178771973,,,,,,,,,,,,3.0,0.0,1.5,0.0,0.0,0.0
dynamic,57,1789354325.471599579,1789354325.471390963,1789354320.388396978,unmatched_est_11,,unmatched_estimate,,11,2,0,-2.4831206798553467,0.5703915953636169,1.4567928314208984,0.0,0.0,0.0,0.1417074203491211,0.6847484111785889,0.48088932037353516,,,,,,,,,,,,3.0,0.0,1.5,0.0,0.0,0.0
dynamic,57,1789354325.471599579,1789354325.471390963,1789354320.388396978,unmatched_est_5,,unmatched_estimate,,5,3,0,3.036910923790224,0.025364482444808222,1.5375593900680542,-6.813788019931464e-06,-6.460275215978971e-06,0.0,0.17477011680603027,0.25255507230758667,0.06457877159118652,,,,,,,,,,,,3.0,0.0,1.5,0.0,0.0,0.0
dynamic,57,1789354325.471599579,1789354325.471390963,1789354320.388396978,unmatched_est_9,,unmatched_estimate,,9,4,0,2.51482892036438,-2.420341968536377,2.6510212421417236,0.0,0.0,0.0,0.9374685287475586,0.6193652153015137,0.6737723350524902,,,,,,,,,,,,3.0,0.0,1.5,0.0,0.0,0.0
dynamic,58,1789354325.571494102,1789354325.571363449,1789354320.388396978,unmatched_est_10,,unmatched_estimate,,10,0,0,2.675349712371826,-4.636791229248047,1.3440035581588745,0.0,0.0,0.0,0.5814714431762695,0.14426946640014648,0.4094587564468384,,,,,,,,,,,,3.0,0.0,1.5,0.0,0.0,0.0
dynamic,58,1789354325.571494102,1789354325.571363449,1789354320.388396978,unmatched_est_8,,unmatched_estimate,,8,1,0,1.8946369886398315,-2.22137713432312,1.5565991401672363,0.0,0.0,0.0,0.8502047061920166,0.5743799209594727,0.5085244178771973,,,,,,,,,,,,3.0,0.0,1.5,0.0,0.0,0.0
dynamic,58,1789354325.571494102,1789354325.571363449,1789354320.388396978,unmatched_est_11,,unmatched_estimate,,11,2,0,-2.4831206798553467,0.5703915953636169,1.4567928314208984,0.0,0.0,0.0,0.1417074203491211,0.6847484111785889,0.48088932037353516,,,,,,,,,,,,3.0,0.0,1.5,0.0,0.0,0.0
dynamic,58,1789354325.571494102,1789354325.571363449,1789354320.388396978,unmatched_est_5,,unmatched_estimate,,5,3,0,3.0369121276532844,0.025364742649997267,1.5375593900680542,6.342531245381046e-06,-2.1636190698796534e-06,0.0,0.17477011680603027,0.25255507230758667,0.06457877159118652,,,,,,,,,,,,3.0,0.0,1.5,0.0,0.0,0.0
dynamic,58,1789354325.571494102,1789354325.571363449,1789354320.388396978,unmatched_est_9,,unmatched_estimate,,9,4,0,2.51482892036438,-2.420341968536377,2.6510212421417236,0.0,0.0,0.0,0.9374685287475586,0.6193652153015137,0.6737723350524902,,,,,,,,,,,,3.0,0.0,1.5,0.0,0.0,0.0
dynamic,59,1789354325.671470165,1789354325.671335459,1789354320.388396978,unmatched_est_10,,unmatched_estimate,,10,0,0,2.675349712371826,-4.636791229248047,1.3440035581588745,0.0,0.0,0.0,0.5814714431762695,0.14426946640014648,0.4094587564468384,,,,,,,,,,,,3.0,0.0,1.5,0.0,0.0,0.0
dynamic,59,1789354325.671470165,1789354325.671335459,1789354320.388396978,unmatched_est_8,,unmatched_estimate,,8,1,0,1.8946369886398315,-2.22137713432312,1.5565991401672363,0.0,0.0,0.0,0.8502047061920166,0.5743799209594727,0.5085244178771973,,,,,,,,,,,,3.0,0.0,1.5,0.0,0.0,0.0
dynamic,59,1789354325.671470165,1789354325.671335459,1789354320.388396978,unmatched_est_11,,unmatched_estimate,,11,2,0,-2.4831206798553467,0.5703915953636169,1.4567928314208984,0.0,0.0,0.0,0.1417074203491211,0.6847484111785889,0.48088932037353516,,,,,,,,,,,,3.0,0.0,1.5,0.0,0.0,0.0
dynamic,59,1789354325.671470165,1789354325.671335459,1789354320.388396978,unmatched_est_5,,unmatched_estimate,,5,3,0,3.0369131488756245,0.02536503485831552,1.5375593900680542,1.3971185031630031e-05,1.1782586536368846e-06,0.0,0.17477011680603027,0.25255507230758667,0.06457877159118652,,,,,,,,,,,,3.0,0.0,1.5,0.0,0.0,0.0
dynamic,59,1789354325.671470165,1789354325.671335459,1789354320.388396978,unmatched_est_9,,unmatched_estimate,,9,4,0,2.51482892036438,-2.420341968536377,2.6510212421417236,0.0,0.0,0.0,0.9374685287475586,0.6193652153015137,0.6737723350524902,,,,,,,,,,,,3.0,0.0,1.5,0.0,0.0,0.0
dynamic,60,1789354325.771520138,1789354325.771338463,1789354320.388396978,unmatched_est_10,,unmatched_estimate,,10,0,0,2.675349712371826,-4.636791229248047,1.3440035581588745,0.0,0.0,0.0,0.5814714431762695,0.14426946640014648,0.4094587564468384,,,,,,,,,,,,3.0,0.0,1.5,0.0,0.0,0.0
dynamic,60,1789354325.771520138,1789354325.771338463,1789354320.388396978,unmatched_est_8,,unmatched_estimate,,8,1,0,1.8946369886398315,-2.22137713432312,1.5565991401672363,0.0,0.0,0.0,0.8502047061920166,0.5743799209594727,0.5085244178771973,,,,,,,,,,,,3.0,0.0,1.5,0.0,0.0,0.0
dynamic,60,1789354325.771520138,1789354325.771338463,1789354320.388396978,unmatched_est_11,,unmatched_estimate,,11,2,0,-2.4831206798553467,0.5703915953636169,1.4567928314208984,0.0,0.0,0.0,0.1417074203491211,0.6847484111785889,0.48088932037353516,,,,,,,,,,,,3.0,0.0,1.5,0.0,0.0,0.0
dynamic,60,1789354325.771520138,1789354325.771338463,1789354320.388396978,unmatched_est_5,,unmatched_estimate,,5,3,0,3.0369138414296977,0.02536529004045022,1.5375593900680542,1.6327493972863002e-05,3.2029574858222787e-06,0.0,0.17477011680603027,0.25255507230758667,0.06457877159118652,,,,,,,,,,,,3.0,0.0,1.5,0.0,0.0,0.0
dynamic,60,1789354325.771520138,1789354325.771338463,1789354320.388396978,unmatched_est_9,,unmatched_estimate,,9,4,0,2.51482892036438,-2.420341968536377,2.6510212421417236,0.0,0.0,0.0,0.9374685287475586,0.6193652153015137,0.6737723350524902,,,,,,,,,,,,3.0,0.0,1.5,0.0,0.0,0.0
dynamic,61,1789354325.871506691,1789354325.871344090,1789354320.388396978,unmatched_est_10,,unmatched_estimate,,10,0,0,2.675349712371826,-4.636791229248047,1.3440035581588745,0.0,0.0,0.0,0.5814714431762695,0.14426946640014648,0.4094587564468384,,,,,,,,,,,,3.0,0.0,1.5,0.0,0.0,0.0
dynamic,61,1789354325.871506691,1789354325.871344090,1789354320.388396978,unmatched_est_8,,unmatched_estimate,,8,1,0,1.8946369886398315,-2.22137713432312,1.5565991401672363,0.0,0.0,0.0,0.8502047061920166,0.5743799209594727,0.5085244178771973,,,,,,,,,,,,3.0,0.0,1.5,0.0,0.0,0.0
dynamic,61,1789354325.871506691,1789354325.871344090,1789354320.388396978,unmatched_est_11,,unmatched_estimate,,11,2,0,-2.4831206798553467,0.5703915953636169,1.4567928314208984,0.0,0.0,0.0,0.1417074203491211,0.6847484111785889,0.48088932037353516,,,,,,,,,,,,3.0,0.0,1.5,0.0,0.0,0.0
dynamic,61,1789354325.871506691,1789354325.871344090,1789354320.388396978,unmatched_est_5,,unmatched_estimate,,5,3,0,3.03691417250775,0.02536546892259591,1.5375593900680542,1.464301887022299e-05,3.929771891492231e-06,0.0,0.17477011680603027,0.25255507230758667,0.06457877159118652,,,,,,,,,,,,3.0,0.0,1.5,0.0,0.0,0.0
dynamic,61,1789354325.871506691,1789354325.871344090,1789354320.388396978,unmatched_est_9,,unmatched_estimate,,9,4,0,2.51482892036438,-2.420341968536377,2.6510212421417236,0.0,0.0,0.0,0.9374685287475586,0.6193652153015137,0.6737723350524902,,,,,,,,,,,,3.0,0.0,1.5,0.0,0.0,0.0
dynamic,62,1789354325.971520424,1789354325.971342087,1789354320.388396978,unmatched_est_10,,unmatched_estimate,,10,0,0,2.675349712371826,-4.636791229248047,1.3440035581588745,0.0,0.0,0.0,0.5814714431762695,0.14426946640014648,0.4094587564468384,,,,,,,,,,,,3.0,0.0,1.5,0.0,0.0,0.0
dynamic,62,1789354325.971520424,1789354325.971342087,1789354320.388396978,unmatched_est_8,,unmatched_estimate,,8,1,0,1.8946369886398315,-2.22137713432312,1.5565991401672363,0.0,0.0,0.0,0.8502047061920166,0.5743799209594727,0.5085244178771973,,,,,,,,,,,,3.0,0.0,1.5,0.0,0.0,0.0
dynamic,62,1789354325.971520424,1789354325.971342087,1789354320.388396978,unmatched_est_11,,unmatched_estimate,,11,2,0,-2.4831206798553467,0.5703915953636169,1.4567928314208984,0.0,0.0,0.0,0.1417074203491211,0.6847484111785889,0.48088932037353516,,,,,,,,,,,,3.0,0.0,1.5,0.0,0.0,0.0
dynamic,62,1789354325.971520424,1789354325.971342087,1789354320.388396978,unmatched_est_5,,unmatched_estimate,,5,3,0,3.036914192501887,0.025365560252318856,1.5375593900680542,1.0562581156545916e-05,3.632399582230045e-06,0.0,0.17477011680603027,0.25255507230758667,0.06457877159118652,,,,,,,,,,,,3.0,0.0,1.5,0.0,0.0,0.0
dynamic,62,1789354325.971520424,1789354325.971342087,1789354320.388396978,unmatched_est_9,,unmatched_estimate,,9,4,0,2.51482892036438,-2.420341968536377,2.6510212421417236,0.0,0.0,0.0,0.9374685287475586,0.6193652153015137,0.6737723350524902,,,,,,,,,,,,3.0,0.0,1.5,0.0,0.0,0.0
dynamic,63,1789354326.071531057,1789354326.071321249,1789354320.388396978,unmatched_est_10,,unmatched_estimate,,10,0,0,2.675349712371826,-4.636791229248047,1.3440035581588745,0.0,0.0,0.0,0.5814714431762695,0.14426946640014648,0.4094587564468384,,,,,,,,,,,,3.0,0.0,1.5,0.0,0.0,0.0
dynamic,63,1789354326.071531057,1789354326.071321249,1789354320.388396978,unmatched_est_8,,unmatched_estimate,,8,1,0,1.8946369886398315,-2.22137713432312,1.5565991401672363,0.0,0.0,0.0,0.8502047061920166,0.5743799209594727,0.5085244178771973,,,,,,,,,,,,3.0,0.0,1.5,0.0,0.0,0.0
dynamic,63,1789354326.071531057,1789354326.071321249,1789354320.388396978,unmatched_est_11,,unmatched_estimate,,11,2,0,-2.4831206798553467,0.5703915953636169,1.4567928314208984,0.0,0.0,0.0,0.1417074203491211,0.6847484111785889,0.48088932037353516,,,,,,,,,,,,3.0,0.0,1.5,0.0,0.0,0.0
dynamic,63,1789354326.071531057,1789354326.071321249,1789354320.388396978,unmatched_est_5,,unmatched_estimate,,5,3,0,3.0369139979825213,0.025365573997867458,1.5375593900680542,5.680325506867523e-06,2.7017188227911103e-06,0.0,0.17477011680603027,0.25255507230758667,0.06457877159118652,,,,,,,,,,,,3.0,0.0,1.5,0.0,0.0,0.0
dynamic,63,1789354326.071531057,1789354326.071321249,1789354320.388396978,unmatched_est_9,,unmatched_estimate,,9,4,0,2.51482892036438,-2.420341968536377,2.6510212421417236,0.0,0.0,0.0,0.9374685287475586,0.6193652153015137,0.6737723350524902,,,,,,,,,,,,3.0,0.0,1.5,0.0,0.0,0.0
dynamic,64,1789354326.171671867,1789354326.171467304,1789354320.388396978,unmatched_est_10,,unmatched_estimate,,10,0,0,2.675349712371826,-4.636791229248047,1.3440035581588745,0.0,0.0,0.0,0.5814714431762695,0.14426946640014648,0.4094587564468384,,,,,,,,,,,,3.0,0.0,1.5,0.0,0.0,0.0
dynamic,64,1789354326.171671867,1789354326.171467304,1789354320.388396978,unmatched_est_8,,unmatched_estimate,,8,1,0,1.8946369886398315,-2.22137713432312,1.5565991401672363,0.0,0.0,0.0,0.8502047061920166,0.5743799209594727,0.5085244178771973,,,,,,,,,,,,3.0,0.0,1.5,0.0,0.0,0.0
dynamic,64,1789354326.171671867,1789354326.171467304,1789354320.388396978,unmatched_est_11,,unmatched_estimate,,11,2,0,-2.4831206798553467,0.5703915953636169,1.4567928314208984,0.0,0.0,0.0,0.1417074203491211,0.6847484111785889,0.48088932037353516,,,,,,,,,,,,3.0,0.0,1.5,0.0,0.0,0.0
dynamic,64,1789354326.171671867,1789354326.171467304,1789354320.388396978,unmatched_est_5,,unmatched_estimate,,5,3,0,3.0369136973737834,0.025365532484862955,1.5375593900680542,1.2359685645489506e-06,1.529402956234362e-06,0.0,0.17477011680603027,0.25255507230758667,0.06457877159118652,,,,,,,,,,,,3.0,0.0,1.5,0.0,0.0,0.0
dynamic,64,1789354326.171671867,1789354326.171467304,1789354320.388396978,unmatched_est_9,,unmatched_estimate,,9,4,0,2.51482892036438,-2.420341968536377,2.6510212421417236,0.0,0.0,0.0,0.9374685287475586,0.6193652153015137,0.6737723350524902,,,,,,,,,,,,3.0,0.0,1.5,0.0,0.0,0.0
dynamic,65,1789354326.271540880,1789354326.271339417,1789354320.388396978,unmatched_est_10,,unmatched_estimate,,10,0,0,2.675349712371826,-4.636791229248047,1.3440035581588745,0.0,0.0,0.0,0.5814714431762695,0.14426946640014648,0.4094587564468384,,,,,,,,,,,,3.0,0.0,1.5,0.0,0.0,0.0
dynamic,65,1789354326.271540880,1789354326.271339417,1789354320.388396978,unmatched_est_8,,unmatched_estimate,,8,1,0,1.8946369886398315,-2.22137713432312,1.5565991401672363,0.0,0.0,0.0,0.8502047061920166,0.5743799209594727,0.5085244178771973,,,,,,,,,,,,3.0,0.0,1.5,0.0,0.0,0.0
dynamic,65,1789354326.271540880,1789354326.271339417,1789354320.388396978,unmatched_est_11,,unmatched_estimate,,11,2,0,-2.4831206798553467,0.5703915953636169,1.4567928314208984,0.0,0.0,0.0,0.1417074203491211,0.6847484111785889,0.48088932037353516,,,,,,,,,,,,3.0,0.0,1.5,0.0,0.0,0.0
dynamic,65,1789354326.271540880,1789354326.271339417,1789354320.388396978,unmatched_est_5,,unmatched_estimate,,5,3,0,3.0369133853469554,0.025365461917231262,1.5375593900680542,-2.0195611737271564e-06,4.2900725547356384e-07,0.0,0.17477011680603027,0.25255507230758667,0.06457877159118652,,,,,,,,,,,,3.0,0.0,1.5,0.0,0.0,0.0
dynamic,65,1789354326.271540880,1789354326.271339417,1789354320.388396978,unmatched_est_9,,unmatched_estimate,,9,4,0,2.51482892036438,-2.420341968536377,2.6510212421417236,0.0,0.0,0.0,0.9374685287475586,0.6193652153015137,0.6737723350524902,,,,,,,,,,,,3.0,0.0,1.5,0.0,0.0,0.0
dynamic,66,1789354326.371475935,1789354326.371347189,1789354320.388396978,unmatched_est_10,,unmatched_estimate,,10,0,0,2.675349712371826,-4.636791229248047,1.3440035581588745,0.0,0.0,0.0,0.5814714431762695,0.14426946640014648,0.4094587564468384,,,,,,,,,,,,3.0,0.0,1.5,0.0,0.0,0.0
dynamic,66,1789354326.371475935,1789354326.371347189,1789354320.388396978,unmatched_est_8,,unmatched_estimate,,8,1,0,1.8946369886398315,-2.22137713432312,1.5565991401672363,0.0,0.0,0.0,0.8502047061920166,0.5743799209594727,0.5085244178771973,,,,,,,,,,,,3.0,0.0,1.5,0.0,0.0,0.0
dynamic,66,1789354326.371475935,1789354326.371347189,1789354320.388396978,unmatched_est_11,,unmatched_estimate,,11,2,0,-2.4831206798553467,0.5703915953636169,1.4567928314208984,0.0,0.0,0.0,0.1417074203491211,0.6847484111785889,0.48088932037353516,,,,,,,,,,,,3.0,0.0,1.5,0.0,0.0,0.0
dynamic,66,1789354326.371475935,1789354326.371347189,1789354320.388396978,unmatched_est_5,,unmatched_estimate,,5,3,0,3.0369131282553634,0.02536538586090714,1.5375593900680542,-3.816880854439172e-06,-4.017407891224157e-07,0.0,0.17477011680603027,0.25255507230758667,0.06457877159118652,,,,,,,,,,,,3.0,0.0,1.5,0.0,0.0,0.0
dynamic,66,1789354326.371475935,1789354326.371347189,1789354320.388396978,unmatched_est_9,,unmatched_estimate,,9,4,0,2.51482892036438,-2.420341968536377,2.6510212421417236,0.0,0.0,0.0,0.9374685287475586,0.6193652153015137,0.6737723350524902,,,,,,,,,,,,3.0,0.0,1.5,0.0,0.0,0.0
dynamic,67,1789354326.471467733,1789354326.471332073,1789354320.388396978,unmatched_est_10,,unmatched_estimate,,10,0,0,2.675349712371826,-4.636791229248047,1.3440035581588745,0.0,0.0,0.0,0.5814714431762695,0.14426946640014648,0.4094587564468384,,,,,,,,,,,,3.0,0.0,1.5,0.0,0.0,0.0
dynamic,67,1789354326.471467733,1789354326.471332073,1789354320.388396978,unmatched_est_8,,unmatched_estimate,,8,1,0,1.8946369886398315,-2.22137713432312,1.5565991401672363,0.0,0.0,0.0,0.8502047061920166,0.5743799209594727,0.5085244178771973,,,,,,,,,,,,3.0,0.0,1.5,0.0,0.0,0.0
dynamic,67,1789354326.471467733,1789354326.471332073,1789354320.388396978,unmatched_est_11,,unmatched_estimate,,11,2,0,-2.4831206798553467,0.5703915953636169,1.4567928314208984,0.0,0.0,0.0,0.1417074203491211,0.6847484111785889,0.48088932037353516,,,,,,,,,,,,3.0,0.0,1.5,0.0,0.0,0.0
dynamic,67,1789354326.471467733,1789354326.471332073,1789354320.388396978,unmatched_est_5,,unmatched_estimate,,5,3,0,3.0369129599655706,0.025365321364275616,1.5375593900680542,-4.266548269477096e-06,-8.831975486368131e-07,0.0,0.17477011680603027,0.25255507230758667,0.06457877159118652,,,,,,,,,,,,3.0,0.0,1.5,0.0,0.0,0.0
dynamic,67,1789354326.471467733,1789354326.471332073,1789354320.388396978,unmatched_est_9,,unmatched_estimate,,9,4,0,2.51482892036438,-2.420341968536377,2.6510212421417236,0.0,0.0,0.0,0.9374685287475586,0.6193652153015137,0.6737723350524902,,,,,,,,,,,,3.0,0.0,1.5,0.0,0.0,0.0
dynamic,68,1789354326.571467876,1789354326.571345329,1789354320.388396978,unmatched_est_10,,unmatched_estimate,,10,0,0,2.675349712371826,-4.636791229248047,1.3440035581588745,0.0,0.0,0.0,0.5814714431762695,0.14426946640014648,0.4094587564468384,,,,,,,,,,,,3.0,0.0,1.5,0.0,0.0,0.0
dynamic,68,1789354326.571467876,1789354326.571345329,1789354320.388396978,unmatched_est_8,,unmatched_estimate,,8,1,0,1.8946369886398315,-2.22137713432312,1.5565991401672363,0.0,0.0,0.0,0.8502047061920166,0.5743799209594727,0.5085244178771973,,,,,,,,,,,,3.0,0.0,1.5,0.0,0.0,0.0
dynamic,68,1789354326.571467876,1789354326.571345329,1789354320.388396978,unmatched_est_11,,unmatched_estimate,,11,2,0,-2.4831206798553467,0.5703915953636169,1.4567928314208984,0.0,0.0,0.0,0.1417074203491211,0.6847484111785889,0.48088932037353516,,,,,,,,,,,,3.0,0.0,1.5,0.0,0.0,0.0
dynamic,68,1789354326.571467876,1789354326.571345329,1789354320.388396978,unmatched_est_5,,unmatched_estimate,,5,3,0,3.0369128855605227,0.025365277641885155,1.5375593900680542,-3.714009847196578e-06,-1.0316161858897583e-06,0.0,0.17477011680603027,0.25255507230758667,0.06457877159118652,,,,,,,,,,,,3.0,0.0,1.5,0.0,0.0,0.0
dynamic,68,1789354326.571467876,1789354326.571345329,1789354320.388396978,unmatched_est_9,,unmatched_estimate,,9,4,0,2.51482892036438,-2.420341968536377,2.6510212421417236,0.0,0.0,0.0,0.9374685287475586,0.6193652153015137,0.6737723350524902,,,,,,,,,,,,3.0,0.0,1.5,0.0,0.0,0.0
dynamic,69,1789354326.671490669,1789354326.671333075,1789354320.388396978,unmatched_est_10,,unmatched_estimate,,10,0,0,2.675349712371826,-4.636791229248047,1.3440035581588745,0.0,0.0,0.0,0.5814714431762695,0.14426946640014648,0.4094587564468384,,,,,,,,,,,,3.0,0.0,1.5,0.0,0.0,0.0
dynamic,69,1789354326.671490669,1789354326.671333075,1789354320.388396978,unmatched_est_8,,unmatched_estimate,,8,1,0,1.8946369886398315,-2.22137713432312,1.5565991401672363,0.0,0.0,0.0,0.8502047061920166,0.5743799209594727,0.5085244178771973,,,,,,,,,,,,3.0,0.0,1.5,0.0,0.0,0.0
dynamic,69,1789354326.671490669,1789354326.671333075,1789354320.388396978,unmatched_est_11,,unmatched_estimate,,11,2,0,-2.4831206798553467,0.5703915953636169,1.4567928314208984,0.0,0.0,0.0,0.1417074203491211,0.6847484111785889,0.48088932037353516,,,,,,,,,,,,3.0,0.0,1.5,0.0,0.0,0.0
dynamic,69,1789354326.671490669,1789354326.671333075,1789354320.388396978,unmatched_est_5,,unmatched_estimate,,5,3,0,3.0369128896256594,0.025365256756963685,1.5375593900680542,-2.5942791788117925e-06,-9.248754872058802e-07,0.0,0.17477011680603027,0.25255507230758667,0.06457877159118652,,,,,,,,,,,,3.0,0.0,1.5,0.0,0.0,0.0
dynamic,69,1789354326.671490669,1789354326.671333075,1789354320.388396978,unmatched_est_9,,unmatched_estimate,,9,4,0,2.51482892036438,-2.420341968536377,2.6510212421417236,0.0,0.0,0.0,0.9374685287475586,0.6193652153015137,0.6737723350524902,,,,,,,,,,,,3.0,0.0,1.5,0.0,0.0,0.0
dynamic,70,1789354326.771520615,1789354326.771343231,1789354320.388396978,unmatched_est_10,,unmatched_estimate,,10,0,0,2.675349712371826,-4.636791229248047,1.3440035581588745,0.0,0.0,0.0,0.5814714431762695,0.14426946640014648,0.4094587564468384,,,,,,,,,,,,3.0,0.0,1.5,0.0,0.0,0.0
dynamic,70,1789354326.771520615,1789354326.771343231,1789354320.388396978,unmatched_est_8,,unmatched_estimate,,8,1,0,1.8946369886398315,-2.22137713432312,1.5565991401672363,0.0,0.0,0.0,0.8502047061920166,0.5743799209594727,0.5085244178771973,,,,,,,,,,,,3.0,0.0,1.5,0.0,0.0,0.0
dynamic,70,1789354326.771520615,1789354326.771343231,1789354320.388396978,unmatched_est_11,,unmatched_estimate,,11,2,0,-2.4831206798553467,0.5703915953636169,1.4567928314208984,0.0,0.0,0.0,0.1417074203491211,0.6847484111785889,0.48088932037353516,,,,,,,,,,,,3.0,0.0,1.5,0.0,0.0,0.0
dynamic,70,1789354326.771520615,1789354326.771343231,1789354320.388396978,unmatched_est_5,,unmatched_estimate,,5,3,0,3.036912945972126,0.025365255519382724,1.5375593900680542,-1.3156167543211222e-06,-6.669142151552913e-07,0.0,0.17477011680603027,0.25255507230758667,0.06457877159118652,,,,,,,,,,,,3.0,0.0,1.5,0.0,0.0,0.0
dynamic,70,1789354326.771520615,1789354326.771343231,1789354320.388396978,unmatched_est_9,,unmatched_estimate,,9,4,0,2.51482892036438,-2.420341968536377,2.6510212421417236,0.0,0.0,0.0,0.9374685287475586,0.6193652153015137,0.6737723350524902,,,,,,,,,,,,3.0,0.0,1.5,0.0,0.0,0.0
dynamic,71,1789354326.871541262,1789354326.871381998,1789354320.388396978,unmatched_est_10,,unmatched_estimate,,10,0,0,2.675349712371826,-4.636791229248047,1.3440035581588745,0.0,0.0,0.0,0.5814714431762695,0.14426946640014648,0.4094587564468384,,,,,,,,,,,,3.0,0.0,1.5,0.0,0.0,0.0
dynamic,71,1789354326.871541262,1789354326.871381998,1789354320.388396978,unmatched_est_8,,unmatched_estimate,,8,1,0,1.8946369886398315,-2.22137713432312,1.5565991401672363,0.0,0.0,0.0,0.8502047061920166,0.5743799209594727,0.5085244178771973,,,,,,,,,,,,3.0,0.0,1.5,0.0,0.0,0.0
dynamic,71,1789354326.871541262,1789354326.871381998,1789354320.388396978,unmatched_est_11,,unmatched_estimate,,11,2,0,-2.4831206798553467,0.5703915953636169,1.4567928314208984,0.0,0.0,0.0,0.1417074203491211,0.6847484111785889,0.48088932037353516,,,,,,,,,,,,3.0,0.0,1.5,0.0,0.0,0.0
dynamic,71,1789354326.871541262,1789354326.871381998,1789354320.388396978,unmatched_est_5,,unmatched_estimate,,5,3,0,3.0369130263797848,0.025365267824917263,1.5375593900680542,-1.8619318343099912e-07,-3.5843185213898144e-07,0.0,0.17477011680603027,0.25255507230758667,0.06457877159118652,,,,,,,,,,,,3.0,0.0,1.5,0.0,0.0,0.0
dynamic,71,1789354326.871541262,1789354326.871381998,1789354320.388396978,unmatched_est_9,,unmatched_estimate,,9,4,0,2.51482892036438,-2.420341968536377,2.6510212421417236,0.0,0.0,0.0,0.9374685287475586,0.6193652153015137,0.6737723350524902,,,,,,,,,,,,3.0,0.0,1.5,0.0,0.0,0.0
dynamic,72,1789354326.971648455,1789354326.971457005,1789354320.388396978,unmatched_est_10,,unmatched_estimate,,10,0,0,2.675349712371826,-4.636791229248047,1.3440035581588745,0.0,0.0,0.0,0.5814714431762695,0.14426946640014648,0.4094587564468384,,,,,,,,,,,,3.0,0.0,1.5,0.0,0.0,0.0
dynamic,72,1789354326.971648455,1789354326.971457005,1789354320.388396978,unmatched_est_8,,unmatched_estimate,,8,1,0,1.8946369886398315,-2.22137713432312,1.5565991401672363,0.0,0.0,0.0,0.8502047061920166,0.5743799209594727,0.5085244178771973,,,,,,,,,,,,3.0,0.0,1.5,0.0,0.0,0.0
dynamic,72,1789354326.971648455,1789354326.971457005,1789354320.388396978,unmatched_est_11,,unmatched_estimate,,11,2,0,-2.4831206798553467,0.5703915953636169,1.4567928314208984,0.0,0.0,0.0,0.1417074203491211,0.6847484111785889,0.48088932037353516,,,,,,,,,,,,3.0,0.0,1.5,0.0,0.0,0.0
dynamic,72,1789354326.971648455,1789354326.971457005,1789354320.388396978,unmatched_est_5,,unmatched_estimate,,5,3,0,3.0369131069211943,0.02536528682334162,1.5375593900680542,6.154348182028027e-07,-7.771345828808514e-08,0.0,0.17477011680603027,0.25255507230758667,0.06457877159118652,,,,,,,,,,,,3.0,0.0,1.5,0.0,0.0,0.0
dynamic,72,1789354326.971648455,1789354326.971457005,1789354320.388396978,unmatched_est_9,,unmatched_estimate,,9,4,0,2.51482892036438,-2.420341968536377,2.6510212421417236,0.0,0.0,0.0,0.9374685287475586,0.6193652153015137,0.6737723350524902,,,,,,,,,,,,3.0,0.0,1.5,0.0,0.0,0.0
dynamic,73,1789354327.071546316,1789354327.071386576,1789354320.388396978,unmatched_est_10,,unmatched_estimate,,10,0,0,2.675349712371826,-4.636791229248047,1.3440035581588745,0.0,0.0,0.0,0.5814714431762695,0.14426946640014648,0.4094587564468384,,,,,,,,,,,,3.0,0.0,1.5,0.0,0.0,0.0
dynamic,73,1789354327.071546316,1789354327.071386576,1789354320.388396978,unmatched_est_8,,unmatched_estimate,,8,1,0,1.8946369886398315,-2.22137713432312,1.5565991401672363,0.0,0.0,0.0,0.8502047061920166,0.5743799209594727,0.5085244178771973,,,,,,,,,,,,3.0,0.0,1.5,0.0,0.0,0.0
dynamic,73,1789354327.071546316,1789354327.071386576,1789354320.388396978,unmatched_est_11,,unmatched_estimate,,11,2,0,-2.4831206798553467,0.5703915953636169,1.4567928314208984,0.0,0.0,0.0,0.1417074203491211,0.6847484111785889,0.48088932037353516,,,,,,,,,,,,3.0,0.0,1.5,0.0,0.0,0.0
dynamic,73,1789354327.071546316,1789354327.071386576,1789354320.388396978,unmatched_est_5,,unmatched_estimate,,5,3,0,3.036913171378736,0.02536530653530707,1.5375593900680542,1.034273028623187e-06,1.2784411689012685e-07,0.0,0.17477011680603027,0.25255507230758667,0.06457877159118652,,,,,,,,,,,,3.0,0.0,1.5,0.0,0.0,0.0
dynamic,73,1789354327.071546316,1789354327.071386576,1789354320.388396978,unmatched_est_9,,unmatched_estimate,,9,4,0,2.51482892036438,-2.420341968536377,2.6510212421417236,0.0,0.0,0.0,0.9374685287475586,0.6193652153015137,0.6737723350524902,,,,,,,,,,,,3.0,0.0,1.5,0.0,0.0,0.0
dynamic,74,1789354327.171531677,1789354327.171385050,1789354320.388396978,unmatched_est_10,,unmatched_estimate,,10,0,0,2.675349712371826,-4.636791229248047,1.3440035581588745,0.0,0.0,0.0,0.5814714431762695,0.14426946640014648,0.4094587564468384,,,,,,,,,,,,3.0,0.0,1.5,0.0,0.0,0.0
dynamic,74,1789354327.171531677,1789354327.171385050,1789354320.388396978,unmatched_est_8,,unmatched_estimate,,8,1,0,1.8946369886398315,-2.22137713432312,1.5565991401672363,0.0,0.0,0.0,0.8502047061920166,0.5743799209594727,0.5085244178771973,,,,,,,,,,,,3.0,0.0,1.5,0.0,0.0,0.0
dynamic,74,1789354327.171531677,1789354327.171385050,1789354320.388396978,unmatched_est_11,,unmatched_estimate,,11,2,0,-2.4831206798553467,0.5703915953636169,1.4567928314208984,0.0,0.0,0.0,0.1417074203491211,0.6847484111785889,0.48088932037353516,,,,,,,,,,,,3.0,0.0,1.5,0.0,0.0,0.0
dynamic,74,1789354327.171531677,1789354327.171385050,1789354320.388396978,unmatched_est_5,,unmatched_estimate,,5,3,0,3.036913212008554,0.025365322771529395,1.5375593900680542,1.1099810868294356e-06,2.41263125900337e-07,0.0,0.17477011680603027,0.25255507230758667,0.06457877159118652,,,,,,,,,,,,3.0,0.0,1.5,0.0,0.0,0.0
dynamic,74,1789354327.171531677,1789354327.171385050,1789354320.388396978,unmatched_est_9,,unmatched_estimate,,9,4,0,2.51482892036438,-2.420341968536377,2.6510212421417236,0.0,0.0,0.0,0.9374685287475586,0.6193652153015137,0.6737723350524902,,,,,,,,,,,,3.0,0.0,1.5,0.0,0.0,0.0
dynamic,75,1789354327.271576166,1789354327.271396160,1789354320.388396978,unmatched_est_10,,unmatched_estimate,,10,0,0,2.675349712371826,-4.636791229248047,1.3440035581588745,0.0,0.0,0.0,0.5814714431762695,0.14426946640014648,0.4094587564468384,,,,,,,,,,,,3.0,0.0,1.5,0.0,0.0,0.0
dynamic,75,1789354327.271576166,1789354327.271396160,1789354320.388396978,unmatched_est_8,,unmatched_estimate,,8,1,0,1.8946369886398315,-2.22137713432312,1.5565991401672363,0.0,0.0,0.0,0.8502047061920166,0.5743799209594727,0.5085244178771973,,,,,,,,,,,,3.0,0.0,1.5,0.0,0.0,0.0
dynamic,75,1789354327.271576166,1789354327.271396160,1789354320.388396978,unmatched_est_11,,unmatched_estimate,,11,2,0,-2.4831206798553467,0.5703915953636169,1.4567928314208984,0.0,0.0,0.0,0.1417074203491211,0.6847484111785889,0.48088932037353516,,,,,,,,,,,,3.0,0.0,1.5,0.0,0.0,0.0
dynamic,75,1789354327.271576166,1789354327.271396160,1789354320.388396978,unmatched_est_5,,unmatched_estimate,,5,3,0,3.036913228355784,0.025365333395285235,1.5375593900680542,9.383027100781111e-07,2.695587141500201e-07,0.0,0.17477011680603027,0.25255507230758667,0.06457877159118652,,,,,,,,,,,,3.0,0.0,1.5,0.0,0.0,0.0
dynamic,75,1789354327.271576166,1789354327.271396160,1789354320.388396978,unmatched_est_9,,unmatched_estimate,,9,4,0,2.51482892036438,-2.420341968536377,2.6510212421417236,0.0,0.0,0.0,0.9374685287475586,0.6193652153015137,0.6737723350524902,,,,,,,,,,,,3.0,0.0,1.5,0.0,0.0,0.0
dynamic,76,1789354327.371595383,1789354327.371417046,1789354320.388396978,unmatched_est_10,,unmatched_estimate,,10,0,0,2.675349712371826,-4.636791229248047,1.3440035581588745,0.0,0.0,0.0,0.5814714431762695,0.14426946640014648,0.4094587564468384,,,,,,,,,,,,3.0,0.0,1.5,0.0,0.0,0.0
dynamic,76,1789354327.371595383,1789354327.371417046,1789354320.388396978,unmatched_est_8,,unmatched_estimate,,8,1,0,1.8946369886398315,-2.22137713432312,1.5565991401672363,0.0,0.0,0.0,0.8502047061920166,0.5743799209594727,0.5085244178771973,,,,,,,,,,,,3.0,0.0,1.5,0.0,0.0,0.0
dynamic,76,1789354327.371595383,1789354327.371417046,1789354320.388396978,unmatched_est_11,,unmatched_estimate,,11,2,0,-2.4831206798553467,0.5703915953636169,1.4567928314208984,0.0,0.0,0.0,0.1417074203491211,0.6847484111785889,0.48088932037353516,,,,,,,,,,,,3.0,0.0,1.5,0.0,0.0,0.0
dynamic,76,1789354327.371595383,1789354327.371417046,1789354320.388396978,unmatched_est_5,,unmatched_estimate,,5,3,0,3.0369132249890796,0.02536533808783658,1.5375593900680542,6.337041984288947e-07,2.345722898849237e-07,0.0,0.17477011680603027,0.25255507230758667,0.06457877159118652,,,,,,,,,,,,3.0,0.0,1.5,0.0,0.0,0.0
dynamic,76,1789354327.371595383,1789354327.371417046,1789354320.388396978,unmatched_est_9,,unmatched_estimate,,9,4,0,2.51482892036438,-2.420341968536377,2.6510212421417236,0.0,0.0,0.0,0.9374685287475586,0.6193652153015137,0.6737723350524902,,,,,,,,,,,,3.0,0.0,1.5,0.0,0.0,0.0
dynamic,77,1789354327.471555233,1789354327.471375227,1789354320.388396978,unmatched_est_10,,unmatched_estimate,,10,0,0,2.675349712371826,-4.636791229248047,1.3440035581588745,0.0,0.0,0.0,0.5814714431762695,0.14426946640014648,0.4094587564468384,,,,,,,,,,,,3.0,0.0,1.5,0.0,0.0,0.0
dynamic,77,1789354327.471555233,1789354327.471375227,1789354320.388396978,unmatched_est_8,,unmatched_estimate,,8,1,0,1.8946369886398315,-2.22137713432312,1.5565991401672363,0.0,0.0,0.0,0.8502047061920166,0.5743799209594727,0.5085244178771973,,,,,,,,,,,,3.0,0.0,1.5,0.0,0.0,0.0
dynamic,77,1789354327.471555233,1789354327.471375227,1789354320.388396978,unmatched_est_11,,unmatched_estimate,,11,2,0,-2.4831206798553467,0.5703915953636169,1.4567928314208984,0.0,0.0,0.0,0.1417074203491211,0.6847484111785889,0.48088932037353516,,,,,,,,,,,,3.0,0.0,1.5,0.0,0.0,0.0
dynamic,77,1789354327.471555233,1789354327.471375227,1789354320.388396978,unmatched_est_5,,unmatched_estimate,,5,3,0,3.036913208958834,0.025365337824613875,1.5375593900680542,3.0033350175465615e-07,1.637914068913645e-07,0.0,0.17477011680603027,0.25255507230758667,0.06457877159118652,,,,,,,,,,,,3.0,0.0,1.5,0.0,0.0,0.0
dynamic,77,1789354327.471555233,1789354327.471375227,1789354320.388396978,unmatched_est_9,,unmatched_estimate,,9,4,0,2.51482892036438,-2.420341968536377,2.6510212421417236,0.0,0.0,0.0,0.9374685287475586,0.6193652153015137,0.6737723350524902,,,,,,,,,,,,3.0,0.0,1.5,0.0,0.0,0.0
dynamic,78,1789354327.571576118,1789354327.571371794,1789354320.388396978,unmatched_est_10,,unmatched_estimate,,10,0,0,2.675349712371826,-4.636791229248047,1.3440035581588745,0.0,0.0,0.0,0.5814714431762695,0.14426946640014648,0.4094587564468384,,,,,,,,,,,,3.0,0.0,1.5,0.0,0.0,0.0
dynamic,78,1789354327.571576118,1789354327.571371794,1789354320.388396978,unmatched_est_8,,unmatched_estimate,,8,1,0,1.8946369886398315,-2.22137713432312,1.5565991401672363,0.0,0.0,0.0,0.8502047061920166,0.5743799209594727,0.5085244178771973,,,,,,,,,,,,3.0,0.0,1.5,0.0,0.0,0.0
dynamic,78,1789354327.571576118,1789354327.571371794,1789354320.388396978,unmatched_est_11,,unmatched_estimate,,11,2,0,-2.4831206798553467,0.5703915953636169,1.4567928314208984,0.0,0.0,0.0,0.1417074203491211,0.6847484111785889,0.48088932037353516,,,,,,,,,,,,3.0,0.0,1.5,0.0,0.0,0.0
dynamic,78,1789354327.571576118,1789354327.571371794,1789354320.388396978,unmatched_est_5,,unmatched_estimate,,5,3,0,3.0369131875788704,0.02536533426087402,1.5375593900680542,1.4441494623427772e-08,8.300407738873101e-08,0.0,0.17477011680603027,0.25255507230758667,0.06457877159118652,,,,,,,,,,,,3.0,0.0,1.5,0.0,0.0,0.0
dynamic,78,1789354327.571576118,1789354327.571371794,1789354320.388396978,unmatched_est_9,,unmatched_estimate,,9,4,0,2.51482892036438,-2.420341968536377,2.6510212421417236,0.0,0.0,0.0,0.9374685287475586,0.6193652153015137,0.6737723350524902,,,,,,,,,,,,3.0,0.0,1.5,0.0,0.0,0.0
dynamic,79,1789354327.671547413,1789354327.671383619,1789354320.388396978,unmatched_est_10,,unmatched_estimate,,10,0,0,2.675349712371826,-4.636791229248047,1.3440035581588745,0.0,0.0,0.0,0.5814714431762695,0.14426946640014648,0.4094587564468384,,,,,,,,,,,,3.0,0.0,1.5,0.0,0.0,0.0
dynamic,79,1789354327.671547413,1789354327.671383619,1789354320.388396978,unmatched_est_8,,unmatched_estimate,,8,1,0,1.8946369886398315,-2.22137713432312,1.5565991401672363,0.0,0.0,0.0,0.8502047061920166,0.5743799209594727,0.5085244178771973,,,,,,,,,,,,3.0,0.0,1.5,0.0,0.0,0.0
dynamic,79,1789354327.671547413,1789354327.671383619,1789354320.388396978,unmatched_est_11,,unmatched_estimate,,11,2,0,-2.4831206798553467,0.5703915953636169,1.4567928314208984,0.0,0.0,0.0,0.1417074203491211,0.6847484111785889,0.48088932037353516,,,,,,,,,,,,3.0,0.0,1.5,0.0,0.0,0.0
dynamic,79,1789354327.671547413,1789354327.671383619,1789354320.388396978,unmatched_est_5,,unmatched_estimate,,5,3,0,3.036913166872499,0.02536532917947613,1.5375593900680542,-1.8191054875971507e-07,1.166953696261935e-08,0.0,0.17477011680603027,0.25255507230758667,0.06457877159118652,,,,,,,,,,,,3.0,0.0,1.5,0.0,0.0,0.0
dynamic,79,1789354327.671547413,1789354327.671383619,1789354320.388396978,unmatched_est_9,,unmatched_estimate,,9,4,0,2.51482892036438,-2.420341968536377,2.6510212421417236,0.0,0.0,0.0,0.9374685287475586,0.6193652153015137,0.6737723350524902,,,,,,,,,,,,3.0,0.0,1.5,0.0,0.0,0.0
dynamic,80,1789354327.771589041,1789354327.771419287,1789354320.388396978,unmatched_est_10,,unmatched_estimate,,10,0,0,2.675349712371826,-4.636791229248047,1.3440035581588745,0.0,0.0,0.0,0.5814714431762695,0.14426946640014648,0.4094587564468384,,,,,,,,,,,,3.0,0.0,1.5,0.0,0.0,0.0
dynamic,80,1789354327.771589041,1789354327.771419287,1789354320.388396978,unmatched_est_8,,unmatched_estimate,,8,1,0,1.8946369886398315,-2.22137713432312,1.5565991401672363,0.0,0.0,0.0,0.8502047061920166,0.5743799209594727,0.5085244178771973,,,,,,,,,,,,3.0,0.0,1.5,0.0,0.0,0.0
dynamic,80,1789354327.771589041,1789354327.771419287,1789354320.388396978,unmatched_est_11,,unmatched_estimate,,11,2,0,-2.4831206798553467,0.5703915953636169,1.4567928314208984,0.0,0.0,0.0,0.1417074203491211,0.6847484111785889,0.48088932037353516,,,,,,,,,,,,3.0,0.0,1.5,0.0,0.0,0.0
dynamic,80,1789354327.771589041,1789354327.771419287,1789354320.388396978,unmatched_est_5,,unmatched_estimate,,5,3,0,3.036913150780187,0.025365324091587926,1.5375593900680542,-2.7824288372384403e-07,-3.894322843554277e-08,0.0,0.17477011680603027,0.25255507230758667,0.06457877159118652,,,,,,,,,,,,3.0,0.0,1.5,0.0,0.0,0.0
dynamic,80,1789354327.771589041,1789354327.771419287,1789354320.388396978,unmatched_est_9,,unmatched_estimate,,9,4,0,2.51482892036438,-2.420341968536377,2.6510212421417236,0.0,0.0,0.0,0.9374685287475586,0.6193652153015137,0.6737723350524902,,,,,,,,,,,,3.0,0.0,1.5,0.0,0.0,0.0
dynamic,81,1789354327.871600389,1789354327.871402025,1789354320.388396978,unmatched_est_10,,unmatched_estimate,,10,0,0,2.675349712371826,-4.636791229248047,1.3440035581588745,0.0,0.0,0.0,0.5814714431762695,0.14426946640014648,0.4094587564468384,,,,,,,,,,,,3.0,0.0,1.5,0.0,0.0,0.0
dynamic,81,1789354327.871600389,1789354327.871402025,1789354320.388396978,unmatched_est_8,,unmatched_estimate,,8,1,0,1.8946369886398315,-2.22137713432312,1.5565991401672363,0.0,0.0,0.0,0.8502047061920166,0.5743799209594727,0.5085244178771973,,,,,,,,,,,,3.0,0.0,1.5,0.0,0.0,0.0
dynamic,81,1789354327.871600389,1789354327.871402025,1789354320.388396978,unmatched_est_11,,unmatched_estimate,,11,2,0,-2.4831206798553467,0.5703915953636169,1.4567928314208984,0.0,0.0,0.0,0.1417074203491211,0.6847484111785889,0.48088932037353516,,,,,,,,,,,,3.0,0.0,1.5,0.0,0.0,0.0
dynamic,81,1789354327.871600389,1789354327.871402025,1789354320.388396978,unmatched_est_5,,unmatched_estimate,,5,3,0,3.0369131410416954,0.025365320021060643,1.5375593900680542,-2.8755029427776604e-07,-6.537029744638908e-08,0.0,0.17477011680603027,0.25255507230758667,0.06457877159118652,,,,,,,,,,,,3.0,0.0,1.5,0.0,0.0,0.0
dynamic,81,1789354327.871600389,1789354327.871402025,1789354320.388396978,unmatched_est_9,,unmatched_estimate,,9,4,0,2.51482892036438,-2.420341968536377,2.6510212421417236,0.0,0.0,0.0,0.9374685287475586,0.6193652153015137,0.6737723350524902,,,,,,,,,,,,3.0,0.0,1.5,0.0,0.0,0.0
dynamic,82,1789354327.971556664,1789354327.971400023,1789354320.388396978,unmatched_est_10,,unmatched_estimate,,10,0,0,2.675349712371826,-4.636791229248047,1.3440035581588745,0.0,0.0,0.0,0.5814714431762695,0.14426946640014648,0.4094587564468384,,,,,,,,,,,,3.0,0.0,1.5,0.0,0.0,0.0
dynamic,82,1789354327.971556664,1789354327.971400023,1789354320.388396978,unmatched_est_8,,unmatched_estimate,,8,1,0,1.8946369886398315,-2.22137713432312,1.5565991401672363,0.0,0.0,0.0,0.8502047061920166,0.5743799209594727,0.5085244178771973,,,,,,,,,,,,3.0,0.0,1.5,0.0,0.0,0.0
dynamic,82,1789354327.971556664,1789354327.971400023,1789354320.388396978,unmatched_est_11,,unmatched_estimate,,11,2,0,-2.4831206798553467,0.5703915953636169,1.4567928314208984,0.0,0.0,0.0,0.1417074203491211,0.6847484111785889,0.48088932037353516,,,,,,,,,,,,3.0,0.0,1.5,0.0,0.0,0.0
dynamic,82,1789354327.971556664,1789354327.971400023,1789354320.388396978,unmatched_est_5,,unmatched_estimate,,5,3,0,3.036913137558274,0.0253653174563872,1.5375593900680542,-2.3610223590042576e-07,-7.012475612510133e-08,0.0,0.17477011680603027,0.25255507230758667,0.06457877159118652,,,,,,,,,,,,3.0,0.0,1.5,0.0,0.0,0.0
dynamic,82,1789354327.971556664,1789354327.971400023,1789354320.388396978,unmatched_est_9,,unmatched_estimate,,9,4,0,2.51482892036438,-2.420341968536377,2.6510212421417236,0.0,0.0,0.0,0.9374685287475586,0.6193652153015137,0.6737723350524902,,,,,,,,,,,,3.0,0.0,1.5,0.0,0.0,0.0
dynamic,83,1789354328.071601391,1789354328.071423769,1789354320.388396978,unmatched_est_10,,unmatched_estimate,,10,0,0,2.675349712371826,-4.636791229248047,1.3440035581588745,0.0,0.0,0.0,0.5814714431762695,0.14426946640014648,0.4094587564468384,,,,,,,,,,,,3.0,0.0,1.5,0.0,0.0,0.0
dynamic,83,1789354328.071601391,1789354328.071423769,1789354320.388396978,unmatched_est_8,,unmatched_estimate,,8,1,0,1.8946369886398315,-2.22137713432312,1.5565991401672363,0.0,0.0,0.0,0.8502047061920166,0.5743799209594727,0.5085244178771973,,,,,,,,,,,,3.0,0.0,1.5,0.0,0.0,0.0
dynamic,83,1789354328.071601391,1789354328.071423769,1789354320.388396978,unmatched_est_11,,unmatched_estimate,,11,2,0,-2.4831206798553467,0.5703915953636169,1.4567928314208984,0.0,0.0,0.0,0.1417074203491211,0.6847484111785889,0.48088932037353516,,,,,,,,,,,,3.0,0.0,1.5,0.0,0.0,0.0
dynamic,83,1789354328.071601391,1789354328.071423769,1789354320.388396978,unmatched_est_5,,unmatched_estimate,,5,3,0,3.0369131390069555,0.02536531642570513,1.5375593900680542,-1.5387516685750602e-07,-5.9259417320224226e-08,0.0,0.17477011680603027,0.25255507230758667,0.06457877159118652,,,,,,,,,,,,3.0,0.0,1.5,0.0,0.0,0.0
dynamic,83,1789354328.071601391,1789354328.071423769,1789354320.388396978,unmatched_est_9,,unmatched_estimate,,9,4,0,2.51482892036438,-2.420341968536377,2.6510212421417236,0.0,0.0,0.0,0.9374685287475586,0.6193652153015137,0.6737723350524902,,,,,,,,,,,,3.0,0.0,1.5,0.0,0.0,0.0
dynamic,84,1789354328.171596050,1789354328.171448469,1789354320.388396978,unmatched_est_10,,unmatched_estimate,,10,0,0,2.675349712371826,-4.636791229248047,1.3440035581588745,0.0,0.0,0.0,0.5814714431762695,0.14426946640014648,0.4094587564468384,,,,,,,,,,,,3.0,0.0,1.5,0.0,0.0,0.0
dynamic,84,1789354328.171596050,1789354328.171448469,1789354320.388396978,unmatched_est_8,,unmatched_estimate,,8,1,0,1.8946369886398315,-2.22137713432312,1.5565991401672363,0.0,0.0,0.0,0.8502047061920166,0.5743799209594727,0.5085244178771973,,,,,,,,,,,,3.0,0.0,1.5,0.0,0.0,0.0
dynamic,84,1789354328.171596050,1789354328.171448469,1789354320.388396978,unmatched_est_11,,unmatched_estimate,,11,2,0,-2.4831206798553467,0.5703915953636169,1.4567928314208984,0.0,0.0,0.0,0.1417074203491211,0.6847484111785889,0.48088932037353516,,,,,,,,,,,,3.0,0.0,1.5,0.0,0.0,0.0
dynamic,84,1789354328.171596050,1789354328.171448469,1789354320.388396978,unmatched_est_5,,unmatched_estimate,,5,3,0,3.036913143502072,0.025365316639996957,1.5375593900680542,-6.733403784208221e-08,-4.000675859863979e-08,0.0,0.17477011680603027,0.25255507230758667,0.06457877159118652,,,,,,,,,,,,3.0,0.0,1.5,0.0,0.0,0.0
dynamic,84,1789354328.171596050,1789354328.171448469,1789354320.388396978,unmatched_est_9,,unmatched_estimate,,9,4,0,2.51482892036438,-2.420341968536377,2.6510212421417236,0.0,0.0,0.0,0.9374685287475586,0.6193652153015137,0.6737723350524902,,,,,,,,,,,,3.0,0.0,1.5,0.0,0.0,0.0
dynamic,85,1789354328.271615982,1789354328.271432400,1789354320.388396978,unmatched_est_10,,unmatched_estimate,,10,0,0,2.675349712371826,-4.636791229248047,1.3440035581588745,0.0,0.0,0.0,0.5814714431762695,0.14426946640014648,0.4094587564468384,,,,,,,,,,,,3.0,0.0,1.5,0.0,0.0,0.0
dynamic,85,1789354328.271615982,1789354328.271432400,1789354320.388396978,unmatched_est_8,,unmatched_estimate,,8,1,0,1.8946369886398315,-2.22137713432312,1.5565991401672363,0.0,0.0,0.0,0.8502047061920166,0.5743799209594727,0.5085244178771973,,,,,,,,,,,,3.0,0.0,1.5,0.0,0.0,0.0
dynamic,85,1789354328.271615982,1789354328.271432400,1789354320.388396978,unmatched_est_11,,unmatched_estimate,,11,2,0,-2.4831206798553467,0.5703915953636169,1.4567928314208984,0.0,0.0,0.0,0.1417074203491211,0.6847484111785889,0.48088932037353516,,,,,,,,,,,,3.0,0.0,1.5,0.0,0.0,0.0
dynamic,85,1789354328.271615982,1789354328.271432400,1789354320.388396978,unmatched_est_5,,unmatched_estimate,,5,3,0,3.0369131491558803,0.025365317653679515,1.5375593900680542,4.747006192217774e-09,-1.894505997378829e-08,0.0,0.17477011680603027,0.25255507230758667,0.06457877159118652,,,,,,,,,,,,3.0,0.0,1.5,0.0,0.0,0.0
dynamic,85,1789354328.271615982,1789354328.271432400,1789354320.388396978,unmatched_est_9,,unmatched_estimate,,9,4,0,2.51482892036438,-2.420341968536377,2.6510212421417236,0.0,0.0,0.0,0.9374685287475586,0.6193652153015137,0.6737723350524902,,,,,,,,,,,,3.0,0.0,1.5,0.0,0.0,0.0
dynamic,86,1789354328.371601105,1789354328.371455193,1789354320.388396978,unmatched_est_10,,unmatched_estimate,,10,0,0,2.675349712371826,-4.636791229248047,1.3440035581588745,0.0,0.0,0.0,0.5814714431762695,0.14426946640014648,0.4094587564468384,,,,,,,,,,,,3.0,0.0,1.5,0.0,0.0,0.0
dynamic,86,1789354328.371601105,1789354328.371455193,1789354320.388396978,unmatched_est_8,,unmatched_estimate,,8,1,0,1.8946369886398315,-2.22137713432312,1.5565991401672363,0.0,0.0,0.0,0.8502047061920166,0.5743799209594727,0.5085244178771973,,,,,,,,,,,,3.0,0.0,1.5,0.0,0.0,0.0
dynamic,86,1789354328.371601105,1789354328.371455193,1789354320.388396978,unmatched_est_11,,unmatched_estimate,,11,2,0,-2.4831206798553467,0.5703915953636169,1.4567928314208984,0.0,0.0,0.0,0.1417074203491211,0.6847484111785889,0.48088932037353516,,,,,,,,,,,,3.0,0.0,1.5,0.0,0.0,0.0
dynamic,86,1789354328.371601105,1789354328.371455193,1789354320.388396978,unmatched_est_5,,unmatched_estimate,,5,3,0,3.036913154458328,0.02536531900471007,1.5375593900680542,5.2568121195401746e-08,-8.888776489148586e-10,0.0,0.17477011680603027,0.25255507230758667,0.06457877159118652,,,,,,,,,,,,3.0,0.0,1.5,0.0,0.0,0.0
dynamic,86,1789354328.371601105,1789354328.371455193,1789354320.388396978,unmatched_est_9,,unmatched_estimate,,9,4,0,2.51482892036438,-2.420341968536377,2.6510212421417236,0.0,0.0,0.0,0.9374685287475586,0.6193652153015137,0.6737723350524902,,,,,,,,,,,,3.0,0.0,1.5,0.0,0.0,0.0
dynamic,87,1789354328.471591949,1789354328.471417904,1789354320.388396978,unmatched_est_10,,unmatched_estimate,,10,0,0,2.675349712371826,-4.636791229248047,1.3440035581588745,0.0,0.0,0.0,0.5814714431762695,0.14426946640014648,0.4094587564468384,,,,,,,,,,,,3.0,0.0,1.5,0.0,0.0,0.0
dynamic,87,1789354328.471591949,1789354328.471417904,1789354320.388396978,unmatched_est_8,,unmatched_estimate,,8,1,0,1.8946369886398315,-2.22137713432312,1.5565991401672363,0.0,0.0,0.0,0.8502047061920166,0.5743799209594727,0.5085244178771973,,,,,,,,,,,,3.0,0.0,1.5,0.0,0.0,0.0
dynamic,87,1789354328.471591949,1789354328.471417904,1789354320.388396978,unmatched_est_11,,unmatched_estimate,,11,2,0,-2.4831206798553467,0.5703915953636169,1.4567928314208984,0.0,0.0,0.0,0.1417074203491211,0.6847484111785889,0.48088932037353516,,,,,,,,,,,,3.0,0.0,1.5,0.0,0.0,0.0
dynamic,87,1789354328.471591949,1789354328.471417904,1789354320.388396978,unmatched_est_5,,unmatched_estimate,,5,3,0,3.036913158458184,0.025365320312696026,1.5375593900680542,7.43700311370259e-08,1.1507536786081727e-08,0.0,0.17477011680603027,0.25255507230758667,0.06457877159118652,,,,,,,,,,,,3.0,0.0,1.5,0.0,0.0,0.0
dynamic,87,1789354328.471591949,1789354328.471417904,1789354320.388396978,unmatched_est_9,,unmatched_estimate,,9,4,0,2.51482892036438,-2.420341968536377,2.6510212421417236,0.0,0.0,0.0,0.9374685287475586,0.6193652153015137,0.6737723350524902,,,,,,,,,,,,3.0,0.0,1.5,0.0,0.0,0.0
dynamic,88,1789354328.571586370,1789354328.571391344,1789354320.388396978,unmatched_est_10,,unmatched_estimate,,10,0,0,2.675349712371826,-4.636791229248047,1.3440035581588745,0.0,0.0,0.0,0.5814714431762695,0.14426946640014648,0.4094587564468384,,,,,,,,,,,,3.0,0.0,1.5,0.0,0.0,0.0
dynamic,88,1789354328.571586370,1789354328.571391344,1789354320.388396978,unmatched_est_8,,unmatched_estimate,,8,1,0,1.8946369886398315,-2.22137713432312,1.5565991401672363,0.0,0.0,0.0,0.8502047061920166,0.5743799209594727,0.5085244178771973,,,,,,,,,,,,3.0,0.0,1.5,0.0,0.0,0.0
dynamic,88,1789354328.571586370,1789354328.571391344,1789354320.388396978,unmatched_est_11,,unmatched_estimate,,11,2,0,-2.4831206798553467,0.5703915953636169,1.4567928314208984,0.0,0.0,0.0,0.1417074203491211,0.6847484111785889,0.48088932037353516,,,,,,,,,,,,3.0,0.0,1.5,0.0,0.0,0.0
dynamic,88,1789354328.571586370,1789354328.571391344,1789354320.388396978,unmatched_est_5,,unmatched_estimate,,5,3,0,3.036913160773373,0.02536532132888489,1.5375593900680542,7.41874944476632e-08,1.758475340050898e-08,0.0,0.17477011680603027,0.25255507230758667,0.06457877159118652,,,,,,,,,,,,3.0,0.0,1.5,0.0,0.0,0.0
dynamic,88,1789354328.571586370,1789354328.571391344,1789354320.388396978,unmatched_est_9,,unmatched_estimate,,9,4,0,2.51482892036438,-2.420341968536377,2.6510212421417236,0.0,0.0,0.0,0.9374685287475586,0.6193652153015137,0.6737723350524902,,,,,,,,,,,,3.0,0.0,1.5,0.0,0.0,0.0
dynamic,89,1789354328.671610355,1789354328.671392202,1789354320.388396978,unmatched_est_10,,unmatched_estimate,,10,0,0,2.675349712371826,-4.636791229248047,1.3440035581588745,0.0,0.0,0.0,0.5814714431762695,0.14426946640014648,0.4094587564468384,,,,,,,,,,,,3.0,0.0,1.5,0.0,0.0,0.0
dynamic,89,1789354328.671610355,1789354328.671392202,1789354320.388396978,unmatched_est_8,,unmatched_estimate,,8,1,0,1.8946369886398315,-2.22137713432312,1.5565991401672363,0.0,0.0,0.0,0.8502047061920166,0.5743799209594727,0.5085244178771973,,,,,,,,,,,,3.0,0.0,1.5,0.0,0.0,0.0
dynamic,89,1789354328.671610355,1789354328.671392202,1789354320.388396978,unmatched_est_11,,unmatched_estimate,,11,2,0,-2.4831206798553467,0.5703915953636169,1.4567928314208984,0.0,0.0,0.0,0.1417074203491211,0.6847484111785889,0.48088932037353516,,,,,,,,,,,,3.0,0.0,1.5,0.0,0.0,0.0
dynamic,89,1789354328.671610355,1789354328.671392202,1789354320.388396978,unmatched_est_5,,unmatched_estimate,,5,3,0,3.036913161483677,0.025365321943554488,1.5375593900680542,5.916560330222618e-08,1.816558683210336e-08,0.0,0.17477011680603027,0.25255507230758667,0.06457877159118652,,,,,,,,,,,,3.0,0.0,1.5,0.0,0.0,0.0
dynamic,89,1789354328.671610355,1789354328.671392202,1789354320.388396978,unmatched_est_9,,unmatched_estimate,,9,4,0,2.51482892036438,-2.420341968536377,2.6510212421417236,0.0,0.0,0.0,0.9374685287475586,0.6193652153015137,0.6737723350524902,,,,,,,,,,,,3.0,0.0,1.5,0.0,0.0,0.0
dynamic,90,1789354328.771538258,1789354328.771387815,1789354320.388396978,unmatched_est_10,,unmatched_estimate,,10,0,0,2.675349712371826,-4.636791229248047,1.3440035581588745,0.0,0.0,0.0,0.5814714431762695,0.14426946640014648,0.4094587564468384,,,,,,,,,,,,3.0,0.0,1.5,0.0,0.0,0.0
dynamic,90,1789354328.771538258,1789354328.771387815,1789354320.388396978,unmatched_est_8,,unmatched_estimate,,8,1,0,1.8946369886398315,-2.22137713432312,1.5565991401672363,0.0,0.0,0.0,0.8502047061920166,0.5743799209594727,0.5085244178771973,,,,,,,,,,,,3.0,0.0,1.5,0.0,0.0,0.0
dynamic,90,1789354328.771538258,1789354328.771387815,1789354320.388396978,unmatched_est_11,,unmatched_estimate,,11,2,0,-2.4831206798553467,0.5703915953636169,1.4567928314208984,0.0,0.0,0.0,0.1417074203491211,0.6847484111785889,0.48088932037353516,,,,,,,,,,,,3.0,0.0,1.5,0.0,0.0,0.0
dynamic,90,1789354328.771538258,1789354328.771387815,1789354320.388396978,unmatched_est_5,,unmatched_estimate,,5,3,0,3.036913160965374,0.025365322163093455,1.5375593900680542,3.711920812507688e-08,1.4910590299471432e-08,0.0,0.17477011680603027,0.25255507230758667,0.06457877159118652,,,,,,,,,,,,3.0,0.0,1.5,0.0,0.0,0.0
dynamic,90,1789354328.771538258,1789354328.771387815,1789354320.388396978,unmatched_est_9,,unmatched_estimate,,9,4,0,2.51482892036438,-2.420341968536377,2.6510212421417236,0.0,0.0,0.0,0.9374685287475586,0.6193652153015137,0.6737723350524902,,,,,,,,,,,,3.0,0.0,1.5,0.0,0.0,0.0
dynamic,91,1789354328.871549368,1789354328.871380806,1789354320.388396978,unmatched_est_10,,unmatched_estimate,,10,0,0,2.675349712371826,-4.636791229248047,1.3440035581588745,0.0,0.0,0.0,0.5814714431762695,0.14426946640014648,0.4094587564468384,,,,,,,,,,,,3.0,0.0,1.5,0.0,0.0,0.0
dynamic,91,1789354328.871549368,1789354328.871380806,1789354320.388396978,unmatched_est_8,,unmatched_estimate,,8,1,0,1.8946369886398315,-2.22137713432312,1.5565991401672363,0.0,0.0,0.0,0.8502047061920166,0.5743799209594727,0.5085244178771973,,,,,,,,,,,,3.0,0.0,1.5,0.0,0.0,0.0
dynamic,91,1789354328.871549368,1789354328.871380806,1789354320.388396978,unmatched_est_11,,unmatched_estimate,,11,2,0,-2.4831206798553467,0.5703915953636169,1.4567928314208984,0.0,0.0,0.0,0.1417074203491211,0.6847484111785889,0.48088932037353516,,,,,,,,,,,,3.0,0.0,1.5,0.0,0.0,0.0
dynamic,91,1789354328.871549368,1789354328.871380806,1789354320.388396978,unmatched_est_5,,unmatched_estimate,,5,3,0,3.036913159719808,0.0253653220711751,1.5375593900680542,1.4746977534155767e-08,9.713708559305139e-09,0.0,0.17477011680603027,0.25255507230758667,0.06457877159118652,,,,,,,,,,,,3.0,0.0,1.5,0.0,0.0,0.0
dynamic,91,1789354328.871549368,1789354328.871380806,1789354320.388396978,unmatched_est_9,,unmatched_estimate,,9,4,0,2.51482892036438,-2.420341968536377,2.6510212421417236,0.0,0.0,0.0,0.9374685287475586,0.6193652153015137,0.6737723350524902,,,,,,,,,,,,3.0,0.0,1.5,0.0,0.0,0.0
dynamic,92,1789354328.971599579,1789354328.971395493,1789354320.388396978,unmatched_est_10,,unmatched_estimate,,10,0,0,2.675349712371826,-4.636791229248047,1.3440035581588745,0.0,0.0,0.0,0.5814714431762695,0.14426946640014648,0.4094587564468384,,,,,,,,,,,,3.0,0.0,1.5,0.0,0.0,0.0
dynamic,92,1789354328.971599579,1789354328.971395493,1789354320.388396978,unmatched_est_8,,unmatched_estimate,,8,1,0,1.8946369886398315,-2.22137713432312,1.5565991401672363,0.0,0.0,0.0,0.8502047061920166,0.5743799209594727,0.5085244178771973,,,,,,,,,,,,3.0,0.0,1.5,0.0,0.0,0.0
dynamic,92,1789354328.971599579,1789354328.971395493,1789354320.388396978,unmatched_est_11,,unmatched_estimate,,11,2,0,-2.4831206798553467,0.5703915953636169,1.4567928314208984,0.0,0.0,0.0,0.1417074203491211,0.6847484111785889,0.48088932037353516,,,,,,,,,,,,3.0,0.0,1.5,0.0,0.0,0.0
dynamic,92,1789354328.971599579,1789354328.971395493,1789354320.388396978,unmatched_est_5,,unmatched_estimate,,5,3,0,3.0369131582322657,0.025365321786964903,1.5375593900680542,-3.352928828149799e-09,4.246470166899805e-09,0.0,0.17477011680603027,0.25255507230758667,0.06457877159118652,,,,,,,,,,,,3.0,0.0,1.5,0.0,0.0,0.0
dynamic,92,1789354328.971599579,1789354328.971395493,1789354320.388396978,unmatched_est_9,,unmatched_estimate,,9,4,0,2.51482892036438,-2.420341968536377,2.6510212421417236,0.0,0.0,0.0,0.9374685287475586,0.6193652153015137,0.6737723350524902,,,,,,,,,,,,3.0,0.0,1.5,0.0,0.0,0.0
dynamic,93,1789354329.071554422,1789354329.071376562,1789354320.388396978,unmatched_est_10,,unmatched_estimate,,10,0,0,2.675349712371826,-4.636791229248047,1.3440035581588745,0.0,0.0,0.0,0.5814714431762695,0.14426946640014648,0.4094587564468384,,,,,,,,,,,,3.0,0.0,1.5,0.0,0.0,0.0
dynamic,93,1789354329.071554422,1789354329.071376562,1789354320.388396978,unmatched_est_8,,unmatched_estimate,,8,1,0,1.8946369886398315,-2.22137713432312,1.5565991401672363,0.0,0.0,0.0,0.8502047061920166,0.5743799209594727,0.5085244178771973,,,,,,,,,,,,3.0,0.0,1.5,0.0,0.0,0.0
dynamic,93,1789354329.071554422,1789354329.071376562,1789354320.388396978,unmatched_est_11,,unmatched_estimate,,11,2,0,-2.4831206798553467,0.5703915953636169,1.4567928314208984,0.0,0.0,0.0,0.1417074203491211,0.6847484111785889,0.48088932037353516,,,,,,,,,,,,3.0,0.0,1.5,0.0,0.0,0.0
dynamic,93,1789354329.071554422,1789354329.071376562,1789354320.388396978,unmatched_est_5,,unmatched_estimate,,5,3,0,3.0369131568797174,0.025365321429713622,1.5375593900680542,-1.4927087223645457e-08,-3.057739614694534e-10,0.0,0.17477011680603027,0.25255507230758667,0.06457877159118652,,,,,,,,,,,,3.0,0.0,1.5,0.0,0.0,0.0
dynamic,93,1789354329.071554422,1789354329.071376562,1789354320.388396978,unmatched_est_9,,unmatched_estimate,,9,4,0,2.51482892036438,-2.420341968536377,2.6510212421417236,0.0,0.0,0.0,0.9374685287475586,0.6193652153015137,0.6737723350524902,,,,,,,,,,,,3.0,0.0,1.5,0.0,0.0,0.0
dynamic,94,1789354329.171591282,1789354329.171407223,1789354320.388396978,unmatched_est_10,,unmatched_estimate,,10,0,0,2.675349712371826,-4.636791229248047,1.3440035581588745,0.0,0.0,0.0,0.5814714431762695,0.14426946640014648,0.4094587564468384,,,,,,,,,,,,3.0,0.0,1.5,0.0,0.0,0.0
dynamic,94,1789354329.171591282,1789354329.171407223,1789354320.388396978,unmatched_est_8,,unmatched_estimate,,8,1,0,1.8946369886398315,-2.22137713432312,1.5565991401672363,0.0,0.0,0.0,0.8502047061920166,0.5743799209594727,0.5085244178771973,,,,,,,,,,,,3.0,0.0,1.5,0.0,0.0,0.0
dynamic,94,1789354329.171591282,1789354329.171407223,1789354320.388396978,unmatched_est_11,,unmatched_estimate,,11,2,0,-2.4831206798553467,0.5703915953636169,1.4567928314208984,0.0,0.0,0.0,0.1417074203491211,0.6847484111785889,0.48088932037353516,,,,,,,,,,,,3.0,0.0,1.5,0.0,0.0,0.0
dynamic,94,1789354329.171591282,1789354329.171407223,1789354320.388396978,unmatched_est_5,,unmatched_estimate,,5,3,0,3.036913155890134,0.025365321094781724,1.5375593900680542,-1.9761199420903183e-08,-3.324693092395577e-09,0.0,0.17477011680603027,0.25255507230758667,0.06457877159118652,,,,,,,,,,,,3.0,0.0,1.5,0.0,0.0,0.0
dynamic,94,1789354329.171591282,1789354329.171407223,1789354320.388396978,unmatched_est_9,,unmatched_estimate,,9,4,0,2.51482892036438,-2.420341968536377,2.6510212421417236,0.0,0.0,0.0,0.9374685287475586,0.6193652153015137,0.6737723350524902,,,,,,,,,,,,3.0,0.0,1.5,0.0,0.0,0.0
dynamic,95,1789354329.271571159,1789354329.271408796,1789354320.388396978,unmatched_est_10,,unmatched_estimate,,10,0,0,2.675349712371826,-4.636791229248047,1.3440035581588745,0.0,0.0,0.0,0.5814714431762695,0.14426946640014648,0.4094587564468384,,,,,,,,,,,,3.0,0.0,1.5,0.0,0.0,0.0
dynamic,95,1789354329.271571159,1789354329.271408796,1789354320.388396978,unmatched_est_8,,unmatched_estimate,,8,1,0,1.8946369886398315,-2.22137713432312,1.5565991401672363,0.0,0.0,0.0,0.8502047061920166,0.5743799209594727,0.5085244178771973,,,,,,,,,,,,3.0,0.0,1.5,0.0,0.0,0.0
dynamic,95,1789354329.271571159,1789354329.271408796,1789354320.388396978,unmatched_est_11,,unmatched_estimate,,11,2,0,-2.4831206798553467,0.5703915953636169,1.4567928314208984,0.0,0.0,0.0,0.1417074203491211,0.6847484111785889,0.48088932037353516,,,,,,,,,,,,3.0,0.0,1.5,0.0,0.0,0.0
dynamic,95,1789354329.271571159,1789354329.271408796,1789354320.388396978,unmatched_est_5,,unmatched_estimate,,5,3,0,3.0369131553448825,0.02536532084221369,1.5375593900680542,-1.906379747264998e-08,-4.699810315795748e-09,0.0,0.17477011680603027,0.25255507230758667,0.06457877159118652,,,,,,,,,,,,3.0,0.0,1.5,0.0,0.0,0.0
dynamic,95,1789354329.271571159,1789354329.271408796,1789354320.388396978,unmatched_est_9,,unmatched_estimate,,9,4,0,2.51482892036438,-2.420341968536377,2.6510212421417236,0.0,0.0,0.0,0.9374685287475586,0.6193652153015137,0.6737723350524902,,,,,,,,,,,,3.0,0.0,1.5,0.0,0.0,0.0
dynamic,96,1789354329.371569395,1789354329.371404171,1789354320.388396978,unmatched_est_10,,unmatched_estimate,,10,0,0,2.675349712371826,-4.636791229248047,1.3440035581588745,0.0,0.0,0.0,0.5814714431762695,0.14426946640014648,0.4094587564468384,,,,,,,,,,,,3.0,0.0,1.5,0.0,0.0,0.0
dynamic,96,1789354329.371569395,1789354329.371404171,1789354320.388396978,unmatched_est_8,,unmatched_estimate,,8,1,0,1.8946369886398315,-2.22137713432312,1.5565991401672363,0.0,0.0,0.0,0.8502047061920166,0.5743799209594727,0.5085244178771973,,,,,,,,,,,,3.0,0.0,1.5,0.0,0.0,0.0
dynamic,96,1789354329.371569395,1789354329.371404171,1789354320.388396978,unmatched_est_11,,unmatched_estimate,,11,2,0,-2.4831206798553467,0.5703915953636169,1.4567928314208984,0.0,0.0,0.0,0.1417074203491211,0.6847484111785889,0.48088932037353516,,,,,,,,,,,,3.0,0.0,1.5,0.0,0.0,0.0
dynamic,96,1789354329.371569395,1789354329.371404171,1789354320.388396978,unmatched_est_5,,unmatched_estimate,,5,3,0,3.0369131552097914,0.025365320696098908,1.5375593900680542,-1.4763489955643702e-08,-4.6864794965494835e-09,0.0,0.17477011680603027,0.25255507230758667,0.06457877159118652,,,,,,,,,,,,3.0,0.0,1.5,0.0,0.0,0.0
dynamic,96,1789354329.371569395,1789354329.371404171,1789354320.388396978,unmatched_est_9,,unmatched_estimate,,9,4,0,2.51482892036438,-2.420341968536377,2.6510212421417236,0.0,0.0,0.0,0.9374685287475586,0.6193652153015137,0.6737723350524902,,,,,,,,,,,,3.0,0.0,1.5,0.0,0.0,0.0
dynamic,97,1789354329.471579552,1789354329.471400738,1789354320.388396978,unmatched_est_10,,unmatched_estimate,,10,0,0,2.675349712371826,-4.636791229248047,1.3440035581588745,0.0,0.0,0.0,0.5814714431762695,0.14426946640014648,0.4094587564468384,,,,,,,,,,,,3.0,0.0,1.5,0.0,0.0,0.0
dynamic,97,1789354329.471579552,1789354329.471400738,1789354320.388396978,unmatched_est_8,,unmatched_estimate,,8,1,0,1.8946369886398315,-2.22137713432312,1.5565991401672363,0.0,0.0,0.0,0.8502047061920166,0.5743799209594727,0.5085244178771973,,,,,,,,,,,,3.0,0.0,1.5,0.0,0.0,0.0
dynamic,97,1789354329.471579552,1789354329.471400738,1789354320.388396978,unmatched_est_11,,unmatched_estimate,,11,2,0,-2.4831206798553467,0.5703915953636169,1.4567928314208984,0.0,0.0,0.0,0.1417074203491211,0.6847484111785889,0.48088932037353516,,,,,,,,,,,,3.0,0.0,1.5,0.0,0.0,0.0
dynamic,97,1789354329.471579552,1789354329.471400738,1789354320.388396978,unmatched_est_5,,unmatched_estimate,,5,3,0,3.0369131553793687,0.02536532065135972,1.5375593900680542,-8.888828483550873e-09,-3.736317519020402e-09,0.0,0.17477011680603027,0.25255507230758667,0.06457877159118652,,,,,,,,,,,,3.0,0.0,1.5,0.0,0.0,0.0
dynamic,97,1789354329.471579552,1789354329.471400738,1789354320.388396978,unmatched_est_9,,unmatched_estimate,,9,4,0,2.51482892036438,-2.420341968536377,2.6510212421417236,0.0,0.0,0.0,0.9374685287475586,0.6193652153015137,0.6737723350524902,,,,,,,,,,,,3.0,0.0,1.5,0.0,0.0,0.0
dynamic,98,1789354329.571581125,1789354329.571391821,1789354320.388396978,unmatched_est_10,,unmatched_estimate,,10,0,0,2.675349712371826,-4.636791229248047,1.3440035581588745,0.0,0.0,0.0,0.5814714431762695,0.14426946640014648,0.4094587564468384,,,,,,,,,,,,3.0,0.0,1.5,0.0,0.0,0.0
dynamic,98,1789354329.571581125,1789354329.571391821,1789354320.388396978,unmatched_est_8,,unmatched_estimate,,8,1,0,1.8946369886398315,-2.22137713432312,1.5565991401672363,0.0,0.0,0.0,0.8502047061920166,0.5743799209594727,0.5085244178771973,,,,,,,,,,,,3.0,0.0,1.5,0.0,0.0,0.0
dynamic,98,1789354329.571581125,1789354329.571391821,1789354320.388396978,unmatched_est_11,,unmatched_estimate,,11,2,0,-2.4831206798553467,0.5703915953636169,1.4567928314208984,0.0,0.0,0.0,0.1417074203491211,0.6847484111785889,0.48088932037353516,,,,,,,,,,,,3.0,0.0,1.5,0.0,0.0,0.0
dynamic,98,1789354329.571581125,1789354329.571391821,1789354320.388396978,unmatched_est_5,,unmatched_estimate,,5,3,0,3.0369131557210483,0.02536532068420196,1.5375593900680542,-3.128615807235124e-09,-2.3430507673887802e-09,0.0,0.17477011680603027,0.25255507230758667,0.06457877159118652,,,,,,,,,,,,3.0,0.0,1.5,0.0,0.0,0.0
dynamic,98,1789354329.571581125,1789354329.571391821,1789354320.388396978,unmatched_est_9,,unmatched_estimate,,9,4,0,2.51482892036438,-2.420341968536377,2.6510212421417236,0.0,0.0,0.0,0.9374685287475586,0.6193652153015137,0.6737723350524902,,,,,,,,,,,,3.0,0.0,1.5,0.0,0.0,0.0
dynamic,99,1789354329.671560287,1789354329.671390772,1789354320.388396978,unmatched_est_10,,unmatched_estimate,,10,0,0,2.675349712371826,-4.636791229248047,1.3440035581588745,0.0,0.0,0.0,0.5814714431762695,0.14426946640014648,0.4094587564468384,,,,,,,,,,,,3.0,0.0,1.5,0.0,0.0,0.0
dynamic,99,1789354329.671560287,1789354329.671390772,1789354320.388396978,unmatched_est_8,,unmatched_estimate,,8,1,0,1.8946369886398315,-2.22137713432312,1.5565991401672363,0.0,0.0,0.0,0.8502047061920166,0.5743799209594727,0.5085244178771973,,,,,,,,,,,,3.0,0.0,1.5,0.0,0.0,0.0
dynamic,99,1789354329.671560287,1789354329.671390772,1789354320.388396978,unmatched_est_11,,unmatched_estimate,,11,2,0,-2.4831206798553467,0.5703915953636169,1.4567928314208984,0.0,0.0,0.0,0.1417074203491211,0.6847484111785889,0.48088932037353516,,,,,,,,,,,,3.0,0.0,1.5,0.0,0.0,0.0
dynamic,99,1789354329.671560287,1789354329.671390772,1789354320.388396978,unmatched_est_5,,unmatched_estimate,,5,3,0,3.0369131561105664,0.02536532076294511,1.5375593900680542,1.3973842950790456e-09,-9.297490500127435e-10,0.0,0.17477011680603027,0.25255507230758667,0.06457877159118652,,,,,,,,,,,,3.0,0.0,1.5,0.0,0.0,0.0
dynamic,99,1789354329.671560287,1789354329.671390772,1789354320.388396978,unmatched_est_9,,unmatched_estimate,,9,4,0,2.51482892036438,-2.420341968536377,2.6510212421417236,0.0,0.0,0.0,0.9374685287475586,0.6193652153015137,0.6737723350524902,,,,,,,,,,,,3.0,0.0,1.5,0.0,0.0,0.0
dynamic,100,1789354329.771569490,1789354329.771400690,1789354320.388396978,unmatched_est_10,,unmatched_estimate,,10,0,0,2.675349712371826,-4.636791229248047,1.3440035581588745,0.0,0.0,0.0,0.5814714431762695,0.14426946640014648,0.4094587564468384,,,,,,,,,,,,3.0,0.0,1.5,0.0,0.0,0.0
dynamic,100,1789354329.771569490,1789354329.771400690,1789354320.388396978,unmatched_est_8,,unmatched_estimate,,8,1,0,1.8946369886398315,-2.22137713432312,1.5565991401672363,0.0,0.0,0.0,0.8502047061920166,0.5743799209594727,0.5085244178771973,,,,,,,,,,,,3.0,0.0,1.5,0.0,0.0,0.0
dynamic,100,1789354329.771569490,1789354329.771400690,1789354320.388396978,unmatched_est_11,,unmatched_estimate,,11,2,0,-2.4831206798553467,0.5703915953636169,1.4567928314208984,0.0,0.0,0.0,0.1417074203491211,0.6847484111785889,0.48088932037353516,,,,,,,,,,,,3.0,0.0,1.5,0.0,0.0,0.0
dynamic,100,1789354329.771569490,1789354329.771400690,1789354320.388396978,unmatched_est_5,,unmatched_estimate,,5,3,0,3.0369131564542324,0.02536532085693436,1.5375593900680542,4.179327178403956e-09,2.1328946403010756e-10,0.0,0.17477011680603027,0.25255507230758667,0.06457877159118652,,,,,,,,,,,,3.0,0.0,1.5,0.0,0.0,0.0
dynamic,100,1789354329.771569490,1789354329.771400690,1789354320.388396978,unmatched_est_9,,unmatched_estimate,,9,4,0,2.51482892036438,-2.420341968536377,2.6510212421417236,0.0,0.0,0.0,0.9374685287475586,0.6193652153015137,0.6737723350524902,,,,,,,,,,,,3.0,0.0,1.5,0.0,0.0,0.0
dynamic,101,1789354329.871497154,1789354329.871323586,1789354320.388396978,unmatched_est_10,,unmatched_estimate,,10,0,0,2.675349712371826,-4.636791229248047,1.3440035581588745,0.0,0.0,0.0,0.5814714431762695,0.14426946640014648,0.4094587564468384,,,,,,,,,,,,3.0,0.0,1.5,0.0,0.0,0.0
dynamic,101,1789354329.871497154,1789354329.871323586,1789354320.388396978,unmatched_est_8,,unmatched_estimate,,8,1,0,1.8946369886398315,-2.22137713432312,1.5565991401672363,0.0,0.0,0.0,0.8502047061920166,0.5743799209594727,0.5085244178771973,,,,,,,,,,,,3.0,0.0,1.5,0.0,0.0,0.0
dynamic,101,1789354329.871497154,1789354329.871323586,1789354320.388396978,unmatched_est_11,,unmatched_estimate,,11,2,0,-2.4831206798553467,0.5703915953636169,1.4567928314208984,0.0,0.0,0.0,0.1417074203491211,0.6847484111785889,0.48088932037353516,,,,,,,,,,,,3.0,0.0,1.5,0.0,0.0,0.0
dynamic,101,1789354329.871497154,1789354329.871323586,1789354320.388396978,unmatched_est_5,,unmatched_estimate,,5,3,0,3.036913156697856,0.02536532094236507,1.5375593900680542,5.2224638159507026e-09,9.439058278668796e-10,0.0,0.17477011680603027,0.25255507230758667,0.06457877159118652,,,,,,,,,,,,3.0,0.0,1.5,0.0,0.0,0.0
dynamic,101,1789354329.871497154,1789354329.871323586,1789354320.388396978,unmatched_est_9,,unmatched_estimate,,9,4,0,2.51482892036438,-2.420341968536377,2.6510212421417236,0.0,0.0,0.0,0.9374685287475586,0.6193652153015137,0.6737723350524902,,,,,,,,,,,,3.0,0.0,1.5,0.0,0.0,0.0
dynamic,102,1789354329.971490145,1789354329.971337795,1789354320.388396978,unmatched_est_10,,unmatched_estimate,,10,0,0,2.675349712371826,-4.636791229248047,1.3440035581588745,0.0,0.0,0.0,0.5814714431762695,0.14426946640014648,0.4094587564468384,,,,,,,,,,,,3.0,0.0,1.5,0.0,0.0,0.0
dynamic,102,1789354329.971490145,1789354329.971337795,1789354320.388396978,unmatched_est_8,,unmatched_estimate,,8,1,0,1.8946369886398315,-2.22137713432312,1.5565991401672363,0.0,0.0,0.0,0.8502047061920166,0.5743799209594727,0.5085244178771973,,,,,,,,,,,,3.0,0.0,1.5,0.0,0.0,0.0
dynamic,102,1789354329.971490145,1789354329.971337795,1789354320.388396978,unmatched_est_11,,unmatched_estimate,,11,2,0,-2.4831206798553467,0.5703915953636169,1.4567928314208984,0.0,0.0,0.0,0.1417074203491211,0.6847484111785889,0.48088932037353516,,,,,,,,,,,,3.0,0.0,1.5,0.0,0.0,0.0
dynamic,102,1789354329.971490145,1789354329.971337795,1789354320.388396978,unmatched_est_5,,unmatched_estimate,,5,3,0,3.0369131568248604,0.025365321004848305,1.5375593900680542,4.879535413670497e-09,1.2487295143037547e-09,0.0,0.17477011680603027,0.25255507230758667,0.06457877159118652,,,,,,,,,,,,3.0,0.0,1.5,0.0,0.0,0.0
dynamic,102,1789354329.971490145,1789354329.971337795,1789354320.388396978,unmatched_est_9,,unmatched_estimate,,9,4,0,2.51482892036438,-2.420341968536377,2.6510212421417236,0.0,0.0,0.0,0.9374685287475586,0.6193652153015137,0.6737723350524902,,,,,,,,,,,,3.0,0.0,1.5,0.0,0.0,0.0
dynamic,103,1789354330.071462393,1789354330.071299791,1789354320.388396978,unmatched_est_10,,unmatched_estimate,,10,0,0,2.675349712371826,-4.636791229248047,1.3440035581588745,0.0,0.0,0.0,0.5814714431762695,0.14426946640014648,0.4094587564468384,,,,,,,,,,,,3.0,0.0,1.5,0.0,0.0,0.0
dynamic,103,1789354330.071462393,1789354330.071299791,1789354320.388396978,unmatched_est_8,,unmatched_estimate,,8,1,0,1.8946369886398315,-2.22137713432312,1.5565991401672363,0.0,0.0,0.0,0.8502047061920166,0.5743799209594727,0.5085244178771973,,,,,,,,,,,,3.0,0.0,1.5,0.0,0.0,0.0
dynamic,103,1789354330.071462393,1789354330.071299791,1789354320.388396978,unmatched_est_11,,unmatched_estimate,,11,2,0,-2.4831206798553467,0.5703915953636169,1.4567928314208984,0.0,0.0,0.0,0.1417074203491211,0.6847484111785889,0.48088932037353516,,,,,,,,,,,,3.0,0.0,1.5,0.0,0.0,0.0
dynamic,103,1789354330.071462393,1789354330.071299791,1789354320.388396978,unmatched_est_5,,unmatched_estimate,,5,3,0,3.0369131568474486,0.02536532103925597,1.5375593900680542,3.667577641321879e-09,1.2042211451685927e-09,0.0,0.17477011680603027,0.25255507230758667,0.06457877159118652,,,,,,,,,,,,3.0,0.0,1.5,0.0,0.0,0.0
dynamic,103,1789354330.071462393,1789354330.071299791,1789354320.388396978,unmatched_est_9,,unmatched_estimate,,9,4,0,2.51482892036438,-2.420341968536377,2.6510212421417236,0.0,0.0,0.0,0.9374685287475586,0.6193652153015137,0.6737723350524902,,,,,,,,,,,,3.0,0.0,1.5,0.0,0.0,0.0
dynamic,104,1789354330.171412945,1789354330.171277523,1789354320.388396978,unmatched_est_10,,unmatched_estimate,,10,0,0,2.675349712371826,-4.636791229248047,1.3440035581588745,0.0,0.0,0.0,0.5814714431762695,0.14426946640014648,0.4094587564468384,,,,,,,,,,,,3.0,0.0,1.5,0.0,0.0,0.0
dynamic,104,1789354330.171412945,1789354330.171277523,1789354320.388396978,unmatched_est_8,,unmatched_estimate,,8,1,0,1.8946369886398315,-2.22137713432312,1.5565991401672363,0.0,0.0,0.0,0.8502047061920166,0.5743799209594727,0.5085244178771973,,,,,,,,,,,,3.0,0.0,1.5,0.0,0.0,0.0
dynamic,104,1789354330.171412945,1789354330.171277523,1789354320.388396978,unmatched_est_11,,unmatched_estimate,,11,2,0,-2.4831206798553467,0.5703915953636169,1.4567928314208984,0.0,0.0,0.0,0.1417074203491211,0.6847484111785889,0.48088932037353516,,,,,,,,,,,,3.0,0.0,1.5,0.0,0.0,0.0
dynamic,104,1789354330.171412945,1789354330.171277523,1789354320.388396978,unmatched_est_5,,unmatched_estimate,,5,3,0,3.0369131567948457,0.02536532104775623,1.5375593900680542,2.110968139962042e-09,9.32271687837139e-10,0.0,0.17477011680603027,0.25255507230758667,0.06457877159118652,,,,,,,,,,,,3.0,0.0,1.5,0.0,0.0,0.0
dynamic,104,1789354330.171412945,1789354330.171277523,1789354320.388396978,unmatched_est_9,,unmatched_estimate,,9,4,0,2.51482892036438,-2.420341968536377,2.6510212421417236,0.0,0.0,0.0,0.9374685287475586,0.6193652153015137,0.6737723350524902,,,,,,,,,,,,3.0,0.0,1.5,0.0,0.0,0.0
dynamic,105,1789354330.271441698,1789354330.271301508,1789354320.388396978,unmatched_est_10,,unmatched_estimate,,10,0,0,2.675349712371826,-4.636791229248047,1.3440035581588745,0.0,0.0,0.0,0.5814714431762695,0.14426946640014648,0.4094587564468384,,,,,,,,,,,,3.0,0.0,1.5,0.0,0.0,0.0
dynamic,105,1789354330.271441698,1789354330.271301508,1789354320.388396978,unmatched_est_8,,unmatched_estimate,,8,1,0,1.8946369886398315,-2.22137713432312,1.5565991401672363,0.0,0.0,0.0,0.8502047061920166,0.5743799209594727,0.5085244178771973,,,,,,,,,,,,3.0,0.0,1.5,0.0,0.0,0.0
dynamic,105,1789354330.271441698,1789354330.271301508,1789354320.388396978,unmatched_est_11,,unmatched_estimate,,11,2,0,-2.4831206798553467,0.5703915953636169,1.4567928314208984,0.0,0.0,0.0,0.1417074203491211,0.6847484111785889,0.48088932037353516,,,,,,,,,,,,3.0,0.0,1.5,0.0,0.0,0.0
dynamic,105,1789354330.271441698,1789354330.271301508,1789354320.388396978,unmatched_est_5,,unmatched_estimate,,5,3,0,3.036913156701928,0.02536532103701894,1.5375593900680542,6.3374630345082e-10,5.610348308528531e-10,0.0,0.17477011680603027,0.25255507230758667,0.06457877159118652,,,,,,,,,,,,3.0,0.0,1.5,0.0,0.0,0.0
dynamic,105,1789354330.271441698,1789354330.271301508,1789354320.388396978,unmatched_est_9,,unmatched_estimate,,9,4,0,2.51482892036438,-2.420341968536377,2.6510212421417236,0.0,0.0,0.0,0.9374685287475586,0.6193652153015137,0.6737723350524902,,,,,,,,,,,,3.0,0.0,1.5,0.0,0.0,0.0
dynamic,106,1789354330.371393442,1789354330.371283054,1789354320.388396978,unmatched_est_10,,unmatched_estimate,,10,0,0,2.675349712371826,-4.636791229248047,1.3440035581588745,0.0,0.0,0.0,0.5814714431762695,0.14426946640014648,0.4094587564468384,,,,,,,,,,,,3.0,0.0,1.5,0.0,0.0,0.0
dynamic,106,1789354330.371393442,1789354330.371283054,1789354320.388396978,unmatched_est_8,,unmatched_estimate,,8,1,0,1.8946369886398315,-2.22137713432312,1.5565991401672363,0.0,0.0,0.0,0.8502047061920166,0.5743799209594727,0.5085244178771973,,,,,,,,,,,,3.0,0.0,1.5,0.0,0.0,0.0
dynamic,106,1789354330.371393442,1789354330.371283054,1789354320.388396978,unmatched_est_11,,unmatched_estimate,,11,2,0,-2.4831206798553467,0.5703915953636169,1.4567928314208984,0.0,0.0,0.0,0.1417074203491211,0.6847484111785889,0.48088932037353516,,,,,,,,,,,,3.0,0.0,1.5,0.0,0.0,0.0
dynamic,106,1789354330.371393442,1789354330.371283054,1789354320.388396978,unmatched_est_5,,unmatched_estimate,,5,3,0,3.0369131566003906,0.02536532101542062,1.5375593900680542,-4.931012528947973e-10,1.971660869711383e-10,0.0,0.17477011680603027,0.25255507230758667,0.06457877159118652,,,,,,,,,,,,3.0,0.0,1.5,0.0,0.0,0.0
dynamic,106,1789354330.371393442,1789354330.371283054,1789354320.388396978,unmatched_est_9,,unmatched_estimate,,9,4,0,2.51482892036438,-2.420341968536377,2.6510212421417236,0.0,0.0,0.0,0.9374685287475586,0.6193652153015137,0.6737723350524902,,,,,,,,,,,,3.0,0.0,1.5,0.0,0.0,0.0
dynamic,107,1789354330.471490145,1789354330.471305132,1789354320.388396978,unmatched_est_10,,unmatched_estimate,,10,0,0,2.675349712371826,-4.636791229248047,1.3440035581588745,0.0,0.0,0.0,0.5814714431762695,0.14426946640014648,0.4094587564468384,,,,,,,,,,,,3.0,0.0,1.5,0.0,0.0,0.0
dynamic,107,1789354330.471490145,1789354330.471305132,1789354320.388396978,unmatched_est_8,,unmatched_estimate,,8,1,0,1.8946369886398315,-2.22137713432312,1.5565991401672363,0.0,0.0,0.0,0.8502047061920166,0.5743799209594727,0.5085244178771973,,,,,,,,,,,,3.0,0.0,1.5,0.0,0.0,0.0
dynamic,107,1789354330.471490145,1789354330.471305132,1789354320.388396978,unmatched_est_11,,unmatched_estimate,,11,2,0,-2.4831206798553467,0.5703915953636169,1.4567928314208984,0.0,0.0,0.0,0.1417074203491211,0.6847484111785889,0.48088932037353516,,,,,,,,,,,,3.0,0.0,1.5,0.0,0.0,0.0
dynamic,107,1789354330.471490145,1789354330.471305132,1789354320.388396978,unmatched_est_5,,unmatched_estimate,,5,3,0,3.036913156513411,0.02536532099081046,1.5375593900680542,-1.15656984855464e-09,-8.864461211669468e-11,0.0,0.17477011680603027,0.25255507230758667,0.06457877159118652,,,,,,,,,,,,3.0,0.0,1.5,0.0,0.0,0.0
dynamic,107,1789354330.471490145,1789354330.471305132,1789354320.388396978,unmatched_est_9,,unmatched_estimate,,9,4,0,2.51482892036438,-2.420341968536377,2.6510212421417236,0.0,0.0,0.0,0.9374685287475586,0.6193652153015137,0.6737723350524902,,,,,,,,,,,,3.0,0.0,1.5,0.0,0.0,0.0
dynamic,108,1789354330.571491957,1789354330.571310520,1789354320.388396978,unmatched_est_10,,unmatched_estimate,,10,0,0,2.675349712371826,-4.636791229248047,1.3440035581588745,0.0,0.0,0.0,0.5814714431762695,0.14426946640014648,0.4094587564468384,,,,,,,,,,,,3.0,0.0,1.5,0.0,0.0,0.0
dynamic,108,1789354330.571491957,1789354330.571310520,1789354320.388396978,unmatched_est_8,,unmatched_estimate,,8,1,0,1.8946369886398315,-2.22137713432312,1.5565991401672363,0.0,0.0,0.0,0.8502047061920166,0.5743799209594727,0.5085244178771973,,,,,,,,,,,,3.0,0.0,1.5,0.0,0.0,0.0
dynamic,108,1789354330.571491957,1789354330.571310520,1789354320.388396978,unmatched_est_11,,unmatched_estimate,,11,2,0,-2.4831206798553467,0.5703915953636169,1.4567928314208984,0.0,0.0,0.0,0.1417074203491211,0.6847484111785889,0.48088932037353516,,,,,,,,,,,,3.0,0.0,1.5,0.0,0.0,0.0
dynamic,108,1789354330.571491957,1789354330.571310520,1789354320.388396978,unmatched_est_5,,unmatched_estimate,,5,3,0,3.03691315645375,0.025365320969104533,1.5375593900680542,-1.3732501436394204e-09,-2.642398294018649e-10,0.0,0.17477011680603027,0.25255507230758667,0.06457877159118652,,,,,,,,,,,,3.0,0.0,1.5,0.0,0.0,0.0
dynamic,108,1789354330.571491957,1789354330.571310520,1789354320.388396978,unmatched_est_9,,unmatched_estimate,,9,4,0,2.51482892036438,-2.420341968536377,2.6510212421417236,0.0,0.0,0.0,0.9374685287475586,0.6193652153015137,0.6737723350524902,,,,,,,,,,,,3.0,0.0,1.5,0.0,0.0,0.0
dynamic,109,1789354330.671461344,1789354330.671296120,1789354320.388396978,unmatched_est_10,,unmatched_estimate,,10,0,0,2.675349712371826,-4.636791229248047,1.3440035581588745,0.0,0.0,0.0,0.5814714431762695,0.14426946640014648,0.4094587564468384,,,,,,,,,,,,3.0,0.0,1.5,0.0,0.0,0.0
dynamic,109,1789354330.671461344,1789354330.671296120,1789354320.388396978,unmatched_est_8,,unmatched_estimate,,8,1,0,1.8946369886398315,-2.22137713432312,1.5565991401672363,0.0,0.0,0.0,0.8502047061920166,0.5743799209594727,0.5085244178771973,,,,,,,,,,,,3.0,0.0,1.5,0.0,0.0,0.0
dynamic,109,1789354330.671461344,1789354330.671296120,1789354320.388396978,unmatched_est_11,,unmatched_estimate,,11,2,0,-2.4831206798553467,0.5703915953636169,1.4567928314208984,0.0,0.0,0.0,0.1417074203491211,0.6847484111785889,0.48088932037353516,,,,,,,,,,,,3.0,0.0,1.5,0.0,0.0,0.0
dynamic,109,1789354330.671461344,1789354330.671296120,1789354320.388396978,unmatched_est_5,,unmatched_estimate,,5,3,0,3.0369131564245553,0.025365320953722775,1.5375593900680542,-1.2440924212896976e-09,-3.2999341796145867e-10,0.0,0.17477011680603027,0.25255507230758667,0.06457877159118652,,,,,,,,,,,,3.0,0.0,1.5,0.0,0.0,0.0
dynamic,109,1789354330.671461344,1789354330.671296120,1789354320.388396978,unmatched_est_9,,unmatched_estimate,,9,4,0,2.51482892036438,-2.420341968536377,2.6510212421417236,0.0,0.0,0.0,0.9374685287475586,0.6193652153015137,0.6737723350524902,,,,,,,,,,,,3.0,0.0,1.5,0.0,0.0,0.0
dynamic,110,1789354330.771505356,1789354330.771326542,1789354320.388396978,unmatched_est_10,,unmatched_estimate,,10,0,0,2.675349712371826,-4.636791229248047,1.3440035581588745,0.0,0.0,0.0,0.5814714431762695,0.14426946640014648,0.4094587564468384,,,,,,,,,,,,3.0,0.0,1.5,0.0,0.0,0.0
dynamic,110,1789354330.771505356,1789354330.771326542,1789354320.388396978,unmatched_est_8,,unmatched_estimate,,8,1,0,1.8946369886398315,-2.22137713432312,1.5565991401672363,0.0,0.0,0.0,0.8502047061920166,0.5743799209594727,0.5085244178771973,,,,,,,,,,,,3.0,0.0,1.5,0.0,0.0,0.0
dynamic,110,1789354330.771505356,1789354330.771326542,1789354320.388396978,unmatched_est_11,,unmatched_estimate,,11,2,0,-2.4831206798553467,0.5703915953636169,1.4567928314208984,0.0,0.0,0.0,0.1417074203491211,0.6847484111785889,0.48088932037353516,,,,,,,,,,,,3.0,0.0,1.5,0.0,0.0,0.0
dynamic,110,1789354330.771505356,1789354330.771326542,1789354320.388396978,unmatched_est_5,,unmatched_estimate,,5,3,0,3.036913156421839,0.025365320945709317,1.5375593900680542,-9.068565465909025e-10,-3.082168231541e-10,0.0,0.17477011680603027,0.25255507230758667,0.06457877159118652,,,,,,,,,,,,3.0,0.0,1.5,0.0,0.0,0.0
dynamic,110,1789354330.771505356,1789354330.771326542,1789354320.388396978,unmatched_est_9,,unmatched_estimate,,9,4,0,2.51482892036438,-2.420341968536377,2.6510212421417236,0.0,0.0,0.0,0.9374685287475586,0.6193652153015137,0.6737723350524902,,,,,,,,,,,,3.0,0.0,1.5,0.0,0.0,0.0
dynamic,111,1789354330.871575832,1789354330.871305227,1789354320.388396978,unmatched_est_10,,unmatched_estimate,,10,0,0,2.675349712371826,-4.636791229248047,1.3440035581588745,0.0,0.0,0.0,0.5814714431762695,0.14426946640014648,0.4094587564468384,,,,,,,,,,,,3.0,0.0,1.5,0.0,0.0,0.0
dynamic,111,1789354330.871575832,1789354330.871305227,1789354320.388396978,unmatched_est_8,,unmatched_estimate,,8,1,0,1.8946369886398315,-2.22137713432312,1.5565991401672363,0.0,0.0,0.0,0.8502047061920166,0.5743799209594727,0.5085244178771973,,,,,,,,,,,,3.0,0.0,1.5,0.0,0.0,0.0
dynamic,111,1789354330.871575832,1789354330.871305227,1789354320.388396978,unmatched_est_11,,unmatched_estimate,,11,2,0,-2.4831206798553467,0.5703915953636169,1.4567928314208984,0.0,0.0,0.0,0.1417074203491211,0.6847484111785889,0.48088932037353516,,,,,,,,,,,,3.0,0.0,1.5,0.0,0.0,0.0
dynamic,111,1789354330.871575832,1789354330.871305227,1789354320.388396978,unmatched_est_5,,unmatched_estimate,,5,3,0,3.0369131564375844,0.02536532094429096,1.5375593900680542,-4.965473317666022e-10,-2.3158517759629817e-10,0.0,0.17477011680603027,0.25255507230758667,0.06457877159118652,,,,,,,,,,,,3.0,0.0,1.5,0.0,0.0,0.0
dynamic,111,1789354330.871575832,1789354330.871305227,1789354320.388396978,unmatched_est_9,,unmatched_estimate,,9,4,0,2.51482892036438,-2.420341968536377,2.6510212421417236,0.0,0.0,0.0,0.9374685287475586,0.6193652153015137,0.6737723350524902,,,,,,,,,,,,3.0,0.0,1.5,0.0,0.0,0.0
dynamic,112,1789354330.971448898,1789354330.971296310,1789354320.388396978,unmatched_est_10,,unmatched_estimate,,10,0,0,2.675349712371826,-4.636791229248047,1.3440035581588745,0.0,0.0,0.0,0.5814714431762695,0.14426946640014648,0.4094587564468384,,,,,,,,,,,,3.0,0.0,1.5,0.0,0.0,0.0
dynamic,112,1789354330.971448898,1789354330.971296310,1789354320.388396978,unmatched_est_8,,unmatched_estimate,,8,1,0,1.8946369886398315,-2.22137713432312,1.5565991401672363,0.0,0.0,0.0,0.8502047061920166,0.5743799209594727,0.5085244178771973,,,,,,,,,,,,3.0,0.0,1.5,0.0,0.0,0.0
dynamic,112,1789354330.971448898,1789354330.971296310,1789354320.388396978,unmatched_est_11,,unmatched_estimate,,11,2,0,-2.4831206798553467,0.5703915953636169,1.4567928314208984,0.0,0.0,0.0,0.1417074203491211,0.6847484111785889,0.48088932037353516,,,,,,,,,,,,3.0,0.0,1.5,0.0,0.0,0.0
dynamic,112,1789354330.971448898,1789354330.971296310,1789354320.388396978,unmatched_est_5,,unmatched_estimate,,5,3,0,3.036913156462661,0.02536532094762009,1.5375593900680542,-1.191901289358796e-10,-1.3322447752893444e-10,0.0,0.17477011680603027,0.25255507230758667,0.06457877159118652,,,,,,,,,,,,3.0,0.0,1.5,0.0,0.0,0.0
dynamic,112,1789354330.971448898,1789354330.971296310,1789354320.388396978,unmatched_est_9,,unmatched_estimate,,9,4,0,2.51482892036438,-2.420341968536377,2.6510212421417236,0.0,0.0,0.0,0.9374685287475586,0.6193652153015137,0.6737723350524902,,,,,,,,,,,,3.0,0.0,1.5,0.0,0.0,0.0
dynamic,113,1789354331.071619749,1789354331.071331501,1789354320.388396978,unmatched_est_10,,unmatched_estimate,,10,0,0,2.675349712371826,-4.636791229248047,1.3440035581588745,0.0,0.0,0.0,0.5814714431762695,0.14426946640014648,0.4094587564468384,,,,,,,,,,,,3.0,0.0,1.5,0.0,0.0,0.0
dynamic,113,1789354331.071619749,1789354331.071331501,1789354320.388396978,unmatched_est_8,,unmatched_estimate,,8,1,0,1.8946369886398315,-2.22137713432312,1.5565991401672363,0.0,0.0,0.0,0.8502047061920166,0.5743799209594727,0.5085244178771973,,,,,,,,,,,,3.0,0.0,1.5,0.0,0.0,0.0
dynamic,113,1789354331.071619749,1789354331.071331501,1789354320.388396978,unmatched_est_11,,unmatched_estimate,,11,2,0,-2.4831206798553467,0.5703915953636169,1.4567928314208984,0.0,0.0,0.0,0.1417074203491211,0.6847484111785889,0.48088932037353516,,,,,,,,,,,,3.0,0.0,1.5,0.0,0.0,0.0
dynamic,113,1789354331.071619749,1789354331.071331501,1789354320.388396978,unmatched_est_5,,unmatched_estimate,,5,3,0,3.0369131564890153,0.025365320953493094,1.5375593900680542,1.6008838015672266e-10,-3.991343909146353e-11,0.0,0.17477011680603027,0.25255507230758667,0.06457877159118652,,,,,,,,,,,,3.0,0.0,1.5,0.0,0.0,0.0
dynamic,113,1789354331.071619749,1789354331.071331501,1789354320.388396978,unmatched_est_9,,unmatched_estimate,,9,4,0,2.51482892036438,-2.420341968536377,2.6510212421417236,0.0,0.0,0.0,0.9374685287475586,0.6193652153015137,0.6737723350524902,,,,,,,,,,,,3.0,0.0,1.5,0.0,0.0,0.0
dynamic,114,1789354331.171492338,1789354331.171293497,1789354320.388396978,unmatched_est_10,,unmatched_estimate,,10,0,0,2.675349712371826,-4.636791229248047,1.3440035581588745,0.0,0.0,0.0,0.5814714431762695,0.14426946640014648,0.4094587564468384,,,,,,,,,,,,3.0,0.0,1.5,0.0,0.0,0.0
dynamic,114,1789354331.171492338,1789354331.171293497,1789354320.388396978,unmatched_est_8,,unmatched_estimate,,8,1,0,1.8946369886398315,-2.22137713432312,1.5565991401672363,0.0,0.0,0.0,0.8502047061920166,0.5743799209594727,0.5085244178771973,,,,,,,,,,,,3.0,0.0,1.5,0.0,0.0,0.0
dynamic,114,1789354331.171492338,1789354331.171293497,1789354320.388396978,unmatched_est_11,,unmatched_estimate,,11,2,0,-2.4831206798553467,0.5703915953636169,1.4567928314208984,0.0,0.0,0.0,0.1417074203491211,0.6847484111785889,0.48088932037353516,,,,,,,,,,,,3.0,0.0,1.5,0.0,0.0,0.0
dynamic,114,1789354331.171492338,1789354331.171293497,1789354320.388396978,unmatched_est_5,,unmatched_estimate,,5,3,0,3.036913156510942,0.025365320959908018,1.5375593900680542,3.169163599865178e-10,3.124191607945466e-11,0.0,0.17477011680603027,0.25255507230758667,0.06457877159118652,,,,,,,,,,,,3.0,0.0,1.5,0.0,0.0,0.0
dynamic,114,1789354331.171492338,1789354331.171293497,1789354320.388396978,unmatched_est_9,,unmatched_estimate,,9,4,0,2.51482892036438,-2.420341968536377,2.6510212421417236,0.0,0.0,0.0,0.9374685287475586,0.6193652153015137,0.6737723350524902,,,,,,,,,,,,3.0,0.0,1.5,0.0,0.0,0.0
dynamic,115,1789354331.271466017,1789354331.271293402,1789354320.388396978,unmatched_est_10,,unmatched_estimate,,10,0,0,2.675349712371826,-4.636791229248047,1.3440035581588745,0.0,0.0,0.0,0.5814714431762695,0.14426946640014648,0.4094587564468384,,,,,,,,,,,,3.0,0.0,1.5,0.0,0.0,0.0
dynamic,115,1789354331.271466017,1789354331.271293402,1789354320.388396978,unmatched_est_8,,unmatched_estimate,,8,1,0,1.8946369886398315,-2.22137713432312,1.5565991401672363,0.0,0.0,0.0,0.8502047061920166,0.5743799209594727,0.5085244178771973,,,,,,,,,,,,3.0,0.0,1.5,0.0,0.0,0.0
dynamic,115,1789354331.271466017,1789354331.271293402,1789354320.388396978,unmatched_est_11,,unmatched_estimate,,11,2,0,-2.4831206798553467,0.5703915953636169,1.4567928314208984,0.0,0.0,0.0,0.1417074203491211,0.6847484111785889,0.48088932037353516,,,,,,,,,,,,3.0,0.0,1.5,0.0,0.0,0.0
dynamic,115,1789354331.271466017,1789354331.271293402,1789354320.388396978,unmatched_est_5,,unmatched_estimate,,5,3,0,3.036913156525469,0.02536532096540139,1.5375593900680542,3.593925666929714e-10,7.311592797712827e-11,0.0,0.17477011680603027,0.25255507230758667,0.06457877159118652,,,,,,,,,,,,3.0,0.0,1.5,0.0,0.0,0.0
dynamic,115,1789354331.271466017,1789354331.271293402,1789354320.388396978,unmatched_est_9,,unmatched_estimate,,9,4,0,2.51482892036438,-2.420341968536377,2.6510212421417236,0.0,0.0,0.0,0.9374685287475586,0.6193652153015137,0.6737723350524902,,,,,,,,,,,,3.0,0.0,1.5,0.0,0.0,0.0
dynamic,116,1789354331.371579170,1789354331.371328115,1789354320.388396978,unmatched_est_10,,unmatched_estimate,,10,0,0,2.675349712371826,-4.636791229248047,1.3440035581588745,0.0,0.0,0.0,0.5814714431762695,0.14426946640014648,0.4094587564468384,,,,,,,,,,,,3.0,0.0,1.5,0.0,0.0,0.0
dynamic,116,1789354331.371579170,1789354331.371328115,1789354320.388396978,unmatched_est_8,,unmatched_estimate,,8,1,0,1.8946369886398315,-2.22137713432312,1.5565991401672363,0.0,0.0,0.0,0.8502047061920166,0.5743799209594727,0.5085244178771973,,,,,,,,,,,,3.0,0.0,1.5,0.0,0.0,0.0
dynamic,116,1789354331.371579170,1789354331.371328115,1789354320.388396978,unmatched_est_11,,unmatched_estimate,,11,2,0,-2.4831206798553467,0.5703915953636169,1.4567928314208984,0.0,0.0,0.0,0.1417074203491211,0.6847484111785889,0.48088932037353516,,,,,,,,,,,,3.0,0.0,1.5,0.0,0.0,0.0
dynamic,116,1789354331.371579170,1789354331.371328115,1789354320.388396978,unmatched_est_5,,unmatched_estimate,,5,3,0,3.0369131565320715,0.025365320969168006,1.5375593900680542,3.1596100141381216e-10,8.676724440068524e-11,0.0,0.17477011680603027,0.25255507230758667,0.06457877159118652,,,,,,,,,,,,3.0,0.0,1.5,0.0,0.0,0.0
dynamic,116,1789354331.371579170,1789354331.371328115,1789354320.388396978,unmatched_est_9,,unmatched_estimate,,9,4,0,2.51482892036438,-2.420341968536377,2.6510212421417236,0.0,0.0,0.0,0.9374685287475586,0.6193652153015137,0.6737723350524902,,,,,,,,,,,,3.0,0.0,1.5,0.0,0.0,0.0
dynamic,117,1789354331.471572399,1789354331.471298218,1789354320.388396978,unmatched_est_10,,unmatched_estimate,,10,0,0,2.675349712371826,-4.636791229248047,1.3440035581588745,0.0,0.0,0.0,0.5814714431762695,0.14426946640014648,0.4094587564468384,,,,,,,,,,,,3.0,0.0,1.5,0.0,0.0,0.0
dynamic,117,1789354331.471572399,1789354331.471298218,1789354320.388396978,unmatched_est_8,,unmatched_estimate,,8,1,0,1.8946369886398315,-2.22137713432312,1.5565991401672363,0.0,0.0,0.0,0.8502047061920166,0.5743799209594727,0.5085244178771973,,,,,,,,,,,,3.0,0.0,1.5,0.0,0.0,0.0
dynamic,117,1789354331.471572399,1789354331.471298218,1789354320.388396978,unmatched_est_11,,unmatched_estimate,,11,2,0,-2.4831206798553467,0.5703915953636169,1.4567928314208984,0.0,0.0,0.0,0.1417074203491211,0.6847484111785889,0.48088932037353516,,,,,,,,,,,,3.0,0.0,1.5,0.0,0.0,0.0
dynamic,117,1789354331.471572399,1789354331.471298218,1789354320.388396978,unmatched_est_5,,unmatched_estimate,,5,3,0,3.0369131565319862,0.025365320971009776,1.5375593900680542,2.2312055031527283e-10,7.857990701050181e-11,0.0,0.17477011680603027,0.25255507230758667,0.06457877159118652,,,,,,,,,,,,3.0,0.0,1.5,0.0,0.0,0.0
dynamic,117,1789354331.471572399,1789354331.471298218,1789354320.388396978,unmatched_est_9,,unmatched_estimate,,9,4,0,2.51482892036438,-2.420341968536377,2.6510212421417236,0.0,0.0,0.0,0.9374685287475586,0.6193652153015137,0.6737723350524902,,,,,,,,,,,,3.0,0.0,1.5,0.0,0.0,0.0
dynamic,118,1789354331.571734428,1789354331.571436167,1789354320.388396978,unmatched_est_10,,unmatched_estimate,,10,0,0,2.675349712371826,-4.636791229248047,1.3440035581588745,0.0,0.0,0.0,0.5814714431762695,0.14426946640014648,0.4094587564468384,,,,,,,,,,,,3.0,0.0,1.5,0.0,0.0,0.0
dynamic,118,1789354331.571734428,1789354331.571436167,1789354320.388396978,unmatched_est_8,,unmatched_estimate,,8,1,0,1.8946369886398315,-2.22137713432312,1.5565991401672363,0.0,0.0,0.0,0.8502047061920166,0.5743799209594727,0.5085244178771973,,,,,,,,,,,,3.0,0.0,1.5,0.0,0.0,0.0
dynamic,118,1789354331.571734428,1789354331.571436167,1789354320.388396978,unmatched_est_11,,unmatched_estimate,,11,2,0,-2.4831206798553467,0.5703915953636169,1.4567928314208984,0.0,0.0,0.0,0.1417074203491211,0.6847484111785889,0.48088932037353516,,,,,,,,,,,,3.0,0.0,1.5,0.0,0.0,0.0
dynamic,118,1789354331.571734428,1789354331.571436167,1789354320.388396978,unmatched_est_5,,unmatched_estimate,,5,3,0,3.0369131565273926,0.025365320971179214,1.5375593900680542,1.1549238571807353e-10,5.7259396154400956e-11,0.0,0.17477011680603027,0.25255507230758667,0.06457877159118652,,,,,,,,,,,,3.0,0.0,1.5,0.0,0.0,0.0
dynamic,118,1789354331.571734428,1789354331.571436167,1789354320.388396978,unmatched_est_9,,unmatched_estimate,,9,4,0,2.51482892036438,-2.420341968536377,2.6510212421417236,0.0,0.0,0.0,0.9374685287475586,0.6193652153015137,0.6737723350524902,,,,,,,,,,,,3.0,0.0,1.5,0.0,0.0,0.0
dynamic,119,1789354331.671534300,1789354331.671295166,1789354320.388396978,unmatched_est_10,,unmatched_estimate,,10,0,0,2.675349712371826,-4.636791229248047,1.3440035581588745,0.0,0.0,0.0,0.5814714431762695,0.14426946640014648,0.4094587564468384,,,,,,,,,,,,3.0,0.0,1.5,0.0,0.0,0.0
dynamic,119,1789354331.671534300,1789354331.671295166,1789354320.388396978,unmatched_est_8,,unmatched_estimate,,8,1,0,1.8946369886398315,-2.22137713432312,1.5565991401672363,0.0,0.0,0.0,0.8502047061920166,0.5743799209594727,0.5085244178771973,,,,,,,,,,,,3.0,0.0,1.5,0.0,0.0,0.0
dynamic,119,1789354331.671534300,1789354331.671295166,1789354320.388396978,unmatched_est_11,,unmatched_estimate,,11,2,0,-2.4831206798553467,0.5703915953636169,1.4567928314208984,0.0,0.0,0.0,0.1417074203491211,0.6847484111785889,0.48088932037353516,,,,,,,,,,,,3.0,0.0,1.5,0.0,0.0,0.0
dynamic,119,1789354331.671534300,1789354331.671295166,1789354320.388396978,unmatched_est_5,,unmatched_estimate,,5,3,0,3.036913156520671,0.025365320970183024,1.5375593900680542,1.9471450180237675e-11,3.133377643102765e-11,0.0,0.17477011680603027,0.25255507230758667,0.06457877159118652,,,,,,,,,,,,3.0,0.0,1.5,0.0,0.0,0.0
dynamic,119,1789354331.671534300,1789354331.671295166,1789354320.388396978,unmatched_est_9,,unmatched_estimate,,9,4,0,2.51482892036438,-2.420341968536377,2.6510212421417236,0.0,0.0,0.0,0.9374685287475586,0.6193652153015137,0.6737723350524902,,,,,,,,,,,,3.0,0.0,1.5,0.0,0.0,0.0
dynamic,120,1789354331.771603823,1789354331.771307707,1789354320.388396978,unmatched_est_10,,unmatched_estimate,,10,0,0,2.675349712371826,-4.636791229248047,1.3440035581588745,0.0,0.0,0.0,0.5814714431762695,0.14426946640014648,0.4094587564468384,,,,,,,,,,,,3.0,0.0,1.5,0.0,0.0,0.0
dynamic,120,1789354331.771603823,1789354331.771307707,1789354320.388396978,unmatched_est_8,,unmatched_estimate,,8,1,0,1.8946369886398315,-2.22137713432312,1.5565991401672363,0.0,0.0,0.0,0.8502047061920166,0.5743799209594727,0.5085244178771973,,,,,,,,,,,,3.0,0.0,1.5,0.0,0.0,0.0
dynamic,120,1789354331.771603823,1789354331.771307707,1789354320.388396978,unmatched_est_11,,unmatched_estimate,,11,2,0,-2.4831206798553467,0.5703915953636169,1.4567928314208984,0.0,0.0,0.0,0.1417074203491211,0.6847484111785889,0.48088932037353516,,,,,,,,,,,,3.0,0.0,1.5,0.0,0.0,0.0
dynamic,120,1789354331.771603823,1789354331.771307707,1789354320.388396978,unmatched_est_5,,unmatched_estimate,,5,3,0,3.0369131565138594,0.025365320968598153,1.5375593900680542,-4.9412273622619203e-11,7.498459387022191e-12,0.0,0.17477011680603027,0.25255507230758667,0.06457877159118652,,,,,,,,,,,,3.0,0.0,1.5,0.0,0.0,0.0
dynamic,120,1789354331.771603823,1789354331.771307707,1789354320.388396978,unmatched_est_9,,unmatched_estimate,,9,4,0,2.51482892036438,-2.420341968536377,2.6510212421417236,0.0,0.0,0.0,0.9374685287475586,0.6193652153015137,0.6737723350524902,,,,,,,,,,,,3.0,0.0,1.5,0.0,0.0,0.0
dynamic,121,1789354331.871582270,1789354331.871305227,1789354320.388396978,unmatched_est_10,,unmatched_estimate,,10,0,0,2.675349712371826,-4.636791229248047,1.3440035581588745,0.0,0.0,0.0,0.5814714431762695,0.14426946640014648,0.4094587564468384,,,,,,,,,,,,3.0,0.0,1.5,0.0,0.0,0.0
dynamic,121,1789354331.871582270,1789354331.871305227,1789354320.388396978,unmatched_est_8,,unmatched_estimate,,8,1,0,1.8946369886398315,-2.22137713432312,1.5565991401672363,0.0,0.0,0.0,0.8502047061920166,0.5743799209594727,0.5085244178771973,,,,,,,,,,,,3.0,0.0,1.5,0.0,0.0,0.0
dynamic,121,1789354331.871582270,1789354331.871305227,1789354320.388396978,unmatched_est_11,,unmatched_estimate,,11,2,0,-2.4831206798553467,0.5703915953636169,1.4567928314208984,0.0,0.0,0.0,0.1417074203491211,0.6847484111785889,0.48088932037353516,,,,,,,,,,,,3.0,0.0,1.5,0.0,0.0,0.0
dynamic,121,1789354331.871582270,1789354331.871305227,1789354320.388396978,unmatched_est_5,,unmatched_estimate,,5,3,0,3.0369131565083545,0.02536532096693322,1.5375593900680542,-8.610000039440692e-11,-1.0135808408950153e-11,0.0,0.17477011680603027,0.25255507230758667,0.06457877159118652,,,,,,,,,,,,3.0,0.0,1.5,0.0,0.0,0.0
dynamic,121,1789354331.871582270,1789354331.871305227,1789354320.388396978,unmatched_est_9,,unmatched_estimate,,9,4,0,2.51482892036438,-2.420341968536377,2.6510212421417236,0.0,0.0,0.0,0.9374685287475586,0.6193652153015137,0.6737723350524902,,,,,,,,,,,,3.0,0.0,1.5,0.0,0.0,0.0
dynamic,122,1789354331.971500635,1789354331.971301794,1789354320.388396978,unmatched_est_10,,unmatched_estimate,,10,0,0,2.675349712371826,-4.636791229248047,1.3440035581588745,0.0,0.0,0.0,0.5814714431762695,0.14426946640014648,0.4094587564468384,,,,,,,,,,,,3.0,0.0,1.5,0.0,0.0,0.0
dynamic,122,1789354331.971500635,1789354331.971301794,1789354320.388396978,unmatched_est_8,,unmatched_estimate,,8,1,0,1.8946369886398315,-2.22137713432312,1.5565991401672363,0.0,0.0,0.0,0.8502047061920166,0.5743799209594727,0.5085244178771973,,,,,,,,,,,,3.0,0.0,1.5,0.0,0.0,0.0
dynamic,122,1789354331.971500635,1789354331.971301794,1789354320.388396978,unmatched_est_11,,unmatched_estimate,,11,2,0,-2.4831206798553467,0.5703915953636169,1.4567928314208984,0.0,0.0,0.0,0.1417074203491211,0.6847484111785889,0.48088932037353516,,,,,,,,,,,,3.0,0.0,1.5,0.0,0.0,0.0
dynamic,122,1789354331.971500635,1789354331.971301794,1789354320.388396978,unmatched_est_5,,unmatched_estimate,,5,3,0,3.036913156504839,0.025365320965548468,1.5375593900680542,-9.363437957018845e-11,-2.003274823198315e-11,0.0,0.17477011680603027,0.25255507230758667,0.06457877159118652,,,,,,,,,,,,3.0,0.0,1.5,0.0,0.0,0.0
dynamic,122,1789354331.971500635,1789354331.971301794,1789354320.388396978,unmatched_est_9,,unmatched_estimate,,9,4,0,2.51482892036438,-2.420341968536377,2.6510212421417236,0.0,0.0,0.0,0.9374685287475586,0.6193652153015137,0.6737723350524902,,,,,,,,,,,,3.0,0.0,1.5,0.0,0.0,0.0
dynamic,123,1789354332.071623325,1789354332.071336269,1789354320.388396978,unmatched_est_10,,unmatched_estimate,,10,0,0,2.675349712371826,-4.636791229248047,1.3440035581588745,0.0,0.0,0.0,0.5814714431762695,0.14426946640014648,0.4094587564468384,,,,,,,,,,,,3.0,0.0,1.5,0.0,0.0,0.0
dynamic,123,1789354332.071623325,1789354332.071336269,1789354320.388396978,unmatched_est_8,,unmatched_estimate,,8,1,0,1.8946369886398315,-2.22137713432312,1.5565991401672363,0.0,0.0,0.0,0.8502047061920166,0.5743799209594727,0.5085244178771973,,,,,,,,,,,,3.0,0.0,1.5,0.0,0.0,0.0
dynamic,123,1789354332.071623325,1789354332.071336269,1789354320.388396978,unmatched_est_11,,unmatched_estimate,,11,2,0,-2.4831206798553467,0.5703915953636169,1.4567928314208984,0.0,0.0,0.0,0.1417074203491211,0.6847484111785889,0.48088932037353516,,,,,,,,,,,,3.0,0.0,1.5,0.0,0.0,0.0
dynamic,123,1789354332.071623325,1789354332.071336269,1789354320.388396978,unmatched_est_5,,unmatched_estimate,,5,3,0,3.0369131565033762,0.025365320964631385,1.5375593900680542,-7.992939622358598e-11,-2.2706629548304974e-11,0.0,0.17477011680603027,0.25255507230758667,0.06457877159118652,,,,,,,,,,,,3.0,0.0,1.5,0.0,0.0,0.0
dynamic,123,1789354332.071623325,1789354332.071336269,1789354320.388396978,unmatched_est_9,,unmatched_estimate,,9,4,0,2.51482892036438,-2.420341968536377,2.6510212421417236,0.0,0.0,0.0,0.9374685287475586,0.6193652153015137,0.6737723350524902,,,,,,,,,,,,3.0,0.0,1.5,0.0,0.0,0.0
dynamic,124,1789354332.171541691,1789354332.171308279,1789354320.388396978,unmatched_est_10,,unmatched_estimate,,10,0,0,2.675349712371826,-4.636791229248047,1.3440035581588745,0.0,0.0,0.0,0.5814714431762695,0.14426946640014648,0.4094587564468384,,,,,,,,,,,,3.0,0.0,1.5,0.0,0.0,0.0
dynamic,124,1789354332.171541691,1789354332.171308279,1789354320.388396978,unmatched_est_8,,unmatched_estimate,,8,1,0,1.8946369886398315,-2.22137713432312,1.5565991401672363,0.0,0.0,0.0,0.8502047061920166,0.5743799209594727,0.5085244178771973,,,,,,,,,,,,3.0,0.0,1.5,0.0,0.0,0.0
dynamic,124,1789354332.171541691,1789354332.171308279,1789354320.388396978,unmatched_est_11,,unmatched_estimate,,11,2,0,-2.4831206798553467,0.5703915953636169,1.4567928314208984,0.0,0.0,0.0,0.1417074203491211,0.6847484111785889,0.48088932037353516,,,,,,,,,,,,3.0,0.0,1.5,0.0,0.0,0.0
dynamic,124,1789354332.171541691,1789354332.171308279,1789354320.388396978,unmatched_est_5,,unmatched_estimate,,5,3,0,3.036913156503596,0.02536532096421493,1.5375593900680542,-5.460442050728928e-11,-1.995598075396766e-11,0.0,0.17477011680603027,0.25255507230758667,0.06457877159118652,,,,,,,,,,,,3.0,0.0,1.5,0.0,0.0,0.0
dynamic,124,1789354332.171541691,1789354332.171308279,1789354320.388396978,unmatched_est_9,,unmatched_estimate,,9,4,0,2.51482892036438,-2.420341968536377,2.6510212421417236,0.0,0.0,0.0,0.9374685287475586,0.6193652153015137,0.6737723350524902,,,,,,,,,,,,3.0,0.0,1.5,0.0,0.0,0.0
dynamic,125,1789354332.271607399,1789354332.271347284,1789354320.388396978,unmatched_est_10,,unmatched_estimate,,10,0,0,2.675349712371826,-4.636791229248047,1.3440035581588745,0.0,0.0,0.0,0.5814714431762695,0.14426946640014648,0.4094587564468384,,,,,,,,,,,,3.0,0.0,1.5,0.0,0.0,0.0
dynamic,125,1789354332.271607399,1789354332.271347284,1789354320.388396978,unmatched_est_8,,unmatched_estimate,,8,1,0,1.8946369886398315,-2.22137713432312,1.5565991401672363,0.0,0.0,0.0,0.8502047061920166,0.5743799209594727,0.5085244178771973,,,,,,,,,,,,3.0,0.0,1.5,0.0,0.0,0.0
dynamic,125,1789354332.271607399,1789354332.271347284,1789354320.388396978,unmatched_est_11,,unmatched_estimate,,11,2,0,-2.4831206798553467,0.5703915953636169,1.4567928314208984,0.0,0.0,0.0,0.1417074203491211,0.6847484111785889,0.48088932037353516,,,,,,,,,,,,3.0,0.0,1.5,0.0,0.0,0.0
dynamic,125,1789354332.271607399,1789354332.271347284,1789354320.388396978,unmatched_est_5,,unmatched_estimate,,5,3,0,3.03691315650491,0.02536532096422086,1.5375593900680542,-2.650193242061236e-11,-1.4087152939850846e-11,0.0,0.17477011680603027,0.25255507230758667,0.06457877159118652,,,,,,,,,,,,3.0,0.0,1.5,0.0,0.0,0.0
dynamic,125,1789354332.271607399,1789354332.271347284,1789354320.388396978,unmatched_est_9,,unmatched_estimate,,9,4,0,2.51482892036438,-2.420341968536377,2.6510212421417236,0.0,0.0,0.0,0.9374685287475586,0.6193652153015137,0.6737723350524902,,,,,,,,,,,,3.0,0.0,1.5,0.0,0.0,0.0
dynamic,126,1789354332.371622562,1789354332.371269703,1789354320.388396978,unmatched_est_10,,unmatched_estimate,,10,0,0,2.675349712371826,-4.636791229248047,1.3440035581588745,0.0,0.0,0.0,0.5814714431762695,0.14426946640014648,0.4094587564468384,,,,,,,,,,,,3.0,0.0,1.5,0.0,0.0,0.0
dynamic,126,1789354332.371622562,1789354332.371269703,1789354320.388396978,unmatched_est_8,,unmatched_estimate,,8,1,0,1.8946369886398315,-2.22137713432312,1.5565991401672363,0.0,0.0,0.0,0.8502047061920166,0.5743799209594727,0.5085244178771973,,,,,,,,,,,,3.0,0.0,1.5,0.0,0.0,0.0
dynamic,126,1789354332.371622562,1789354332.371269703,1789354320.388396978,unmatched_est_11,,unmatched_estimate,,11,2,0,-2.4831206798553467,0.5703915953636169,1.4567928314208984,0.0,0.0,0.0,0.1417074203491211,0.6847484111785889,0.48088932037353516,,,,,,,,,,,,3.0,0.0,1.5,0.0,0.0,0.0
dynamic,126,1789354332.371622562,1789354332.371269703,1789354320.388396978,unmatched_est_5,,unmatched_estimate,,5,3,0,3.0369131565067007,0.02536532096451141,1.5375593900680542,-2.16382059072044e-12,-7.286954949124335e-12,0.0,0.17477011680603027,0.25255507230758667,0.06457877159118652,,,,,,,,,,,,3.0,0.0,1.5,0.0,0.0,0.0
dynamic,126,1789354332.371622562,1789354332.371269703,1789354320.388396978,unmatched_est_9,,unmatched_estimate,,9,4,0,2.51482892036438,-2.420341968536377,2.6510212421417236,0.0,0.0,0.0,0.9374685287475586,0.6193652153015137,0.6737723350524902,,,,,,,,,,,,3.0,0.0,1.5,0.0,0.0,0.0
dynamic,127,1789354332.471987247,1789354332.471672773,1789354320.388396978,unmatched_est_10,,unmatched_estimate,,10,0,0,2.675349712371826,-4.636791229248047,1.3440035581588745,0.0,0.0,0.0,0.5814714431762695,0.14426946640014648,0.4094587564468384,,,,,,,,,,,,3.0,0.0,1.5,0.0,0.0,0.0
dynamic,127,1789354332.471987247,1789354332.471672773,1789354320.388396978,unmatched_est_8,,unmatched_estimate,,8,1,0,1.8946369886398315,-2.22137713432312,1.5565991401672363,0.0,0.0,0.0,0.8502047061920166,0.5743799209594727,0.5085244178771973,,,,,,,,,,,,3.0,0.0,1.5,0.0,0.0,0.0
dynamic,127,1789354332.471987247,1789354332.471672773,1789354320.388396978,unmatched_est_11,,unmatched_estimate,,11,2,0,-2.4831206798553467,0.5703915953636169,1.4567928314208984,0.0,0.0,0.0,0.1417074203491211,0.6847484111785889,0.48088932037353516,,,,,,,,,,,,3.0,0.0,1.5,0.0,0.0,0.0
dynamic,127,1789354332.471987247,1789354332.471672773,1789354320.388396978,unmatched_est_5,,unmatched_estimate,,5,3,0,3.0369131565084544,0.025365320964936204,1.5375593900680542,1.473938754286248e-11,-1.222158924132058e-12,0.0,0.17477011680603027,0.25255507230758667,0.06457877159118652,,,,,,,,,,,,3.0,0.0,1.5,0.0,0.0,0.0
dynamic,127,1789354332.471987247,1789354332.471672773,1789354320.388396978,unmatched_est_9,,unmatched_estimate,,9,4,0,2.51482892036438,-2.420341968536377,2.6510212421417236,0.0,0.0,0.0,0.9374685287475586,0.6193652153015137,0.6737723350524902,,,,,,,,,,,,3.0,0.0,1.5,0.0,0.0,0.0
dynamic,128,1789354332.571876287,1789354332.571621180,1789354320.388396978,unmatched_est_10,,unmatched_estimate,,10,0,0,2.675349712371826,-4.636791229248047,1.3440035581588745,0.0,0.0,0.0,0.5814714431762695,0.14426946640014648,0.4094587564468384,,,,,,,,,,,,3.0,0.0,1.5,0.0,0.0,0.0
dynamic,128,1789354332.571876287,1789354332.571621180,1789354320.388396978,unmatched_est_8,,unmatched_estimate,,8,1,0,1.8946369886398315,-2.22137713432312,1.5565991401672363,0.0,0.0,0.0,0.8502047061920166,0.5743799209594727,0.5085244178771973,,,,,,,,,,,,3.0,0.0,1.5,0.0,0.0,0.0
dynamic,128,1789354332.571876287,1789354332.571621180,1789354320.388396978,unmatched_est_11,,unmatched_estimate,,11,2,0,-2.4831206798553467,0.5703915953636169,1.4567928314208984,0.0,0.0,0.0,0.1417074203491211,0.6847484111785889,0.48088932037353516,,,,,,,,,,,,3.0,0.0,1.5,0.0,0.0,0.0
dynamic,128,1789354332.571876287,1789354332.571621180,1789354320.388396978,unmatched_est_5,,unmatched_estimate,,5,3,0,3.036913156509831,0.02536532096536653,1.5375593900680542,2.3217263219115745e-11,3.1270849339472193e-12,0.0,0.17477011680603027,0.25255507230758667,0.06457877159118652,,,,,,,,,,,,3.0,0.0,1.5,0.0,0.0,0.0
dynamic,128,1789354332.571876287,1789354332.571621180,1789354320.388396978,unmatched_est_9,,unmatched_estimate,,9,4,0,2.51482892036438,-2.420341968536377,2.6510212421417236,0.0,0.0,0.0,0.9374685287475586,0.6193652153015137,0.6737723350524902,,,,,,,,,,,,3.0,0.0,1.5,0.0,0.0,0.0
dynamic,129,1789354332.671997786,1789354332.671718597,1789354320.388396978,unmatched_est_10,,unmatched_estimate,,10,0,0,2.675349712371826,-4.636791229248047,1.3440035581588745,0.0,0.0,0.0,0.5814714431762695,0.14426946640014648,0.4094587564468384,,,,,,,,,,,,3.0,0.0,1.5,0.0,0.0,0.0
dynamic,129,1789354332.671997786,1789354332.671718597,1789354320.388396978,unmatched_est_8,,unmatched_estimate,,8,1,0,1.8946369886398315,-2.22137713432312,1.5565991401672363,0.0,0.0,0.0,0.8502047061920166,0.5743799209594727,0.5085244178771973,,,,,,,,,,,,3.0,0.0,1.5,0.0,0.0,0.0
dynamic,129,1789354332.671997786,1789354332.671718597,1789354320.388396978,unmatched_est_11,,unmatched_estimate,,11,2,0,-2.4831206798553467,0.5703915953636169,1.4567928314208984,0.0,0.0,0.0,0.1417074203491211,0.6847484111785889,0.48088932037353516,,,,,,,,,,,,3.0,0.0,1.5,0.0,0.0,0.0
dynamic,129,1789354332.671997786,1789354332.671718597,1789354320.388396978,unmatched_est_5,,unmatched_estimate,,5,3,0,3.0369131565106757,0.025365320965714176,1.5375593900680542,2.429167574669077e-11,5.442066915740621e-12,0.0,0.17477011680603027,0.25255507230758667,0.06457877159118652,,,,,,,,,,,,3.0,0.0,1.5,0.0,0.0,0.0
dynamic,129,1789354332.671997786,1789354332.671718597,1789354320.388396978,unmatched_est_9,,unmatched_estimate,,9,4,0,2.51482892036438,-2.420341968536377,2.6510212421417236,0.0,0.0,0.0,0.9374685287475586,0.6193652153015137,0.6737723350524902,,,,,,,,,,,,3.0,0.0,1.5,0.0,0.0,0.0
dynamic,130,1789354332.771999121,1789354332.771714211,1789354320.388396978,unmatched_est_10,,unmatched_estimate,,10,0,0,2.675349712371826,-4.636791229248047,1.3440035581588745,0.0,0.0,0.0,0.5814714431762695,0.14426946640014648,0.4094587564468384,,,,,,,,,,,,3.0,0.0,1.5,0.0,0.0,0.0
dynamic,130,1789354332.771999121,1789354332.771714211,1789354320.388396978,unmatched_est_8,,unmatched_estimate,,8,1,0,1.8946369886398315,-2.22137713432312,1.5565991401672363,0.0,0.0,0.0,0.8502047061920166,0.5743799209594727,0.5085244178771973,,,,,,,,,,,,3.0,0.0,1.5,0.0,0.0,0.0
dynamic,130,1789354332.771999121,1789354332.771714211,1789354320.388396978,unmatched_est_11,,unmatched_estimate,,11,2,0,-2.4831206798553467,0.5703915953636169,1.4567928314208984,0.0,0.0,0.0,0.1417074203491211,0.6847484111785889,0.48088932037353516,,,,,,,,,,,,3.0,0.0,1.5,0.0,0.0,0.0
dynamic,130,1789354332.771999121,1789354332.771714211,1789354320.388396978,unmatched_est_5,,unmatched_estimate,,5,3,0,3.036913156510991,0.025365320965936067,1.5375593900680542,2.014047090980609e-11,5.915643777566216e-12,0.0,0.17477011680603027,0.25255507230758667,0.06457877159118652,,,,,,,,,,,,3.0,0.0,1.5,0.0,0.0,0.0
dynamic,130,1789354332.771999121,1789354332.771714211,1789354320.388396978,unmatched_est_9,,unmatched_estimate,,9,4,0,2.51482892036438,-2.420341968536377,2.6510212421417236,0.0,0.0,0.0,0.9374685287475586,0.6193652153015137,0.6737723350524902,,,,,,,,,,,,3.0,0.0,1.5,0.0,0.0,0.0
dynamic,131,1789354332.871544123,1789354332.871363640,1789354320.388396978,unmatched_est_10,,unmatched_estimate,,10,0,0,2.675349712371826,-4.636791229248047,1.3440035581588745,0.0,0.0,0.0,0.5814714431762695,0.14426946640014648,0.4094587564468384,,,,,,,,,,,,3.0,0.0,1.5,0.0,0.0,0.0
dynamic,131,1789354332.871544123,1789354332.871363640,1789354320.388396978,unmatched_est_8,,unmatched_estimate,,8,1,0,1.8946369886398315,-2.22137713432312,1.5565991401672363,0.0,0.0,0.0,0.8502047061920166,0.5743799209594727,0.5085244178771973,,,,,,,,,,,,3.0,0.0,1.5,0.0,0.0,0.0
dynamic,131,1789354332.871544123,1789354332.871363640,1789354320.388396978,unmatched_est_11,,unmatched_estimate,,11,2,0,-2.4831206798553467,0.5703915953636169,1.4567928314208984,0.0,0.0,0.0,0.1417074203491211,0.6847484111785889,0.48088932037353516,,,,,,,,,,,,3.0,0.0,1.5,0.0,0.0,0.0
dynamic,131,1789354332.871544123,1789354332.871363640,1789354320.388396978,unmatched_est_5,,unmatched_estimate,,5,3,0,3.036913156510885,0.025365320966028303,1.5375593900680542,1.3286530953928312e-11,5.048108714941336e-12,0.0,0.17477011680603027,0.25255507230758667,0.06457877159118652,,,,,,,,,,,,3.0,0.0,1.5,0.0,0.0,0.0
dynamic,131,1789354332.871544123,1789354332.871363640,1789354320.388396978,unmatched_est_9,,unmatched_estimate,,9,4,0,2.51482892036438,-2.420341968536377,2.6510212421417236,0.0,0.0,0.0,0.9374685287475586,0.6193652153015137,0.6737723350524902,,,,,,,,,,,,3.0,0.0,1.5,0.0,0.0,0.0
dynamic,132,1789354332.971514702,1789354332.971321344,1789354320.388396978,unmatched_est_10,,unmatched_estimate,,10,0,0,2.675349712371826,-4.636791229248047,1.3440035581588745,0.0,0.0,0.0,0.5814714431762695,0.14426946640014648,0.4094587564468384,,,,,,,,,,,,3.0,0.0,1.5,0.0,0.0,0.0
dynamic,132,1789354332.971514702,1789354332.971321344,1789354320.388396978,unmatched_est_8,,unmatched_estimate,,8,1,0,1.8946369886398315,-2.22137713432312,1.5565991401672363,0.0,0.0,0.0,0.8502047061920166,0.5743799209594727,0.5085244178771973,,,,,,,,,,,,3.0,0.0,1.5,0.0,0.0,0.0
dynamic,132,1789354332.971514702,1789354332.971321344,1789354320.388396978,unmatched_est_11,,unmatched_estimate,,11,2,0,-2.4831206798553467,0.5703915953636169,1.4567928314208984,0.0,0.0,0.0,0.1417074203491211,0.6847484111785889,0.48088932037353516,,,,,,,,,,,,3.0,0.0,1.5,0.0,0.0,0.0
dynamic,132,1789354332.971514702,1789354332.971321344,1789354320.388396978,unmatched_est_5,,unmatched_estimate,,5,3,0,3.0369131565105145,0.02536532096601428,1.5375593900680542,5.9804980629848614e-12,3.447320180651238e-12,0.0,0.17477011680603027,0.25255507230758667,0.06457877159118652,,,,,,,,,,,,3.0,0.0,1.5,0.0,0.0,0.0
dynamic,132,1789354332.971514702,1789354332.971321344,1789354320.388396978,unmatched_est_9,,unmatched_estimate,,9,4,0,2.51482892036438,-2.420341968536377,2.6510212421417236,0.0,0.0,0.0,0.9374685287475586,0.6193652153015137,0.6737723350524902,,,,,,,,,,,,3.0,0.0,1.5,0.0,0.0,0.0
dynamic,133,1789354333.071623564,1789354333.071355343,1789354320.388396978,unmatched_est_10,,unmatched_estimate,,10,0,0,2.675349712371826,-4.636791229248047,1.3440035581588745,0.0,0.0,0.0,0.5814714431762695,0.14426946640014648,0.4094587564468384,,,,,,,,,,,,3.0,0.0,1.5,0.0,0.0,0.0
dynamic,133,1789354333.071623564,1789354333.071355343,1789354320.388396978,unmatched_est_8,,unmatched_estimate,,8,1,0,1.8946369886398315,-2.22137713432312,1.5565991401672363,0.0,0.0,0.0,0.8502047061920166,0.5743799209594727,0.5085244178771973,,,,,,,,,,,,3.0,0.0,1.5,0.0,0.0,0.0
dynamic,133,1789354333.071623564,1789354333.071355343,1789354320.388396978,unmatched_est_11,,unmatched_estimate,,11,2,0,-2.4831206798553467,0.5703915953636169,1.4567928314208984,0.0,0.0,0.0,0.1417074203491211,0.6847484111785889,0.48088932037353516,,,,,,,,,,,,3.0,0.0,1.5,0.0,0.0,0.0
dynamic,133,1789354333.071623564,1789354333.071355343,1789354320.388396978,unmatched_est_5,,unmatched_estimate,,5,3,0,3.0369131565100402,0.025365320965931172,1.5375593900680542,-1.6431948389963535e-13,1.6718334222253185e-12,0.0,0.17477011680603027,0.25255507230758667,0.06457877159118652,,,,,,,,,,,,3.0,0.0,1.5,0.0,0.0,0.0
dynamic,133,1789354333.071623564,1789354333.071355343,1789354320.388396978,unmatched_est_9,,unmatched_estimate,,9,4,0,2.51482892036438,-2.420341968536377,2.6510212421417236,0.0,0.0,0.0,0.9374685287475586,0.6193652153015137,0.6737723350524902,,,,,,,,,,,,3.0,0.0,1.5,0.0,0.0,0.0
dynamic,134,1789354333.171910048,1789354333.171714544,1789354320.388396978,unmatched_est_10,,unmatched_estimate,,10,0,0,2.675349712371826,-4.636791229248047,1.3440035581588745,0.0,0.0,0.0,0.5814714431762695,0.14426946640014648,0.4094587564468384,,,,,,,,,,,,3.0,0.0,1.5,0.0,0.0,0.0
dynamic,134,1789354333.171910048,1789354333.171714544,1789354320.388396978,unmatched_est_8,,unmatched_estimate,,8,1,0,1.8946369886398315,-2.22137713432312,1.5565991401672363,0.0,0.0,0.0,0.8502047061920166,0.5743799209594727,0.5085244178771973,,,,,,,,,,,,3.0,0.0,1.5,0.0,0.0,0.0
dynamic,134,1789354333.171910048,1789354333.171714544,1789354320.388396978,unmatched_est_11,,unmatched_estimate,,11,2,0,-2.4831206798553467,0.5703915953636169,1.4567928314208984,0.0,0.0,0.0,0.1417074203491211,0.6847484111785889,0.48088932037353516,,,,,,,,,,,,3.0,0.0,1.5,0.0,0.0,0.0
dynamic,134,1789354333.171910048,1789354333.171714544,1789354320.388396978,unmatched_est_5,,unmatched_estimate,,5,3,0,3.0369131565095904,0.02536532096581801,1.5375593900680542,-4.2895498078231236e-12,1.3468984533641712e-13,0.0,0.17477011680603027,0.25255507230758667,0.06457877159118652,,,,,,,,,,,,3.0,0.0,1.5,0.0,0.0,0.0
dynamic,134,1789354333.171910048,1789354333.171714544,1789354320.388396978,unmatched_est_9,,unmatched_estimate,,9,4,0,2.51482892036438,-2.420341968536377,2.6510212421417236,0.0,0.0,0.0,0.9374685287475586,0.6193652153015137,0.6737723350524902,,,,,,,,,,,,3.0,0.0,1.5,0.0,0.0,0.0
dynamic,135,1789354333.271844387,1789354333.271667480,1789354320.388396978,unmatched_est_10,,unmatched_estimate,,10,0,0,2.675349712371826,-4.636791229248047,1.3440035581588745,0.0,0.0,0.0,0.5814714431762695,0.14426946640014648,0.4094587564468384,,,,,,,,,,,,3.0,0.0,1.5,0.0,0.0,0.0
dynamic,135,1789354333.271844387,1789354333.271667480,1789354320.388396978,unmatched_est_8,,unmatched_estimate,,8,1,0,1.8946369886398315,-2.22137713432312,1.5565991401672363,0.0,0.0,0.0,0.8502047061920166,0.5743799209594727,0.5085244178771973,,,,,,,,,,,,3.0,0.0,1.5,0.0,0.0,0.0
dynamic,135,1789354333.271844387,1789354333.271667480,1789354320.388396978,unmatched_est_11,,unmatched_estimate,,11,2,0,-2.4831206798553467,0.5703915953636169,1.4567928314208984,0.0,0.0,0.0,0.1417074203491211,0.6847484111785889,0.48088932037353516,,,,,,,,,,,,3.0,0.0,1.5,0.0,0.0,0.0
dynamic,135,1789354333.271844387,1789354333.271667480,1789354320.388396978,unmatched_est_5,,unmatched_estimate,,5,3,0,3.0369131565092475,0.025365320965707237,1.5375593900680542,-6.219301264185783e-12,-9.324824969283762e-13,0.0,0.17477011680603027,0.25255507230758667,0.06457877159118652,,,,,,,,,,,,3.0,0.0,1.5,0.0,0.0,0.0
dynamic,135,1789354333.271844387,1789354333.271667480,1789354320.388396978,unmatched_est_9,,unmatched_estimate,,9,4,0,2.51482892036438,-2.420341968536377,2.6510212421417236,0.0,0.0,0.0,0.9374685287475586,0.6193652153015137,0.6737723350524902,,,,,,,,,,,,3.0,0.0,1.5,0.0,0.0,0.0
dynamic,136,1789354333.371870995,1789354333.371674776,1789354320.388396978,unmatched_est_10,,unmatched_estimate,,10,0,0,2.675349712371826,-4.636791229248047,1.3440035581588745,0.0,0.0,0.0,0.5814714431762695,0.14426946640014648,0.4094587564468384,,,,,,,,,,,,3.0,0.0,1.5,0.0,0.0,0.0
dynamic,136,1789354333.371870995,1789354333.371674776,1789354320.388396978,unmatched_est_8,,unmatched_estimate,,8,1,0,1.8946369886398315,-2.22137713432312,1.5565991401672363,0.0,0.0,0.0,0.8502047061920166,0.5743799209594727,0.5085244178771973,,,,,,,,,,,,3.0,0.0,1.5,0.0,0.0,0.0
dynamic,136,1789354333.371870995,1789354333.371674776,1789354320.388396978,unmatched_est_11,,unmatched_estimate,,11,2,0,-2.4831206798553467,0.5703915953636169,1.4567928314208984,0.0,0.0,0.0,0.1417074203491211,0.6847484111785889,0.48088932037353516,,,,,,,,,,,,3.0,0.0,1.5,0.0,0.0,0.0
dynamic,136,1789354333.371870995,1789354333.371674776,1789354320.388396978,unmatched_est_5,,unmatched_estimate,,5,3,0,3.0369131565090464,0.025365320965620324,1.5375593900680542,-6.27641102543178e-12,-1.4673328911385072e-12,0.0,0.17477011680603027,0.25255507230758667,0.06457877159118652,,,,,,,,,,,,3.0,0.0,1.5,0.0,0.0,0.0
dynamic,136,1789354333.371870995,1789354333.371674776,1789354320.388396978,unmatched_est_9,,unmatched_estimate,,9,4,0,2.51482892036438,-2.420341968536377,2.6510212421417236,0.0,0.0,0.0,0.9374685287475586,0.6193652153015137,0.6737723350524902,,,,,,,,,,,,3.0,0.0,1.5,0.0,0.0,0.0
dynamic,137,1789354333.472145319,1789354333.471862078,1789354320.388396978,unmatched_est_10,,unmatched_estimate,,10,0,0,2.675349712371826,-4.636791229248047,1.3440035581588745,0.0,0.0,0.0,0.5814714431762695,0.14426946640014648,0.4094587564468384,,,,,,,,,,,,3.0,0.0,1.5,0.0,0.0,0.0
dynamic,137,1789354333.472145319,1789354333.471862078,1789354320.388396978,unmatched_est_8,,unmatched_estimate,,8,1,0,1.8946369886398315,-2.22137713432312,1.5565991401672363,0.0,0.0,0.0,0.8502047061920166,0.5743799209594727,0.5085244178771973,,,,,,,,,,,,3.0,0.0,1.5,0.0,0.0,0.0
dynamic,137,1789354333.472145319,1789354333.471862078,1789354320.388396978,unmatched_est_11,,unmatched_estimate,,11,2,0,-2.4831206798553467,0.5703915953636169,1.4567928314208984,0.0,0.0,0.0,0.1417074203491211,0.6847484111785889,0.48088932037353516,,,,,,,,,,,,3.0,0.0,1.5,0.0,0.0,0.0
dynamic,137,1789354333.472145319,1789354333.471862078,1789354320.388396978,unmatched_est_5,,unmatched_estimate,,5,3,0,3.036913156508981,0.025365320965567012,1.5375593900680542,-5.054481175177633e-12,-1.5345729203946215e-12,0.0,0.17477011680603027,0.25255507230758667,0.06457877159118652,,,,,,,,,,,,3.0,0.0,1.5,0.0,0.0,0.0
dynamic,137,1789354333.472145319,1789354333.471862078,1789354320.388396978,unmatched_est_9,,unmatched_estimate,,9,4,0,2.51482892036438,-2.420341968536377,2.6510212421417236,0.0,0.0,0.0,0.9374685287475586,0.6193652153015137,0.6737723350524902,,,,,,,,,,,,3.0,0.0,1.5,0.0,0.0,0.0
dynamic,138,1789354333.571949482,1789354333.571736813,1789354320.388396978,unmatched_est_10,,unmatched_estimate,,10,0,0,2.675349712371826,-4.636791229248047,1.3440035581588745,0.0,0.0,0.0,0.5814714431762695,0.14426946640014648,0.4094587564468384,,,,,,,,,,,,3.0,0.0,1.5,0.0,0.0,0.0
dynamic,138,1789354333.571949482,1789354333.571736813,1789354320.388396978,unmatched_est_8,,unmatched_estimate,,8,1,0,1.8946369886398315,-2.22137713432312,1.5565991401672363,0.0,0.0,0.0,0.8502047061920166,0.5743799209594727,0.5085244178771973,,,,,,,,,,,,3.0,0.0,1.5,0.0,0.0,0.0
dynamic,138,1789354333.571949482,1789354333.571736813,1789354320.388396978,unmatched_est_11,,unmatched_estimate,,11,2,0,-2.4831206798553467,0.5703915953636169,1.4567928314208984,0.0,0.0,0.0,0.1417074203491211,0.6847484111785889,0.48088932037353516,,,,,,,,,,,,3.0,0.0,1.5,0.0,0.0,0.0
dynamic,138,1789354333.571949482,1789354333.571736813,1789354320.388396978,unmatched_est_5,,unmatched_estimate,,5,3,0,3.0369131565090206,0.02536532096554714,1.5375593900680542,-3.2123295318629063e-12,-1.2718998693621096e-12,0.0,0.17477011680603027,0.25255507230758667,0.06457877159118652,,,,,,,,,,,,3.0,0.0,1.5,0.0,0.0,0.0
dynamic,138,1789354333.571949482,1789354333.571736813,1789354320.388396978,unmatched_est_9,,unmatched_estimate,,9,4,0,2.51482892036438,-2.420341968536377,2.6510212421417236,0.0,0.0,0.0,0.9374685287475586,0.6193652153015137,0.6737723350524902,,,,,,,,,,,,3.0,0.0,1.5,0.0,0.0,0.0
dynamic,139,1789354333.671939611,1789354333.671725988,1789354320.388396978,unmatched_est_10,,unmatched_estimate,,10,0,0,2.675349712371826,-4.636791229248047,1.3440035581588745,0.0,0.0,0.0,0.5814714431762695,0.14426946640014648,0.4094587564468384,,,,,,,,,,,,3.0,0.0,1.5,0.0,0.0,0.0
dynamic,139,1789354333.671939611,1789354333.671725988,1789354320.388396978,unmatched_est_8,,unmatched_estimate,,8,1,0,1.8946369886398315,-2.22137713432312,1.5565991401672363,0.0,0.0,0.0,0.8502047061920166,0.5743799209594727,0.5085244178771973,,,,,,,,,,,,3.0,0.0,1.5,0.0,0.0,0.0
dynamic,139,1789354333.671939611,1789354333.671725988,1789354320.388396978,unmatched_est_11,,unmatched_estimate,,11,2,0,-2.4831206798553467,0.5703915953636169,1.4567928314208984,0.0,0.0,0.0,0.1417074203491211,0.6847484111785889,0.48088932037353516,,,,,,,,,,,,3.0,0.0,1.5,0.0,0.0,0.0
dynamic,139,1789354333.671939611,1789354333.671725988,1789354320.388396978,unmatched_est_5,,unmatched_estimate,,5,3,0,3.0369131565091236,0.025365320965553887,1.5375593900680542,-1.320951906166685e-12,-8.387356720523376e-13,0.0,0.17477011680603027,0.25255507230758667,0.06457877159118652,,,,,,,,,,,,3.0,0.0,1.5,0.0,0.0,0.0
dynamic,139,1789354333.671939611,1789354333.671725988,1789354320.388396978,unmatched_est_9,,unmatched_estimate,,9,4,0,2.51482892036438,-2.420341968536377,2.6510212421417236,0.0,0.0,0.0,0.9374685287475586,0.6193652153015137,0.6737723350524902,,,,,,,,,,,,3.0,0.0,1.5,0.0,0.0,0.0
dynamic,140,1789354333.772098780,1789354333.771789789,1789354320.388396978,unmatched_est_10,,unmatched_estimate,,10,0,0,2.675349712371826,-4.636791229248047,1.3440035581588745,0.0,0.0,0.0,0.5814714431762695,0.14426946640014648,0.4094587564468384,,,,,,,,,,,,3.0,0.0,1.5,0.0,0.0,0.0
dynamic,140,1789354333.772098780,1789354333.771789789,1789354320.388396978,unmatched_est_8,,unmatched_estimate,,8,1,0,1.8946369886398315,-2.22137713432312,1.5565991401672363,0.0,0.0,0.0,0.8502047061920166,0.5743799209594727,0.5085244178771973,,,,,,,,,,,,3.0,0.0,1.5,0.0,0.0,0.0
dynamic,140,1789354333.772098780,1789354333.771789789,1789354320.388396978,unmatched_est_11,,unmatched_estimate,,11,2,0,-2.4831206798553467,0.5703915953636169,1.4567928314208984,0.0,0.0,0.0,0.1417074203491211,0.6847484111785889,0.48088932037353516,,,,,,,,,,,,3.0,0.0,1.5,0.0,0.0,0.0
dynamic,140,1789354333.772098780,1789354333.771789789,1789354320.388396978,unmatched_est_5,,unmatched_estimate,,5,3,0,3.036913156509249,0.025365320965577292,1.5375593900680542,2.240172385248777e-13,-3.7719828074890855e-13,0.0,0.17477011680603027,0.25255507230758667,0.06457877159118652,,,,,,,,,,,,3.0,0.0,1.5,0.0,0.0,0.0
dynamic,140,1789354333.772098780,1789354333.771789789,1789354320.388396978,unmatched_est_9,,unmatched_estimate,,9,4,0,2.51482892036438,-2.420341968536377,2.6510212421417236,0.0,0.0,0.0,0.9374685287475586,0.6193652153015137,0.6737723350524902,,,,,,,,,,,,3.0,0.0,1.5,0.0,0.0,0.0
dynamic,141,1789354333.871960640,1789354333.871759653,1789354320.388396978,unmatched_est_10,,unmatched_estimate,,10,0,0,2.675349712371826,-4.636791229248047,1.3440035581588745,0.0,0.0,0.0,0.5814714431762695,0.14426946640014648,0.4094587564468384,,,,,,,,,,,,3.0,0.0,1.5,0.0,0.0,0.0
dynamic,141,1789354333.871960640,1789354333.871759653,1789354320.388396978,unmatched_est_8,,unmatched_estimate,,8,1,0,1.8946369886398315,-2.22137713432312,1.5565991401672363,0.0,0.0,0.0,0.8502047061920166,0.5743799209594727,0.5085244178771973,,,,,,,,,,,,3.0,0.0,1.5,0.0,0.0,0.0
dynamic,141,1789354333.871960640,1789354333.871759653,1789354320.388396978,unmatched_est_11,,unmatched_estimate,,11,2,0,-2.4831206798553467,0.5703915953636169,1.4567928314208984,0.0,0.0,0.0,0.1417074203491211,0.6847484111785889,0.48088932037353516,,,,,,,,,,,,3.0,0.0,1.5,0.0,0.0,0.0
dynamic,141,1789354333.871960640,1789354333.871759653,1789354320.388396978,unmatched_est_5,,unmatched_estimate,,5,3,0,3.0369131565093634,0.025365320965607268,1.5375593900680542,1.2248370734997288e-12,1.0856690418135199e-14,0.0,0.17477011680603027,0.25255507230758667,0.06457877159118652,,,,,,,,,,,,3.0,0.0,1.5,0.0,0.0,0.0
dynamic,141,1789354333.871960640,1789354333.871759653,1789354320.388396978,unmatched_est_9,,unmatched_estimate,,9,4,0,2.51482892036438,-2.420341968536377,2.6510212421417236,0.0,0.0,0.0,0.9374685287475586,0.6193652153015137,0.6737723350524902,,,,,,,,,,,,3.0,0.0,1.5,0.0,0.0,0.0
dynamic,142,1789354333.971861362,1789354333.971688271,1789354320.388396978,unmatched_est_10,,unmatched_estimate,,10,0,0,2.675349712371826,-4.636791229248047,1.3440035581588745,0.0,0.0,0.0,0.5814714431762695,0.14426946640014648,0.4094587564468384,,,,,,,,,,,,3.0,0.0,1.5,0.0,0.0,0.0
dynamic,142,1789354333.971861362,1789354333.971688271,1789354320.388396978,unmatched_est_8,,unmatched_estimate,,8,1,0,1.8946369886398315,-2.22137713432312,1.5565991401672363,0.0,0.0,0.0,0.8502047061920166,0.5743799209594727,0.5085244178771973,,,,,,,,,,,,3.0,0.0,1.5,0.0,0.0,0.0
dynamic,142,1789354333.971861362,1789354333.971688271,1789354320.388396978,unmatched_est_11,,unmatched_estimate,,11,2,0,-2.4831206798553467,0.5703915953636169,1.4567928314208984,0.0,0.0,0.0,0.1417074203491211,0.6847484111785889,0.48088932037353516,,,,,,,,,,,,3.0,0.0,1.5,0.0,0.0,0.0
dynamic,142,1789354333.971861362,1789354333.971688271,1789354320.388396978,unmatched_est_5,,unmatched_estimate,,5,3,0,3.0369131565094483,0.025365320965635672,1.5375593900680542,1.6560563023730798e-12,2.7125727405177176e-13,0.0,0.17477011680603027,0.25255507230758667,0.06457877159118652,,,,,,,,,,,,3.0,0.0,1.5,0.0,0.0,0.0
dynamic,142,1789354333.971861362,1789354333.971688271,1789354320.388396978,unmatched_est_9,,unmatched_estimate,,9,4,0,2.51482892036438,-2.420341968536377,2.6510212421417236,0.0,0.0,0.0,0.9374685287475586,0.6193652153015137,0.6737723350524902,,,,,,,,,,,,3.0,0.0,1.5,0.0,0.0,0.0
dynamic,143,1789354334.071959734,1789354334.071777105,1789354320.388396978,unmatched_est_10,,unmatched_estimate,,10,0,0,2.675349712371826,-4.636791229248047,1.3440035581588745,0.0,0.0,0.0,0.5814714431762695,0.14426946640014648,0.4094587564468384,,,,,,,,,,,,3.0,0.0,1.5,0.0,0.0,0.0
dynamic,143,1789354334.071959734,1789354334.071777105,1789354320.388396978,unmatched_est_8,,unmatched_estimate,,8,1,0,1.8946369886398315,-2.22137713432312,1.5565991401672363,0.0,0.0,0.0,0.8502047061920166,0.5743799209594727,0.5085244178771973,,,,,,,,,,,,3.0,0.0,1.5,0.0,0.0,0.0
dynamic,143,1789354334.071959734,1789354334.071777105,1789354320.388396978,unmatched_est_11,,unmatched_estimate,,11,2,0,-2.4831206798553467,0.5703915953636169,1.4567928314208984,0.0,0.0,0.0,0.1417074203491211,0.6847484111785889,0.48088932037353516,,,,,,,,,,,,3.0,0.0,1.5,0.0,0.0,0.0
dynamic,143,1789354334.071959734,1789354334.071777105,1789354320.388396978,unmatched_est_5,,unmatched_estimate,,5,3,0,3.036913156509496,0.025365320965657304,1.5375593900680542,1.6151001754794008e-12,3.929864640098417e-13,0.0,0.17477011680603027,0.25255507230758667,0.06457877159118652,,,,,,,,,,,,3.0,0.0,1.5,0.0,0.0,0.0
dynamic,143,1789354334.071959734,1789354334.071777105,1789354320.388396978,unmatched_est_9,,unmatched_estimate,,9,4,0,2.51482892036438,-2.420341968536377,2.6510212421417236,0.0,0.0,0.0,0.9374685287475586,0.6193652153015137,0.6737723350524902,,,,,,,,,,,,3.0,0.0,1.5,0.0,0.0,0.0
dynamic,144,1789354334.172047853,1789354334.171841621,1789354320.388396978,unmatched_est_10,,unmatched_estimate,,10,0,0,2.675349712371826,-4.636791229248047,1.3440035581588745,0.0,0.0,0.0,0.5814714431762695,0.14426946640014648,0.4094587564468384,,,,,,,,,,,,3.0,0.0,1.5,0.0,0.0,0.0
dynamic,144,1789354334.172047853,1789354334.171841621,1789354320.388396978,unmatched_est_8,,unmatched_estimate,,8,1,0,1.8946369886398315,-2.22137713432312,1.5565991401672363,0.0,0.0,0.0,0.8502047061920166,0.5743799209594727,0.5085244178771973,,,,,,,,,,,,3.0,0.0,1.5,0.0,0.0,0.0
dynamic,144,1789354334.172047853,1789354334.171841621,1789354320.388396978,unmatched_est_11,,unmatched_estimate,,11,2,0,-2.4831206798553467,0.5703915953636169,1.4567928314208984,0.0,0.0,0.0,0.1417074203491211,0.6847484111785889,0.48088932037353516,,,,,,,,,,,,3.0,0.0,1.5,0.0,0.0,0.0
dynamic,144,1789354334.172047853,1789354334.171841621,1789354320.388396978,unmatched_est_5,,unmatched_estimate,,5,3,0,3.0369131565095087,0.025365320965670013,1.5375593900680542,1.2634470963547703e-12,3.964367770740623e-13,0.0,0.17477011680603027,0.25255507230758667,0.06457877159118652,,,,,,,,,,,,3.0,0.0,1.5,0.0,0.0,0.0
dynamic,144,1789354334.172047853,1789354334.171841621,1789354320.388396978,unmatched_est_9,,unmatched_estimate,,9,4,0,2.51482892036438,-2.420341968536377,2.6510212421417236,0.0,0.0,0.0,0.9374685287475586,0.6193652153015137,0.6737723350524902,,,,,,,,,,,,3.0,0.0,1.5,0.0,0.0,0.0
dynamic,145,1789354334.272054434,1789354334.271779299,1789354320.388396978,unmatched_est_10,,unmatched_estimate,,10,0,0,2.675349712371826,-4.636791229248047,1.3440035581588745,0.0,0.0,0.0,0.5814714431762695,0.14426946640014648,0.4094587564468384,,,,,,,,,,,,3.0,0.0,1.5,0.0,0.0,0.0
dynamic,145,1789354334.272054434,1789354334.271779299,1789354320.388396978,unmatched_est_8,,unmatched_estimate,,8,1,0,1.8946369886398315,-2.22137713432312,1.5565991401672363,0.0,0.0,0.0,0.8502047061920166,0.5743799209594727,0.5085244178771973,,,,,,,,,,,,3.0,0.0,1.5,0.0,0.0,0.0
dynamic,145,1789354334.272054434,1789354334.271779299,1789354320.388396978,unmatched_est_11,,unmatched_estimate,,11,2,0,-2.4831206798553467,0.5703915953636169,1.4567928314208984,0.0,0.0,0.0,0.1417074203491211,0.6847484111785889,0.48088932037353516,,,,,,,,,,,,3.0,0.0,1.5,0.0,0.0,0.0
dynamic,145,1789354334.272054434,1789354334.271779299,1789354320.388396978,unmatched_est_5,,unmatched_estimate,,5,3,0,3.0369131565094953,0.02536532096567413,1.5375593900680542,7.71926229072656e-13,3.191565171921989e-13,0.0,0.17477011680603027,0.25255507230758667,0.06457877159118652,,,,,,,,,,,,3.0,0.0,1.5,0.0,0.0,0.0
dynamic,145,1789354334.272054434,1789354334.271779299,1789354320.388396978,unmatched_est_9,,unmatched_estimate,,9,4,0,2.51482892036438,-2.420341968536377,2.6510212421417236,0.0,0.0,0.0,0.9374685287475586,0.6193652153015137,0.6737723350524902,,,,,,,,,,,,3.0,0.0,1.5,0.0,0.0,0.0
dynamic,146,1789354334.371569872,1789354334.371333361,1789354320.388396978,unmatched_est_10,,unmatched_estimate,,10,0,0,2.675349712371826,-4.636791229248047,1.3440035581588745,0.0,0.0,0.0,0.5814714431762695,0.14426946640014648,0.4094587564468384,,,,,,,,,,,,3.0,0.0,1.5,0.0,0.0,0.0
dynamic,146,1789354334.371569872,1789354334.371333361,1789354320.388396978,unmatched_est_8,,unmatched_estimate,,8,1,0,1.8946369886398315,-2.22137713432312,1.5565991401672363,0.0,0.0,0.0,0.8502047061920166,0.5743799209594727,0.5085244178771973,,,,,,,,,,,,3.0,0.0,1.5,0.0,0.0,0.0
dynamic,146,1789354334.371569872,1789354334.371333361,1789354320.388396978,unmatched_est_11,,unmatched_estimate,,11,2,0,-2.4831206798553467,0.5703915953636169,1.4567928314208984,0.0,0.0,0.0,0.1417074203491211,0.6847484111785889,0.48088932037353516,,,,,,,,,,,,3.0,0.0,1.5,0.0,0.0,0.0
dynamic,146,1789354334.371569872,1789354334.371333361,1789354320.388396978,unmatched_est_5,,unmatched_estimate,,5,3,0,3.0369131565094674,0.02536532096567161,1.5375593900680542,2.8455558619297217e-13,2.02773502902316e-13,0.0,0.17477011680603027,0.25255507230758667,0.06457877159118652,,,,,,,,,,,,3.0,0.0,1.5,0.0,0.0,0.0
dynamic,146,1789354334.371569872,1789354334.371333361,1789354320.388396978,unmatched_est_9,,unmatched_estimate,,9,4,0,2.51482892036438,-2.420341968536377,2.6510212421417236,0.0,0.0,0.0,0.9374685287475586,0.6193652153015137,0.6737723350524902,,,,,,,,,,,,3.0,0.0,1.5,0.0,0.0,0.0
dynamic,147,1789354334.471491814,1789354334.471306562,1789354320.388396978,unmatched_est_10,,unmatched_estimate,,10,0,0,2.675349712371826,-4.636791229248047,1.3440035581588745,0.0,0.0,0.0,0.5814714431762695,0.14426946640014648,0.4094587564468384,,,,,,,,,,,,3.0,0.0,1.5,0.0,0.0,0.0
dynamic,147,1789354334.471491814,1789354334.471306562,1789354320.388396978,unmatched_est_8,,unmatched_estimate,,8,1,0,1.8946369886398315,-2.22137713432312,1.5565991401672363,0.0,0.0,0.0,0.8502047061920166,0.5743799209594727,0.5085244178771973,,,,,,,,,,,,3.0,0.0,1.5,0.0,0.0,0.0
dynamic,147,1789354334.471491814,1789354334.471306562,1789354320.388396978,unmatched_est_11,,unmatched_estimate,,11,2,0,-2.4831206798553467,0.5703915953636169,1.4567928314208984,0.0,0.0,0.0,0.1417074203491211,0.6847484111785889,0.48088932037353516,,,,,,,,,,,,3.0,0.0,1.5,0.0,0.0,0.0
dynamic,147,1789354334.471491814,1789354334.471306562,1789354320.388396978,unmatched_est_5,,unmatched_estimate,,5,3,0,3.0369131565094345,0.0253653209656651,1.5375593900680542,-1.0237744568727184e-13,8.330215779579674e-14,0.0,0.17477011680603027,0.25255507230758667,0.06457877159118652,,,,,,,,,,,,3.0,0.0,1.5,0.0,0.0,0.0
dynamic,147,1789354334.471491814,1789354334.471306562,1789354320.388396978,unmatched_est_9,,unmatched_estimate,,9,4,0,2.51482892036438,-2.420341968536377,2.6510212421417236,0.0,0.0,0.0,0.9374685287475586,0.6193652153015137,0.6737723350524902,,,,,,,,,,,,3.0,0.0,1.5,0.0,0.0,0.0
dynamic,148,1789354334.571493149,1789354334.571283817,1789354320.388396978,unmatched_est_10,,unmatched_estimate,,10,0,0,2.675349712371826,-4.636791229248047,1.3440035581588745,0.0,0.0,0.0,0.5814714431762695,0.14426946640014648,0.4094587564468384,,,,,,,,,,,,3.0,0.0,1.5,0.0,0.0,0.0
dynamic,148,1789354334.571493149,1789354334.571283817,1789354320.388396978,unmatched_est_8,,unmatched_estimate,,8,1,0,1.8946369886398315,-2.22137713432312,1.5565991401672363,0.0,0.0,0.0,0.8502047061920166,0.5743799209594727,0.5085244178771973,,,,,,,,,,,,3.0,0.0,1.5,0.0,0.0,0.0
dynamic,148,1789354334.571493149,1789354334.571283817,1789354320.388396978,unmatched_est_11,,unmatched_estimate,,11,2,0,-2.4831206798553467,0.5703915953636169,1.4567928314208984,0.0,0.0,0.0,0.1417074203491211,0.6847484111785889,0.48088932037353516,,,,,,,,,,,,3.0,0.0,1.5,0.0,0.0,0.0
dynamic,148,1789354334.571493149,1789354334.571283817,1789354320.388396978,unmatched_est_5,,unmatched_estimate,,5,3,0,3.036913156509405,0.0253653209656572,1.5375593900680542,-3.43465180618177e-13,-1.4267016982897318e-14,0.0,0.17477011680603027,0.25255507230758667,0.06457877159118652,,,,,,,,,,,,3.0,0.0,1.5,0.0,0.0,0.0
dynamic,148,1789354334.571493149,1789354334.571283817,1789354320.388396978,unmatched_est_9,,unmatched_estimate,,9,4,0,2.51482892036438,-2.420341968536377,2.6510212421417236,0.0,0.0,0.0,0.9374685287475586,0.6193652153015137,0.6737723350524902,,,,,,,,,,,,3.0,0.0,1.5,0.0,0.0,0.0
dynamic,149,1789354334.671735287,1789354334.671348810,1789354320.388396978,unmatched_est_10,,unmatched_estimate,,10,0,0,2.675349712371826,-4.636791229248047,1.3440035581588745,0.0,0.0,0.0,0.5814714431762695,0.14426946640014648,0.4094587564468384,,,,,,,,,,,,3.0,0.0,1.5,0.0,0.0,0.0
dynamic,149,1789354334.671735287,1789354334.671348810,1789354320.388396978,unmatched_est_8,,unmatched_estimate,,8,1,0,1.8946369886398315,-2.22137713432312,1.5565991401672363,0.0,0.0,0.0,0.8502047061920166,0.5743799209594727,0.5085244178771973,,,,,,,,,,,,3.0,0.0,1.5,0.0,0.0,0.0
dynamic,149,1789354334.671735287,1789354334.671348810,1789354320.388396978,unmatched_est_11,,unmatched_estimate,,11,2,0,-2.4831206798553467,0.5703915953636169,1.4567928314208984,0.0,0.0,0.0,0.1417074203491211,0.6847484111785889,0.48088932037353516,,,,,,,,,,,,3.0,0.0,1.5,0.0,0.0,0.0
dynamic,149,1789354334.671735287,1789354334.671348810,1789354320.388396978,unmatched_est_5,,unmatched_estimate,,5,3,0,3.0369131565093843,0.02536532096564995,1.5375593900680542,-4.379683521744462e-13,-7.742198352340986e-14,0.0,0.17477011680603027,0.25255507230758667,0.06457877159118652,,,,,,,,,,,,3.0,0.0,1.5,0.0,0.0,0.0
dynamic,149,1789354334.671735287,1789354334.671348810,1789354320.388396978,unmatched_est_9,,unmatched_estimate,,9,4,0,2.51482892036438,-2.420341968536377,2.6510212421417236,0.0,0.0,0.0,0.9374685287475586,0.6193652153015137,0.6737723350524902,,,,,,,,,,,,3.0,0.0,1.5,0.0,0.0,0.0
dynamic,150,1789354334.771888018,1789354334.771716356,1789354320.388396978,unmatched_est_10,,unmatched_estimate,,10,0,0,2.675349712371826,-4.636791229248047,1.3440035581588745,0.0,0.0,0.0,0.5814714431762695,0.14426946640014648,0.4094587564468384,,,,,,,,,,,,3.0,0.0,1.5,0.0,0.0,0.0
dynamic,150,1789354334.771888018,1789354334.771716356,1789354320.388396978,unmatched_est_8,,unmatched_estimate,,8,1,0,1.8946369886398315,-2.22137713432312,1.5565991401672363,0.0,0.0,0.0,0.8502047061920166,0.5743799209594727,0.5085244178771973,,,,,,,,,,,,3.0,0.0,1.5,0.0,0.0,0.0
dynamic,150,1789354334.771888018,1789354334.771716356,1789354320.388396978,unmatched_est_11,,unmatched_estimate,,11,2,0,-2.4831206798553467,0.5703915953636169,1.4567928314208984,0.0,0.0,0.0,0.1417074203491211,0.6847484111785889,0.48088932037353516,,,,,,,,,,,,3.0,0.0,1.5,0.0,0.0,0.0
dynamic,150,1789354334.771888018,1789354334.771716356,1789354320.388396978,unmatched_est_5,,unmatched_estimate,,5,3,0,3.036913156509373,0.02536532096564459,1.5375593900680542,-4.138099758425473e-13,-1.0460766870738878e-13,0.0,0.17477011680603027,0.25255507230758667,0.06457877159118652,,,,,,,,,,,,3.0,0.0,1.5,0.0,0.0,0.0
dynamic,150,1789354334.771888018,1789354334.771716356,1789354320.388396978,unmatched_est_9,,unmatched_estimate,,9,4,0,2.51482892036438,-2.420341968536377,2.6510212421417236,0.0,0.0,0.0,0.9374685287475586,0.6193652153015137,0.6737723350524902,,,,,,,,,,,,3.0,0.0,1.5,0.0,0.0,0.0
dynamic,151,1789354334.871992588,1789354334.871799231,1789354320.388396978,unmatched_est_10,,unmatched_estimate,,10,0,0,2.675349712371826,-4.636791229248047,1.3440035581588745,0.0,0.0,0.0,0.5814714431762695,0.14426946640014648,0.4094587564468384,,,,,,,,,,,,3.0,0.0,1.5,0.0,0.0,0.0
dynamic,151,1789354334.871992588,1789354334.871799231,1789354320.388396978,unmatched_est_8,,unmatched_estimate,,8,1,0,1.8946369886398315,-2.22137713432312,1.5565991401672363,0.0,0.0,0.0,0.8502047061920166,0.5743799209594727,0.5085244178771973,,,,,,,,,,,,3.0,0.0,1.5,0.0,0.0,0.0
dynamic,151,1789354334.871992588,1789354334.871799231,1789354320.388396978,unmatched_est_11,,unmatched_estimate,,11,2,0,-2.4831206798553467,0.5703915953636169,1.4567928314208984,0.0,0.0,0.0,0.1417074203491211,0.6847484111785889,0.48088932037353516,,,,,,,,,,,,3.0,0.0,1.5,0.0,0.0,0.0
dynamic,151,1789354334.871992588,1789354334.871799231,1789354320.388396978,unmatched_est_5,,unmatched_estimate,,5,3,0,3.036913156509371,0.025365320965641588,1.5375593900680542,-3.142912287797699e-13,-1.0199454194671118e-13,0.0,0.17477011680603027,0.25255507230758667,0.06457877159118652,,,,,,,,,,,,3.0,0.0,1.5,0.0,0.0,0.0
dynamic,151,1789354334.871992588,1789354334.871799231,1789354320.388396978,unmatched_est_9,,unmatched_estimate,,9,4,0,2.51482892036438,-2.420341968536377,2.6510212421417236,0.0,0.0,0.0,0.9374685287475586,0.6193652153015137,0.6737723350524902,,,,,,,,,,,,3.0,0.0,1.5,0.0,0.0,0.0
dynamic,152,1789354334.971492290,1789354334.971344233,1789354320.388396978,unmatched_est_10,,unmatched_estimate,,10,0,0,2.675349712371826,-4.636791229248047,1.3440035581588745,0.0,0.0,0.0,0.5814714431762695,0.14426946640014648,0.4094587564468384,,,,,,,,,,,,3.0,0.0,1.5,0.0,0.0,0.0
dynamic,152,1789354334.971492290,1789354334.971344233,1789354320.388396978,unmatched_est_8,,unmatched_estimate,,8,1,0,1.8946369886398315,-2.22137713432312,1.5565991401672363,0.0,0.0,0.0,0.8502047061920166,0.5743799209594727,0.5085244178771973,,,,,,,,,,,,3.0,0.0,1.5,0.0,0.0,0.0
dynamic,152,1789354334.971492290,1789354334.971344233,1789354320.388396978,unmatched_est_11,,unmatched_estimate,,11,2,0,-2.4831206798553467,0.5703915953636169,1.4567928314208984,0.0,0.0,0.0,0.1417074203491211,0.6847484111785889,0.48088932037353516,,,,,,,,,,,,3.0,0.0,1.5,0.0,0.0,0.0
dynamic,152,1789354334.971492290,1789354334.971344233,1789354320.388396978,unmatched_est_5,,unmatched_estimate,,5,3,0,3.036913156509375,0.025365320965640783,1.5375593900680542,-1.8390145172067586e-13,-7.974631159375718e-14,0.0,0.17477011680603027,0.25255507230758667,0.06457877159118652,,,,,,,,,,,,3.0,0.0,1.5,0.0,0.0,0.0
dynamic,152,1789354334.971492290,1789354334.971344233,1789354320.388396978,unmatched_est_9,,unmatched_estimate,,9,4,0,2.51482892036438,-2.420341968536377,2.6510212421417236,0.0,0.0,0.0,0.9374685287475586,0.6193652153015137,0.6737723350524902,,,,,,,,,,,,3.0,0.0,1.5,0.0,0.0,0.0
dynamic,153,1789354335.071566582,1789354335.071368217,1789354320.388396978,unmatched_est_10,,unmatched_estimate,,10,0,0,2.675349712371826,-4.636791229248047,1.3440035581588745,0.0,0.0,0.0,0.5814714431762695,0.14426946640014648,0.4094587564468384,,,,,,,,,,,,3.0,0.0,1.5,0.0,0.0,0.0
dynamic,153,1789354335.071566582,1789354335.071368217,1789354320.388396978,unmatched_est_8,,unmatched_estimate,,8,1,0,1.8946369886398315,-2.22137713432312,1.5565991401672363,0.0,0.0,0.0,0.8502047061920166,0.5743799209594727,0.5085244178771973,,,,,,,,,,,,3.0,0.0,1.5,0.0,0.0,0.0
dynamic,153,1789354335.071566582,1789354335.071368217,1789354320.388396978,unmatched_est_11,,unmatched_estimate,,11,2,0,-2.4831206798553467,0.5703915953636169,1.4567928314208984,0.0,0.0,0.0,0.1417074203491211,0.6847484111785889,0.48088932037353516,,,,,,,,,,,,3.0,0.0,1.5,0.0,0.0,0.0
dynamic,153,1789354335.071566582,1789354335.071368217,1789354320.388396978,unmatched_est_5,,unmatched_estimate,,5,3,0,3.036913156509383,0.025365320965641626,1.5375593900680542,-5.87834974757741e-14,-4.867689733398788e-14,0.0,0.17477011680603027,0.25255507230758667,0.06457877159118652,,,,,,,,,,,,3.0,0.0,1.5,0.0,0.0,0.0
dynamic,153,1789354335.071566582,1789354335.071368217,1789354320.388396978,unmatched_est_9,,unmatched_estimate,,9,4,0,2.51482892036438,-2.420341968536377,2.6510212421417236,0.0,0.0,0.0,0.9374685287475586,0.6193652153015137,0.6737723350524902,,,,,,,,,,,,3.0,0.0,1.5,0.0,0.0,0.0
dynamic,154,1789354335.171631575,1789354335.171504974,1789354320.388396978,unmatched_est_10,,unmatched_estimate,,10,0,0,2.675349712371826,-4.636791229248047,1.3440035581588745,0.0,0.0,0.0,0.5814714431762695,0.14426946640014648,0.4094587564468384,,,,,,,,,,,,3.0,0.0,1.5,0.0,0.0,0.0
dynamic,154,1789354335.171631575,1789354335.171504974,1789354320.388396978,unmatched_est_8,,unmatched_estimate,,8,1,0,1.8946369886398315,-2.22137713432312,1.5565991401672363,0.0,0.0,0.0,0.8502047061920166,0.5743799209594727,0.5085244178771973,,,,,,,,,,,,3.0,0.0,1.5,0.0,0.0,0.0
dynamic,154,1789354335.171631575,1789354335.171504974,1789354320.388396978,unmatched_est_11,,unmatched_estimate,,11,2,0,-2.4831206798553467,0.5703915953636169,1.4567928314208984,0.0,0.0,0.0,0.1417074203491211,0.6847484111785889,0.48088932037353516,,,,,,,,,,,,3.0,0.0,1.5,0.0,0.0,0.0
dynamic,154,1789354335.171631575,1789354335.171504974,1789354320.388396978,unmatched_est_5,,unmatched_estimate,,5,3,0,3.0369131565093914,0.025365320965643416,1.5375593900680542,3.7530143020690204e-14,-1.7880868509884983e-14,0.0,0.17477011680603027,0.25255507230758667,0.06457877159118652,,,,,,,,,,,,3.0,0.0,1.5,0.0,0.0,0.0
dynamic,154,1789354335.171631575,1789354335.171504974,1789354320.388396978,unmatched_est_9,,unmatched_estimate,,9,4,0,2.51482892036438,-2.420341968536377,2.6510212421417236,0.0,0.0,0.0,0.9374685287475586,0.6193652153015137,0.6737723350524902,,,,,,,,,,,,3.0,0.0,1.5,0.0,0.0,0.0
dynamic,155,1789354335.271462679,1789354335.271314859,1789354320.388396978,unmatched_est_10,,unmatched_estimate,,10,0,0,2.675349712371826,-4.636791229248047,1.3440035581588745,0.0,0.0,0.0,0.5814714431762695,0.14426946640014648,0.4094587564468384,,,,,,,,,,,,3.0,0.0,1.5,0.0,0.0,0.0
dynamic,155,1789354335.271462679,1789354335.271314859,1789354320.388396978,unmatched_est_8,,unmatched_estimate,,8,1,0,1.8946369886398315,-2.22137713432312,1.5565991401672363,0.0,0.0,0.0,0.8502047061920166,0.5743799209594727,0.5085244178771973,,,,,,,,,,,,3.0,0.0,1.5,0.0,0.0,0.0
dynamic,155,1789354335.271462679,1789354335.271314859,1789354320.388396978,unmatched_est_11,,unmatched_estimate,,11,2,0,-2.4831206798553467,0.5703915953636169,1.4567928314208984,0.0,0.0,0.0,0.1417074203491211,0.6847484111785889,0.48088932037353516,,,,,,,,,,,,3.0,0.0,1.5,0.0,0.0,0.0
dynamic,155,1789354335.271462679,1789354335.271314859,1789354320.388396978,unmatched_est_5,,unmatched_estimate,,5,3,0,3.0369131565093985,0.025365320965645487,1.5375593900680542,9.545757681043034e-14,6.548304524729602e-15,0.0,0.17477011680603027,0.25255507230758667,0.06457877159118652,,,,,,,,,,,,3.0,0.0,1.5,0.0,0.0,0.0
dynamic,155,1789354335.271462679,1789354335.271314859,1789354320.388396978,unmatched_est_9,,unmatched_estimate,,9,4,0,2.51482892036438,-2.420341968536377,2.6510212421417236,0.0,0.0,0.0,0.9374685287475586,0.6193652153015137,0.6737723350524902,,,,,,,,,,,,3.0,0.0,1.5,0.0,0.0,0.0
dynamic,156,1789354335.371671200,1789354335.371451855,1789354320.388396978,unmatched_est_10,,unmatched_estimate,,10,0,0,2.675349712371826,-4.636791229248047,1.3440035581588745,0.0,0.0,0.0,0.5814714431762695,0.14426946640014648,0.4094587564468384,,,,,,,,,,,,3.0,0.0,1.5,0.0,0.0,0.0
dynamic,156,1789354335.371671200,1789354335.371451855,1789354320.388396978,unmatched_est_8,,unmatched_estimate,,8,1,0,1.8946369886398315,-2.22137713432312,1.5565991401672363,0.0,0.0,0.0,0.8502047061920166,0.5743799209594727,0.5085244178771973,,,,,,,,,,,,3.0,0.0,1.5,0.0,0.0,0.0
dynamic,156,1789354335.371671200,1789354335.371451855,1789354320.388396978,unmatched_est_11,,unmatched_estimate,,11,2,0,-2.4831206798553467,0.5703915953636169,1.4567928314208984,0.0,0.0,0.0,0.1417074203491211,0.6847484111785889,0.48088932037353516,,,,,,,,,,,,3.0,0.0,1.5,0.0,0.0,0.0
dynamic,156,1789354335.371671200,1789354335.371451855,1789354320.388396978,unmatched_est_5,,unmatched_estimate,,5,3,0,3.036913156509404,0.025365320965647333,1.5375593900680542,1.151723395710826e-13,2.1764236155778137e-14,0.0,0.17477011680603027,0.25255507230758667,0.06457877159118652,,,,,,,,,,,,3.0,0.0,1.5,0.0,0.0,0.0
dynamic,156,1789354335.371671200,1789354335.371451855,1789354320.388396978,unmatched_est_9,,unmatched_estimate,,9,4,0,2.51482892036438,-2.420341968536377,2.6510212421417236,0.0,0.0,0.0,0.9374685287475586,0.6193652153015137,0.6737723350524902,,,,,,,,,,,,3.0,0.0,1.5,0.0,0.0,0.0
dynamic,157,1789354335.471582413,1789354335.471415043,1789354320.388396978,unmatched_est_10,,unmatched_estimate,,10,0,0,2.675349712371826,-4.636791229248047,1.3440035581588745,0.0,0.0,0.0,0.5814714431762695,0.14426946640014648,0.4094587564468384,,,,,,,,,,,,3.0,0.0,1.5,0.0,0.0,0.0
dynamic,157,1789354335.471582413,1789354335.471415043,1789354320.388396978,unmatched_est_8,,unmatched_estimate,,8,1,0,1.8946369886398315,-2.22137713432312,1.5565991401672363,0.0,0.0,0.0,0.8502047061920166,0.5743799209594727,0.5085244178771973,,,,,,,,,,,,3.0,0.0,1.5,0.0,0.0,0.0
dynamic,157,1789354335.471582413,1789354335.471415043,1789354320.388396978,unmatched_est_11,,unmatched_estimate,,11,2,0,-2.4831206798553467,0.5703915953636169,1.4567928314208984,0.0,0.0,0.0,0.1417074203491211,0.6847484111785889,0.48088932037353516,,,,,,,,,,,,3.0,0.0,1.5,0.0,0.0,0.0
dynamic,157,1789354335.471582413,1789354335.471415043,1789354320.388396978,unmatched_est_5,,unmatched_estimate,,5,3,0,3.0369131565094065,0.025365320965648655,1.5375593900680542,1.0545921626945065e-13,2.7690029718294916e-14,0.0,0.17477011680603027,0.25255507230758667,0.06457877159118652,,,,,,,,,,,,3.0,0.0,1.5,0.0,0.0,0.0
dynamic,157,1789354335.471582413,1789354335.471415043,1789354320.388396978,unmatched_est_9,,unmatched_estimate,,9,4,0,2.51482892036438,-2.420341968536377,2.6510212421417236,0.0,0.0,0.0,0.9374685287475586,0.6193652153015137,0.6737723350524902,,,,,,,,,,,,3.0,0.0,1.5,0.0,0.0,0.0
dynamic,158,1789354335.571685314,1789354335.571449757,1789354320.388396978,unmatched_est_10,,unmatched_estimate,,10,0,0,2.675349712371826,-4.636791229248047,1.3440035581588745,0.0,0.0,0.0,0.5814714431762695,0.14426946640014648,0.4094587564468384,,,,,,,,,,,,3.0,0.0,1.5,0.0,0.0,0.0
dynamic,158,1789354335.571685314,1789354335.571449757,1789354320.388396978,unmatched_est_8,,unmatched_estimate,,8,1,0,1.8946369886398315,-2.22137713432312,1.5565991401672363,0.0,0.0,0.0,0.8502047061920166,0.5743799209594727,0.5085244178771973,,,,,,,,,,,,3.0,0.0,1.5,0.0,0.0,0.0
dynamic,158,1789354335.571685314,1789354335.571449757,1789354320.388396978,unmatched_est_11,,unmatched_estimate,,11,2,0,-2.4831206798553467,0.5703915953636169,1.4567928314208984,0.0,0.0,0.0,0.1417074203491211,0.6847484111785889,0.48088932037353516,,,,,,,,,,,,3.0,0.0,1.5,0.0,0.0,0.0
dynamic,158,1789354335.571685314,1789354335.571449757,1789354320.388396978,unmatched_est_5,,unmatched_estimate,,5,3,0,3.036913156509407,0.025365320965649356,1.5375593900680542,7.806606222214586e-14,2.613958992292352e-14,0.0,0.17477011680603027,0.25255507230758667,0.06457877159118652,,,,,,,,,,,,3.0,0.0,1.5,0.0,0.0,0.0
dynamic,158,1789354335.571685314,1789354335.571449757,1789354320.388396978,unmatched_est_9,,unmatched_estimate,,9,4,0,2.51482892036438,-2.420341968536377,2.6510212421417236,0.0,0.0,0.0,0.9374685287475586,0.6193652153015137,0.6737723350524902,,,,,,,,,,,,3.0,0.0,1.5,0.0,0.0,0.0
dynamic,159,1789354335.671516657,1789354335.671316624,1789354320.388396978,unmatched_est_10,,unmatched_estimate,,10,0,0,2.675349712371826,-4.636791229248047,1.3440035581588745,0.0,0.0,0.0,0.5814714431762695,0.14426946640014648,0.4094587564468384,,,,,,,,,,,,3.0,0.0,1.5,0.0,0.0,0.0
dynamic,159,1789354335.671516657,1789354335.671316624,1789354320.388396978,unmatched_est_8,,unmatched_estimate,,8,1,0,1.8946369886398315,-2.22137713432312,1.5565991401672363,0.0,0.0,0.0,0.8502047061920166,0.5743799209594727,0.5085244178771973,,,,,,,,,,,,3.0,0.0,1.5,0.0,0.0,0.0
dynamic,159,1789354335.671516657,1789354335.671316624,1789354320.388396978,unmatched_est_11,,unmatched_estimate,,11,2,0,-2.4831206798553467,0.5703915953636169,1.4567928314208984,0.0,0.0,0.0,0.1417074203491211,0.6847484111785889,0.48088932037353516,,,,,,,,,,,,3.0,0.0,1.5,0.0,0.0,0.0
dynamic,159,1789354335.671516657,1789354335.671316624,1789354320.388396978,unmatched_est_5,,unmatched_estimate,,5,3,0,3.0369131565094056,0.025365320965649498,1.5375593900680542,4.364117041126648e-14,1.9840981398717332e-14,0.0,0.17477011680603027,0.25255507230758667,0.06457877159118652,,,,,,,,,,,,3.0,0.0,1.5,0.0,0.0,0.0
dynamic,159,1789354335.671516657,1789354335.671316624,1789354320.388396978,unmatched_est_9,,unmatched_estimate,,9,4,0,2.51482892036438,-2.420341968536377,2.6510212421417236,0.0,0.0,0.0,0.9374685287475586,0.6193652153015137,0.6737723350524902,,,,,,,,,,,,3.0,0.0,1.5,0.0,0.0,0.0
dynamic,160,1789354335.771465778,1789354335.771305323,1789354320.388396978,unmatched_est_10,,unmatched_estimate,,10,0,0,2.675349712371826,-4.636791229248047,1.3440035581588745,0.0,0.0,0.0,0.5814714431762695,0.14426946640014648,0.4094587564468384,,,,,,,,,,,,3.0,0.0,1.5,0.0,0.0,0.0
dynamic,160,1789354335.771465778,1789354335.771305323,1789354320.388396978,unmatched_est_8,,unmatched_estimate,,8,1,0,1.8946369886398315,-2.22137713432312,1.5565991401672363,0.0,0.0,0.0,0.8502047061920166,0.5743799209594727,0.5085244178771973,,,,,,,,,,,,3.0,0.0,1.5,0.0,0.0,0.0
dynamic,160,1789354335.771465778,1789354335.771305323,1789354320.388396978,unmatched_est_11,,unmatched_estimate,,11,2,0,-2.4831206798553467,0.5703915953636169,1.4567928314208984,0.0,0.0,0.0,0.1417074203491211,0.6847484111785889,0.48088932037353516,,,,,,,,,,,,3.0,0.0,1.5,0.0,0.0,0.0
dynamic,160,1789354335.771465778,1789354335.771305323,1789354320.388396978,unmatched_est_5,,unmatched_estimate,,5,3,0,3.036913156509404,0.025365320965649234,1.5375593900680542,1.1479465704157868e-14,1.1593976380684184e-14,0.0,0.17477011680603027,0.25255507230758667,0.06457877159118652,,,,,,,,,,,,3.0,0.0,1.5,0.0,0.0,0.0
dynamic,160,1789354335.771465778,1789354335.771305323,1789354320.388396978,unmatched_est_9,,unmatched_estimate,,9,4,0,2.51482892036438,-2.420341968536377,2.6510212421417236,0.0,0.0,0.0,0.9374685287475586,0.6193652153015137,0.6737723350524902,,,,,,,,,,,,3.0,0.0,1.5,0.0,0.0,0.0
dynamic,161,1789354335.871996880,1789354335.871805191,1789354320.388396978,unmatched_est_10,,unmatched_estimate,,10,0,0,2.675349712371826,-4.636791229248047,1.3440035581588745,0.0,0.0,0.0,0.5814714431762695,0.14426946640014648,0.4094587564468384,,,,,,,,,,,,3.0,0.0,1.5,0.0,0.0,0.0
dynamic,161,1789354335.871996880,1789354335.871805191,1789354320.388396978,unmatched_est_8,,unmatched_estimate,,8,1,0,1.8946369886398315,-2.22137713432312,1.5565991401672363,0.0,0.0,0.0,0.8502047061920166,0.5743799209594727,0.5085244178771973,,,,,,,,,,,,3.0,0.0,1.5,0.0,0.0,0.0
dynamic,161,1789354335.871996880,1789354335.871805191,1789354320.388396978,unmatched_est_11,,unmatched_estimate,,11,2,0,-2.4831206798553467,0.5703915953636169,1.4567928314208984,0.0,0.0,0.0,0.1417074203491211,0.6847484111785889,0.48088932037353516,,,,,,,,,,,,3.0,0.0,1.5,0.0,0.0,0.0
dynamic,161,1789354335.871996880,1789354335.871805191,1789354320.388396978,unmatched_est_5,,unmatched_estimate,,5,3,0,3.0369131565094016,0.025365320965648745,1.5375593900680542,-1.2794114959926239e-14,3.686976456452151e-15,0.0,0.17477011680603027,0.25255507230758667,0.06457877159118652,,,,,,,,,,,,3.0,0.0,1.5,0.0,0.0,0.0
dynamic,161,1789354335.871996880,1789354335.871805191,1789354320.388396978,unmatched_est_9,,unmatched_estimate,,9,4,0,2.51482892036438,-2.420341968536377,2.6510212421417236,0.0,0.0,0.0,0.9374685287475586,0.6193652153015137,0.6737723350524902,,,,,,,,,,,,3.0,0.0,1.5,0.0,0.0,0.0
dynamic,162,1789354335.971959352,1789354335.971800566,1789354320.388396978,unmatched_est_10,,unmatched_estimate,,10,0,0,2.675349712371826,-4.636791229248047,1.3440035581588745,0.0,0.0,0.0,0.5814714431762695,0.14426946640014648,0.4094587564468384,,,,,,,,,,,,3.0,0.0,1.5,0.0,0.0,0.0
dynamic,162,1789354335.971959352,1789354335.971800566,1789354320.388396978,unmatched_est_8,,unmatched_estimate,,8,1,0,1.8946369886398315,-2.22137713432312,1.5565991401672363,0.0,0.0,0.0,0.8502047061920166,0.5743799209594727,0.5085244178771973,,,,,,,,,,,,3.0,0.0,1.5,0.0,0.0,0.0
dynamic,162,1789354335.971959352,1789354335.971800566,1789354320.388396978,unmatched_est_11,,unmatched_estimate,,11,2,0,-2.4831206798553467,0.5703915953636169,1.4567928314208984,0.0,0.0,0.0,0.1417074203491211,0.6847484111785889,0.48088932037353516,,,,,,,,,,,,3.0,0.0,1.5,0.0,0.0,0.0
dynamic,162,1789354335.971959352,1789354335.971800566,1789354320.388396978,unmatched_est_5,,unmatched_estimate,,5,3,0,3.0369131565093994,0.025365320965648204,1.5375593900680542,-2.657885143685484e-14,-2.40351995731967e-15,0.0,0.17477011680603027,0.25255507230758667,0.06457877159118652,,,,,,,,,,,,3.0,0.0,1.5,0.0,0.0,0.0
dynamic,162,1789354335.971959352,1789354335.971800566,1789354320.388396978,unmatched_est_9,,unmatched_estimate,,9,4,0,2.51482892036438,-2.420341968536377,2.6510212421417236,0.0,0.0,0.0,0.9374685287475586,0.6193652153015137,0.6737723350524902,,,,,,,,,,,,3.0,0.0,1.5,0.0,0.0,0.0
dynamic,163,1789354336.071960926,1789354336.071760654,1789354320.388396978,unmatched_est_10,,unmatched_estimate,,10,0,0,2.675349712371826,-4.636791229248047,1.3440035581588745,0.0,0.0,0.0,0.5814714431762695,0.14426946640014648,0.4094587564468384,,,,,,,,,,,,3.0,0.0,1.5,0.0,0.0,0.0
dynamic,163,1789354336.071960926,1789354336.071760654,1789354320.388396978,unmatched_est_8,,unmatched_estimate,,8,1,0,1.8946369886398315,-2.22137713432312,1.5565991401672363,0.0,0.0,0.0,0.8502047061920166,0.5743799209594727,0.5085244178771973,,,,,,,,,,,,3.0,0.0,1.5,0.0,0.0,0.0
dynamic,163,1789354336.071960926,1789354336.071760654,1789354320.388396978,unmatched_est_11,,unmatched_estimate,,11,2,0,-2.4831206798553467,0.5703915953636169,1.4567928314208984,0.0,0.0,0.0,0.1417074203491211,0.6847484111785889,0.48088932037353516,,,,,,,,,,,,3.0,0.0,1.5,0.0,0.0,0.0
dynamic,163,1789354336.071960926,1789354336.071760654,1789354320.388396978,unmatched_est_5,,unmatched_estimate,,5,3,0,3.036913156509398,0.025365320965647736,1.5375593900680542,-3.1028512984114106e-14,-6.0446063638159364e-15,0.0,0.17477011680603027,0.25255507230758667,0.06457877159118652,,,,,,,,,,,,3.0,0.0,1.5,0.0,0.0,0.0
dynamic,163,1789354336.071960926,1789354336.071760654,1789354320.388396978,unmatched_est_9,,unmatched_estimate,,9,4,0,2.51482892036438,-2.420341968536377,2.6510212421417236,0.0,0.0,0.0,0.9374685287475586,0.6193652153015137,0.6737723350524902,,,,,,,,,,,,3.0,0.0,1.5,0.0,0.0,0.0
dynamic,164,1789354336.171950340,1789354336.171745300,1789354320.388396978,unmatched_est_10,,unmatched_estimate,,10,0,0,2.675349712371826,-4.636791229248047,1.3440035581588745,0.0,0.0,0.0,0.5814714431762695,0.14426946640014648,0.4094587564468384,,,,,,,,,,,,3.0,0.0,1.5,0.0,0.0,0.0
dynamic,164,1789354336.171950340,1789354336.171745300,1789354320.388396978,unmatched_est_8,,unmatched_estimate,,8,1,0,1.8946369886398315,-2.22137713432312,1.5565991401672363,0.0,0.0,0.0,0.8502047061920166,0.5743799209594727,0.5085244178771973,,,,,,,,,,,,3.0,0.0,1.5,0.0,0.0,0.0
dynamic,164,1789354336.171950340,1789354336.171745300,1789354320.388396978,unmatched_est_11,,unmatched_estimate,,11,2,0,-2.4831206798553467,0.5703915953636169,1.4567928314208984,0.0,0.0,0.0,0.1417074203491211,0.6847484111785889,0.48088932037353516,,,,,,,,,,,,3.0,0.0,1.5,0.0,0.0,0.0
dynamic,164,1789354336.171950340,1789354336.171745300,1789354320.388396978,unmatched_est_5,,unmatched_estimate,,5,3,0,3.036913156509397,0.025365320965647413,1.5375593900680542,-2.7952419459049072e-14,-7.293441950954211e-15,0.0,0.17477011680603027,0.25255507230758667,0.06457877159118652,,,,,,,,,,,,3.0,0.0,1.5,0.0,0.0,0.0
dynamic,164,1789354336.171950340,1789354336.171745300,1789354320.388396978,unmatched_est_9,,unmatched_estimate,,9,4,0,2.51482892036438,-2.420341968536377,2.6510212421417236,0.0,0.0,0.0,0.9374685287475586,0.6193652153015137,0.6737723350524902,,,,,,,,,,,,3.0,0.0,1.5,0.0,0.0,0.0
dynamic,165,1789354336.271971703,1789354336.271794558,1789354320.388396978,unmatched_est_10,,unmatched_estimate,,10,0,0,2.675349712371826,-4.636791229248047,1.3440035581588745,0.0,0.0,0.0,0.5814714431762695,0.14426946640014648,0.4094587564468384,,,,,,,,,,,,3.0,0.0,1.5,0.0,0.0,0.0
dynamic,165,1789354336.271971703,1789354336.271794558,1789354320.388396978,unmatched_est_8,,unmatched_estimate,,8,1,0,1.8946369886398315,-2.22137713432312,1.5565991401672363,0.0,0.0,0.0,0.8502047061920166,0.5743799209594727,0.5085244178771973,,,,,,,,,,,,3.0,0.0,1.5,0.0,0.0,0.0
dynamic,165,1789354336.271971703,1789354336.271794558,1789354320.388396978,unmatched_est_11,,unmatched_estimate,,11,2,0,-2.4831206798553467,0.5703915953636169,1.4567928314208984,0.0,0.0,0.0,0.1417074203491211,0.6847484111785889,0.48088932037353516,,,,,,,,,,,,3.0,0.0,1.5,0.0,0.0,0.0
dynamic,165,1789354336.271971703,1789354336.271794558,1789354320.388396978,unmatched_est_5,,unmatched_estimate,,5,3,0,3.036913156509397,0.02536532096564725,1.5375593900680542,-2.0014838245808094e-14,-6.6733541192331044e-15,0.0,0.17477011680603027,0.25255507230758667,0.06457877159118652,,,,,,,,,,,,3.0,0.0,1.5,0.0,0.0,0.0
dynamic,165,1789354336.271971703,1789354336.271794558,1789354320.388396978,unmatched_est_9,,unmatched_estimate,,9,4,0,2.51482892036438,-2.420341968536377,2.6510212421417236,0.0,0.0,0.0,0.9374685287475586,0.6193652153015137,0.6737723350524902,,,,,,,,,,,,3.0,0.0,1.5,0.0,0.0,0.0
dynamic,166,1789354336.371461391,1789354336.371274471,1789354320.388396978,unmatched_est_10,,unmatched_estimate,,10,0,0,2.675349712371826,-4.636791229248047,1.3440035581588745,0.0,0.0,0.0,0.5814714431762695,0.14426946640014648,0.4094587564468384,,,,,,,,,,,,3.0,0.0,1.5,0.0,0.0,0.0
dynamic,166,1789354336.371461391,1789354336.371274471,1789354320.388396978,unmatched_est_8,,unmatched_estimate,,8,1,0,1.8946369886398315,-2.22137713432312,1.5565991401672363,0.0,0.0,0.0,0.8502047061920166,0.5743799209594727,0.5085244178771973,,,,,,,,,,,,3.0,0.0,1.5,0.0,0.0,0.0
dynamic,166,1789354336.371461391,1789354336.371274471,1789354320.388396978,unmatched_est_11,,unmatched_estimate,,11,2,0,-2.4831206798553467,0.5703915953636169,1.4567928314208984,0.0,0.0,0.0,0.1417074203491211,0.6847484111785889,0.48088932037353516,,,,,,,,,,,,3.0,0.0,1.5,0.0,0.0,0.0
dynamic,166,1789354336.371461391,1789354336.371274471,1789354320.388396978,unmatched_est_5,,unmatched_estimate,,5,3,0,3.0369131565093976,0.02536532096564723,1.5375593900680542,-1.0529891219304071e-14,-4.9126631022363606e-15,0.0,0.17477011680603027,0.25255507230758667,0.06457877159118652,,,,,,,,,,,,3.0,0.0,1.5,0.0,0.0,0.0
dynamic,166,1789354336.371461391,1789354336.371274471,1789354320.388396978,unmatched_est_9,,unmatched_estimate,,9,4,0,2.51482892036438,-2.420341968536377,2.6510212421417236,0.0,0.0,0.0,0.9374685287475586,0.6193652153015137,0.6737723350524902,,,,,,,,,,,,3.0,0.0,1.5,0.0,0.0,0.0
dynamic,167,1789354336.471502781,1789354336.471280336,1789354320.388396978,unmatched_est_10,,unmatched_estimate,,10,0,0,2.675349712371826,-4.636791229248047,1.3440035581588745,0.0,0.0,0.0,0.5814714431762695,0.14426946640014648,0.4094587564468384,,,,,,,,,,,,3.0,0.0,1.5,0.0,0.0,0.0
dynamic,167,1789354336.471502781,1789354336.471280336,1789354320.388396978,unmatched_est_8,,unmatched_estimate,,8,1,0,1.8946369886398315,-2.22137713432312,1.5565991401672363,0.0,0.0,0.0,0.8502047061920166,0.5743799209594727,0.5085244178771973,,,,,,,,,,,,3.0,0.0,1.5,0.0,0.0,0.0
dynamic,167,1789354336.471502781,1789354336.471280336,1789354320.388396978,unmatched_est_11,,unmatched_estimate,,11,2,0,-2.4831206798553467,0.5703915953636169,1.4567928314208984,0.0,0.0,0.0,0.1417074203491211,0.6847484111785889,0.48088932037353516,,,,,,,,,,,,3.0,0.0,1.5,0.0,0.0,0.0
dynamic,167,1789354336.471502781,1789354336.471280336,1789354320.388396978,unmatched_est_5,,unmatched_estimate,,5,3,0,3.0369131565093985,0.02536532096564731,1.5375593900680542,-1.71164337610399e-15,-2.7363529925029987e-15,0.0,0.17477011680603027,0.25255507230758667,0.06457877159118652,,,,,,,,,,,,3.0,0.0,1.5,0.0,0.0,0.0
dynamic,167,1789354336.471502781,1789354336.471280336,1789354320.388396978,unmatched_est_9,,unmatched_estimate,,9,4,0,2.51482892036438,-2.420341968536377,2.6510212421417236,0.0,0.0,0.0,0.9374685287475586,0.6193652153015137,0.6737723350524902,,,,,,,,,,,,3.0,0.0,1.5,0.0,0.0,0.0
dynamic,168,1789354336.571845531,1789354336.571699142,1789354320.388396978,unmatched_est_10,,unmatched_estimate,,10,0,0,2.675349712371826,-4.636791229248047,1.3440035581588745,0.0,0.0,0.0,0.5814714431762695,0.14426946640014648,0.4094587564468384,,,,,,,,,,,,3.0,0.0,1.5,0.0,0.0,0.0
dynamic,168,1789354336.571845531,1789354336.571699142,1789354320.388396978,unmatched_est_8,,unmatched_estimate,,8,1,0,1.8946369886398315,-2.22137713432312,1.5565991401672363,0.0,0.0,0.0,0.8502047061920166,0.5743799209594727,0.5085244178771973,,,,,,,,,,,,3.0,0.0,1.5,0.0,0.0,0.0
dynamic,168,1789354336.571845531,1789354336.571699142,1789354320.388396978,unmatched_est_11,,unmatched_estimate,,11,2,0,-2.4831206798553467,0.5703915953636169,1.4567928314208984,0.0,0.0,0.0,0.1417074203491211,0.6847484111785889,0.48088932037353516,,,,,,,,,,,,3.0,0.0,1.5,0.0,0.0,0.0
dynamic,168,1789354336.571845531,1789354336.571699142,1789354320.388396978,unmatched_est_5,,unmatched_estimate,,5,3,0,3.036913156509399,0.02536532096564744,1.5375593900680542,4.64858263108624e-15,-7.131277511683805e-16,0.0,0.17477011680603027,0.25255507230758667,0.06457877159118652,,,,,,,,,,,,3.0,0.0,1.5,0.0,0.0,0.0
dynamic,168,1789354336.571845531,1789354336.571699142,1789354320.388396978,unmatched_est_9,,unmatched_estimate,,9,4,0,2.51482892036438,-2.420341968536377,2.6510212421417236,0.0,0.0,0.0,0.9374685287475586,0.6193652153015137,0.6737723350524902,,,,,,,,,,,,3.0,0.0,1.5,0.0,0.0,0.0
dynamic,169,1789354336.671937466,1789354336.671708822,1789354320.388396978,unmatched_est_10,,unmatched_estimate,,10,0,0,2.675349712371826,-4.636791229248047,1.3440035581588745,0.0,0.0,0.0,0.5814714431762695,0.14426946640014648,0.4094587564468384,,,,,,,,,,,,3.0,0.0,1.5,0.0,0.0,0.0
dynamic,169,1789354336.671937466,1789354336.671708822,1789354320.388396978,unmatched_est_8,,unmatched_estimate,,8,1,0,1.8946369886398315,-2.22137713432312,1.5565991401672363,0.0,0.0,0.0,0.8502047061920166,0.5743799209594727,0.5085244178771973,,,,,,,,,,,,3.0,0.0,1.5,0.0,0.0,0.0
dynamic,169,1789354336.671937466,1789354336.671708822,1789354320.388396978,unmatched_est_11,,unmatched_estimate,,11,2,0,-2.4831206798553467,0.5703915953636169,1.4567928314208984,0.0,0.0,0.0,0.1417074203491211,0.6847484111785889,0.48088932037353516,,,,,,,,,,,,3.0,0.0,1.5,0.0,0.0,0.0
dynamic,169,1789354336.671937466,1789354336.671708822,1789354320.388396978,unmatched_est_5,,unmatched_estimate,,5,3,0,3.0369131565093994,0.025365320965647583,1.5375593900680542,8.133889376771982e-15,8.006312609897835e-16,0.0,0.17477011680603027,0.25255507230758667,0.06457877159118652,,,,,,,,,,,,3.0,0.0,1.5,0.0,0.0,0.0
dynamic,169,1789354336.671937466,1789354336.671708822,1789354320.388396978,unmatched_est_9,,unmatched_estimate,,9,4,0,2.51482892036438,-2.420341968536377,2.6510212421417236,0.0,0.0,0.0,0.9374685287475586,0.6193652153015137,0.6737723350524902,,,,,,,,,,,,3.0,0.0,1.5,0.0,0.0,0.0
dynamic,170,1789354336.771461964,1789354336.771265507,1789354320.388396978,unmatched_est_10,,unmatched_estimate,,10,0,0,2.675349712371826,-4.636791229248047,1.3440035581588745,0.0,0.0,0.0,0.5814714431762695,0.14426946640014648,0.4094587564468384,,,,,,,,,,,,3.0,0.0,1.5,0.0,0.0,0.0
dynamic,170,1789354336.771461964,1789354336.771265507,1789354320.388396978,unmatched_est_8,,unmatched_estimate,,8,1,0,1.8946369886398315,-2.22137713432312,1.5565991401672363,0.0,0.0,0.0,0.8502047061920166,0.5743799209594727,0.5085244178771973,,,,,,,,,,,,3.0,0.0,1.5,0.0,0.0,0.0
dynamic,170,1789354336.771461964,1789354336.771265507,1789354320.388396978,unmatched_est_11,,unmatched_estimate,,11,2,0,-2.4831206798553467,0.5703915953636169,1.4567928314208984,0.0,0.0,0.0,0.1417074203491211,0.6847484111785889,0.48088932037353516,,,,,,,,,,,,3.0,0.0,1.5,0.0,0.0,0.0
dynamic,170,1789354336.771461964,1789354336.771265507,1789354320.388396978,unmatched_est_5,,unmatched_estimate,,5,3,0,3.0369131565094,0.0253653209656477,1.5375593900680542,8.553676040290045e-15,1.6650885156931773e-15,0.0,0.17477011680603027,0.25255507230758667,0.06457877159118652,,,,,,,,,,,,3.0,0.0,1.5,0.0,0.0,0.0
dynamic,170,1789354336.771461964,1789354336.771265507,1789354320.388396978,unmatched_est_9,,unmatched_estimate,,9,4,0,2.51482892036438,-2.420341968536377,2.6510212421417236,0.0,0.0,0.0,0.9374685287475586,0.6193652153015137,0.6737723350524902,,,,,,,,,,,,3.0,0.0,1.5,0.0,0.0,0.0
dynamic,171,1789354336.871955872,1789354336.871730566,1789354320.388396978,unmatched_est_10,,unmatched_estimate,,10,0,0,2.675349712371826,-4.636791229248047,1.3440035581588745,0.0,0.0,0.0,0.5814714431762695,0.14426946640014648,0.4094587564468384,,,,,,,,,,,,3.0,0.0,1.5,0.0,0.0,0.0
dynamic,171,1789354336.871955872,1789354336.871730566,1789354320.388396978,unmatched_est_8,,unmatched_estimate,,8,1,0,1.8946369886398315,-2.22137713432312,1.5565991401672363,0.0,0.0,0.0,0.8502047061920166,0.5743799209594727,0.5085244178771973,,,,,,,,,,,,3.0,0.0,1.5,0.0,0.0,0.0
dynamic,171,1789354336.871955872,1789354336.871730566,1789354320.388396978,unmatched_est_11,,unmatched_estimate,,11,2,0,-2.4831206798553467,0.5703915953636169,1.4567928314208984,0.0,0.0,0.0,0.1417074203491211,0.6847484111785889,0.48088932037353516,,,,,,,,,,,,3.0,0.0,1.5,0.0,0.0,0.0
dynamic,171,1789354336.871955872,1789354336.871730566,1789354320.388396978,unmatched_est_5,,unmatched_estimate,,5,3,0,3.0369131565094,0.02536532096564778,1.5375593900680542,7.329414284786133e-15,1.91713230446988e-15,0.0,0.17477011680603027,0.25255507230758667,0.06457877159118652,,,,,,,,,,,,3.0,0.0,1.5,0.0,0.0,0.0
dynamic,171,1789354336.871955872,1789354336.871730566,1789354320.388396978,unmatched_est_9,,unmatched_estimate,,9,4,0,2.51482892036438,-2.420341968536377,2.6510212421417236,0.0,0.0,0.0,0.9374685287475586,0.6193652153015137,0.6737723350524902,,,,,,,,,,,,3.0,0.0,1.5,0.0,0.0,0.0
dynamic,172,1789354336.971658945,1789354336.971332788,1789354320.388396978,unmatched_est_10,,unmatched_estimate,,10,0,0,2.675349712371826,-4.636791229248047,1.3440035581588745,0.0,0.0,0.0,0.5814714431762695,0.14426946640014648,0.4094587564468384,,,,,,,,,,,,3.0,0.0,1.5,0.0,0.0,0.0
dynamic,172,1789354336.971658945,1789354336.971332788,1789354320.388396978,unmatched_est_8,,unmatched_estimate,,8,1,0,1.8946369886398315,-2.22137713432312,1.5565991401672363,0.0,0.0,0.0,0.8502047061920166,0.5743799209594727,0.5085244178771973,,,,,,,,,,,,3.0,0.0,1.5,0.0,0.0,0.0
dynamic,172,1789354336.971658945,1789354336.971332788,1789354320.388396978,unmatched_est_11,,unmatched_estimate,,11,2,0,-2.4831206798553467,0.5703915953636169,1.4567928314208984,0.0,0.0,0.0,0.1417074203491211,0.6847484111785889,0.48088932037353516,,,,,,,,,,,,3.0,0.0,1.5,0.0,0.0,0.0
dynamic,172,1789354336.971658945,1789354336.971332788,1789354320.388396978,unmatched_est_5,,unmatched_estimate,,5,3,0,3.0369131565094,0.02536532096564782,1.5375593900680542,5.1036852161106215e-15,1.7010270526103122e-15,0.0,0.17477011680603027,0.25255507230758667,0.06457877159118652,,,,,,,,,,,,3.0,0.0,1.5,0.0,0.0,0.0
dynamic,172,1789354336.971658945,1789354336.971332788,1789354320.388396978,unmatched_est_9,,unmatched_estimate,,9,4,0,2.51482892036438,-2.420341968536377,2.6510212421417236,0.0,0.0,0.0,0.9374685287475586,0.6193652153015137,0.6737723350524902,,,,,,,,,,,,3.0,0.0,1.5,0.0,0.0,0.0
dynamic,173,1789354337.071565628,1789354337.071308851,1789354320.388396978,unmatched_est_10,,unmatched_estimate,,10,0,0,2.675349712371826,-4.636791229248047,1.3440035581588745,0.0,0.0,0.0,0.5814714431762695,0.14426946640014648,0.4094587564468384,,,,,,,,,,,,3.0,0.0,1.5,0.0,0.0,0.0
dynamic,173,1789354337.071565628,1789354337.071308851,1789354320.388396978,unmatched_est_8,,unmatched_estimate,,8,1,0,1.8946369886398315,-2.22137713432312,1.5565991401672363,0.0,0.0,0.0,0.8502047061920166,0.5743799209594727,0.5085244178771973,,,,,,,,,,,,3.0,0.0,1.5,0.0,0.0,0.0
dynamic,173,1789354337.071565628,1789354337.071308851,1789354320.388396978,unmatched_est_11,,unmatched_estimate,,11,2,0,-2.4831206798553467,0.5703915953636169,1.4567928314208984,0.0,0.0,0.0,0.1417074203491211,0.6847484111785889,0.48088932037353516,,,,,,,,,,,,3.0,0.0,1.5,0.0,0.0,0.0
dynamic,173,1789354337.071565628,1789354337.071308851,1789354320.388396978,unmatched_est_5,,unmatched_estimate,,5,3,0,3.0369131565094,0.02536532096564782,1.5375593900680542,2.4771392473974895e-15,1.2136743782653352e-15,0.0,0.17477011680603027,0.25255507230758667,0.06457877159118652,,,,,,,,,,,,3.0,0.0,1.5,0.0,0.0,0.0
dynamic,173,1789354337.071565628,1789354337.071308851,1789354320.388396978,unmatched_est_9,,unmatched_estimate,,9,4,0,2.51482892036438,-2.420341968536377,2.6510212421417236,0.0,0.0,0.0,0.9374685287475586,0.6193652153015137,0.6737723350524902,,,,,,,,,,,,3.0,0.0,1.5,0.0,0.0,0.0
dynamic,174,1789354337.171563148,1789354337.171278715,1789354320.388396978,unmatched_est_10,,unmatched_estimate,,10,0,0,2.675349712371826,-4.636791229248047,1.3440035581588745,0.0,0.0,0.0,0.5814714431762695,0.14426946640014648,0.4094587564468384,,,,,,,,,,,,3.0,0.0,1.5,0.0,0.0,0.0
dynamic,174,1789354337.171563148,1789354337.171278715,1789354320.388396978,unmatched_est_8,,unmatched_estimate,,8,1,0,1.8946369886398315,-2.22137713432312,1.5565991401672363,0.0,0.0,0.0,0.8502047061920166,0.5743799209594727,0.5085244178771973,,,,,,,,,,,,3.0,0.0,1.5,0.0,0.0,0.0
dynamic,174,1789354337.171563148,1789354337.171278715,1789354320.388396978,unmatched_est_11,,unmatched_estimate,,11,2,0,-2.4831206798553467,0.5703915953636169,1.4567928314208984,0.0,0.0,0.0,0.1417074203491211,0.6847484111785889,0.48088932037353516,,,,,,,,,,,,3.0,0.0,1.5,0.0,0.0,0.0
dynamic,174,1789354337.171563148,1789354337.171278715,1789354320.388396978,unmatched_est_5,,unmatched_estimate,,5,3,0,3.0369131565094,0.025365320965647795,1.5375593900680542,3.2482687879847054e-16,6.394484540931443e-16,0.0,0.17477011680603027,0.25255507230758667,0.06457877159118652,,,,,,,,,,,,3.0,0.0,1.5,0.0,0.0,0.0
dynamic,174,1789354337.171563148,1789354337.171278715,1789354320.388396978,unmatched_est_9,,unmatched_estimate,,9,4,0,2.51482892036438,-2.420341968536377,2.6510212421417236,0.0,0.0,0.0,0.9374685287475586,0.6193652153015137,0.6737723350524902,,,,,,,,,,,,3.0,0.0,1.5,0.0,0.0,0.0
dynamic,175,1789354337.271506786,1789354337.271305323,1789354320.388396978,unmatched_est_10,,unmatched_estimate,,10,0,0,2.675349712371826,-4.636791229248047,1.3440035581588745,0.0,0.0,0.0,0.5814714431762695,0.14426946640014648,0.4094587564468384,,,,,,,,,,,,3.0,0.0,1.5,0.0,0.0,0.0
dynamic,175,1789354337.271506786,1789354337.271305323,1789354320.388396978,unmatched_est_8,,unmatched_estimate,,8,1,0,1.8946369886398315,-2.22137713432312,1.5565991401672363,0.0,0.0,0.0,0.8502047061920166,0.5743799209594727,0.5085244178771973,,,,,,,,,,,,3.0,0.0,1.5,0.0,0.0,0.0
dynamic,175,1789354337.271506786,1789354337.271305323,1789354320.388396978,unmatched_est_11,,unmatched_estimate,,11,2,0,-2.4831206798553467,0.5703915953636169,1.4567928314208984,0.0,0.0,0.0,0.1417074203491211,0.6847484111785889,0.48088932037353516,,,,,,,,,,,,3.0,0.0,1.5,0.0,0.0,0.0
dynamic,175,1789354337.271506786,1789354337.271305323,1789354320.388396978,unmatched_est_5,,unmatched_estimate,,5,3,0,3.0369131565093994,0.02536532096564776,1.5375593900680542,-1.1872901316582424e-15,1.2119404813679146e-16,0.0,0.17477011680603027,0.25255507230758667,0.06457877159118652,,,,,,,,,,,,3.0,0.0,1.5,0.0,0.0,0.0
dynamic,175,1789354337.271506786,1789354337.271305323,1789354320.388396978,unmatched_est_9,,unmatched_estimate,,9,4,0,2.51482892036438,-2.420341968536377,2.6510212421417236,0.0,0.0,0.0,0.9374685287475586,0.6193652153015137,0.6737723350524902,,,,,,,,,,,,3.0,0.0,1.5,0.0,0.0,0.0
dynamic,176,1789354337.371505260,1789354337.371286154,1789354320.388396978,unmatched_est_10,,unmatched_estimate,,10,0,0,2.675349712371826,-4.636791229248047,1.3440035581588745,0.0,0.0,0.0,0.5814714431762695,0.14426946640014648,0.4094587564468384,,,,,,,,,,,,3.0,0.0,1.5,0.0,0.0,0.0
dynamic,176,1789354337.371505260,1789354337.371286154,1789354320.388396978,unmatched_est_8,,unmatched_estimate,,8,1,0,1.8946369886398315,-2.22137713432312,1.5565991401672363,0.0,0.0,0.0,0.8502047061920166,0.5743799209594727,0.5085244178771973,,,,,,,,,,,,3.0,0.0,1.5,0.0,0.0,0.0
dynamic,176,1789354337.371505260,1789354337.371286154,1789354320.388396978,unmatched_est_11,,unmatched_estimate,,11,2,0,-2.4831206798553467,0.5703915953636169,1.4567928314208984,0.0,0.0,0.0,0.1417074203491211,0.6847484111785889,0.48088932037353516,,,,,,,,,,,,3.0,0.0,1.5,0.0,0.0,0.0
dynamic,176,1789354337.371505260,1789354337.371286154,1789354320.388396978,unmatched_est_5,,unmatched_estimate,,5,3,0,3.0369131565093994,0.025365320965647722,1.5375593900680542,-2.075765625673125e-15,-2.5312727385787e-16,0.0,0.17477011680603027,0.25255507230758667,0.06457877159118652,,,,,,,,,,,,3.0,0.0,1.5,0.0,0.0,0.0
dynamic,176,1789354337.371505260,1789354337.371286154,1789354320.388396978,unmatched_est_9,,unmatched_estimate,,9,4,0,2.51482892036438,-2.420341968536377,2.6510212421417236,0.0,0.0,0.0,0.9374685287475586,0.6193652153015137,0.6737723350524902,,,,,,,,,,,,3.0,0.0,1.5,0.0,0.0,0.0
dynamic,177,1789354337.471898317,1789354337.471643448,1789354320.388396978,unmatched_est_10,,unmatched_estimate,,10,0,0,2.675349712371826,-4.636791229248047,1.3440035581588745,0.0,0.0,0.0,0.5814714431762695,0.14426946640014648,0.4094587564468384,,,,,,,,,,,,3.0,0.0,1.5,0.0,0.0,0.0
dynamic,177,1789354337.471898317,1789354337.471643448,1789354320.388396978,unmatched_est_8,,unmatched_estimate,,8,1,0,1.8946369886398315,-2.22137713432312,1.5565991401672363,0.0,0.0,0.0,0.8502047061920166,0.5743799209594727,0.5085244178771973,,,,,,,,,,,,3.0,0.0,1.5,0.0,0.0,0.0
dynamic,177,1789354337.471898317,1789354337.471643448,1789354320.388396978,unmatched_est_11,,unmatched_estimate,,11,2,0,-2.4831206798553467,0.5703915953636169,1.4567928314208984,0.0,0.0,0.0,0.1417074203491211,0.6847484111785889,0.48088932037353516,,,,,,,,,,,,3.0,0.0,1.5,0.0,0.0,0.0
dynamic,177,1789354337.471898317,1789354337.471643448,1789354320.388396978,unmatched_est_5,,unmatched_estimate,,5,3,0,3.0369131565093994,0.025365320965647694,1.5375593900680542,-2.520817715976963e-15,-4.555739700354098e-16,0.0,0.17477011680603027,0.25255507230758667,0.06457877159118652,,,,,,,,,,,,3.0,0.0,1.5,0.0,0.0,0.0
dynamic,177,1789354337.471898317,1789354337.471643448,1789354320.388396978,unmatched_est_9,,unmatched_estimate,,9,4,0,2.51482892036438,-2.420341968536377,2.6510212421417236,0.0,0.0,0.0,0.9374685287475586,0.6193652153015137,0.6737723350524902,,,,,,,,,,,,3.0,0.0,1.5,0.0,0.0,0.0
dynamic,178,1789354337.571857214,1789354337.571602345,1789354320.388396978,unmatched_est_10,,unmatched_estimate,,10,0,0,2.675349712371826,-4.636791229248047,1.3440035581588745,0.0,0.0,0.0,0.5814714431762695,0.14426946640014648,0.4094587564468384,,,,,,,,,,,,3.0,0.0,1.5,0.0,0.0,0.0
dynamic,178,1789354337.571857214,1789354337.571602345,1789354320.388396978,unmatched_est_8,,unmatched_estimate,,8,1,0,1.8946369886398315,-2.22137713432312,1.5565991401672363,0.0,0.0,0.0,0.8502047061920166,0.5743799209594727,0.5085244178771973,,,,,,,,,,,,3.0,0.0,1.5,0.0,0.0,0.0
dynamic,178,1789354337.571857214,1789354337.571602345,1789354320.388396978,unmatched_est_11,,unmatched_estimate,,11,2,0,-2.4831206798553467,0.5703915953636169,1.4567928314208984,0.0,0.0,0.0,0.1417074203491211,0.6847484111785889,0.48088932037353516,,,,,,,,,,,,3.0,0.0,1.5,0.0,0.0,0.0
dynamic,178,1789354337.571857214,1789354337.571602345,1789354320.388396978,unmatched_est_5,,unmatched_estimate,,5,3,0,3.0369131565093994,0.025365320965647673,1.5375593900680542,-1.957560804068154e-15,-5.022235783999383e-16,0.0,0.17477011680603027,0.25255507230758667,0.06457877159118652,,,,,,,,,,,,3.0,0.0,1.5,0.0,0.0,0.0
dynamic,178,1789354337.571857214,1789354337.571602345,1789354320.388396978,unmatched_est_9,,unmatched_estimate,,9,4,0,2.51482892036438,-2.420341968536377,2.6510212421417236,0.0,0.0,0.0,0.9374685287475586,0.6193652153015137,0.6737723350524902,,,,,,,,,,,,3.0,0.0,1.5,0.0,0.0,0.0
dynamic,179,1789354337.672068834,1789354337.671819925,1789354320.388396978,unmatched_est_10,,unmatched_estimate,,10,0,0,2.675349712371826,-4.636791229248047,1.3440035581588745,0.0,0.0,0.0,0.5814714431762695,0.14426946640014648,0.4094587564468384,,,,,,,,,,,,3.0,0.0,1.5,0.0,0.0,0.0
dynamic,179,1789354337.672068834,1789354337.671819925,1789354320.388396978,unmatched_est_8,,unmatched_estimate,,8,1,0,1.8946369886398315,-2.22137713432312,1.5565991401672363,0.0,0.0,0.0,0.8502047061920166,0.5743799209594727,0.5085244178771973,,,,,,,,,,,,3.0,0.0,1.5,0.0,0.0,0.0
dynamic,179,1789354337.672068834,1789354337.671819925,1789354320.388396978,unmatched_est_11,,unmatched_estimate,,11,2,0,-2.4831206798553467,0.5703915953636169,1.4567928314208984,0.0,0.0,0.0,0.1417074203491211,0.6847484111785889,0.48088932037353516,,,,,,,,,,,,3.0,0.0,1.5,0.0,0.0,0.0
dynamic,179,1789354337.672068834,1789354337.671819925,1789354320.388396978,unmatched_est_5,,unmatched_estimate,,5,3,0,3.0369131565093994,0.025365320965647666,1.5375593900680542,-1.4255275366772415e-15,-4.311977318239493e-16,0.0,0.17477011680603027,0.25255507230758667,0.06457877159118652,,,,,,,,,,,,3.0,0.0,1.5,0.0,0.0,0.0
dynamic,179,1789354337.672068834,1789354337.671819925,1789354320.388396978,unmatched_est_9,,unmatched_estimate,,9,4,0,2.51482892036438,-2.420341968536377,2.6510212421417236,0.0,0.0,0.0,0.9374685287475586,0.6193652153015137,0.6737723350524902,,,,,,,,,,,,3.0,0.0,1.5,0.0,0.0,0.0
dynamic,180,1789354337.771912813,1789354337.771682739,1789354320.388396978,unmatched_est_10,,unmatched_estimate,,10,0,0,2.675349712371826,-4.636791229248047,1.3440035581588745,0.0,0.0,0.0,0.5814714431762695,0.14426946640014648,0.4094587564468384,,,,,,,,,,,,3.0,0.0,1.5,0.0,0.0,0.0
dynamic,180,1789354337.771912813,1789354337.771682739,1789354320.388396978,unmatched_est_8,,unmatched_estimate,,8,1,0,1.8946369886398315,-2.22137713432312,1.5565991401672363,0.0,0.0,0.0,0.8502047061920166,0.5743799209594727,0.5085244178771973,,,,,,,,,,,,3.0,0.0,1.5,0.0,0.0,0.0
dynamic,180,1789354337.771912813,1789354337.771682739,1789354320.388396978,unmatched_est_11,,unmatched_estimate,,11,2,0,-2.4831206798553467,0.5703915953636169,1.4567928314208984,0.0,0.0,0.0,0.1417074203491211,0.6847484111785889,0.48088932037353516,,,,,,,,,,,,3.0,0.0,1.5,0.0,0.0,0.0
dynamic,180,1789354337.771912813,1789354337.771682739,1789354320.388396978,unmatched_est_5,,unmatched_estimate,,5,3,0,3.0369131565093994,0.025365320965647666,1.5375593900680542,-8.869064010288116e-16,-2.993577561949275e-16,0.0,0.17477011680603027,0.25255507230758667,0.06457877159118652,,,,,,,,,,,,3.0,0.0,1.5,0.0,0.0,0.0
dynamic,180,1789354337.771912813,1789354337.771682739,1789354320.388396978,unmatched_est_9,,unmatched_estimate,,9,4,0,2.51482892036438,-2.420341968536377,2.6510212421417236,0.0,0.0,0.0,0.9374685287475586,0.6193652153015137,0.6737723350524902,,,,,,,,,,,,3.0,0.0,1.5,0.0,0.0,0.0
dynamic,181,1789354337.871893406,1789354337.871640205,1789354320.388396978,unmatched_est_10,,unmatched_estimate,,10,0,0,2.675349712371826,-4.636791229248047,1.3440035581588745,0.0,0.0,0.0,0.5814714431762695,0.14426946640014648,0.4094587564468384,,,,,,,,,,,,3.0,0.0,1.5,0.0,0.0,0.0
dynamic,181,1789354337.871893406,1789354337.871640205,1789354320.388396978,unmatched_est_8,,unmatched_estimate,,8,1,0,1.8946369886398315,-2.22137713432312,1.5565991401672363,0.0,0.0,0.0,0.8502047061920166,0.5743799209594727,0.5085244178771973,,,,,,,,,,,,3.0,0.0,1.5,0.0,0.0,0.0
dynamic,181,1789354337.871893406,1789354337.871640205,1789354320.388396978,unmatched_est_11,,unmatched_estimate,,11,2,0,-2.4831206798553467,0.5703915953636169,1.4567928314208984,0.0,0.0,0.0,0.1417074203491211,0.6847484111785889,0.48088932037353516,,,,,,,,,,,,3.0,0.0,1.5,0.0,0.0,0.0
dynamic,181,1789354337.871893406,1789354337.871640205,1789354320.388396978,unmatched_est_5,,unmatched_estimate,,5,3,0,3.0369131565093994,0.025365320965647673,1.5375593900680542,-4.4575496724896315e-16,-1.4758832816532056e-16,0.0,0.17477011680603027,0.25255507230758667,0.06457877159118652,,,,,,,,,,,,3.0,0.0,1.5,0.0,0.0,0.0
dynamic,181,1789354337.871893406,1789354337.871640205,1789354320.388396978,unmatched_est_9,,unmatched_estimate,,9,4,0,2.51482892036438,-2.420341968536377,2.6510212421417236,0.0,0.0,0.0,0.9374685287475586,0.6193652153015137,0.6737723350524902,,,,,,,,,,,,3.0,0.0,1.5,0.0,0.0,0.0
dynamic,182,1789354337.971920013,1789354337.971649408,1789354320.388396978,unmatched_est_10,,unmatched_estimate,,10,0,0,2.675349712371826,-4.636791229248047,1.3440035581588745,0.0,0.0,0.0,0.5814714431762695,0.14426946640014648,0.4094587564468384,,,,,,,,,,,,3.0,0.0,1.5,0.0,0.0,0.0
dynamic,182,1789354337.971920013,1789354337.971649408,1789354320.388396978,unmatched_est_8,,unmatched_estimate,,8,1,0,1.8946369886398315,-2.22137713432312,1.5565991401672363,0.0,0.0,0.0,0.8502047061920166,0.5743799209594727,0.5085244178771973,,,,,,,,,,,,3.0,0.0,1.5,0.0,0.0,0.0
dynamic,182,1789354337.971920013,1789354337.971649408,1789354320.388396978,unmatched_est_11,,unmatched_estimate,,11,2,0,-2.4831206798553467,0.5703915953636169,1.4567928314208984,0.0,0.0,0.0,0.1417074203491211,0.6847484111785889,0.48088932037353516,,,,,,,,,,,,3.0,0.0,1.5,0.0,0.0,0.0
dynamic,182,1789354337.971920013,1789354337.971649408,1789354320.388396978,unmatched_est_5,,unmatched_estimate,,5,3,0,3.0369131565093994,0.025365320965647684,1.5375593900680542,-1.1979277816060535e-16,-1.7472286473019506e-17,0.0,0.17477011680603027,0.25255507230758667,0.06457877159118652,,,,,,,,,,,,3.0,0.0,1.5,0.0,0.0,0.0
dynamic,182,1789354337.971920013,1789354337.971649408,1789354320.388396978,unmatched_est_9,,unmatched_estimate,,9,4,0,2.51482892036438,-2.420341968536377,2.6510212421417236,0.0,0.0,0.0,0.9374685287475586,0.6193652153015137,0.6737723350524902,,,,,,,,,,,,3.0,0.0,1.5,0.0,0.0,0.0
dynamic,183,1789354338.071919680,1789354338.071652174,1789354320.388396978,unmatched_est_10,,unmatched_estimate,,10,0,0,2.675349712371826,-4.636791229248047,1.3440035581588745,0.0,0.0,0.0,0.5814714431762695,0.14426946640014648,0.4094587564468384,,,,,,,,,,,,3.0,0.0,1.5,0.0,0.0,0.0
dynamic,183,1789354338.071919680,1789354338.071652174,1789354320.388396978,unmatched_est_8,,unmatched_estimate,,8,1,0,1.8946369886398315,-2.22137713432312,1.5565991401672363,0.0,0.0,0.0,0.8502047061920166,0.5743799209594727,0.5085244178771973,,,,,,,,,,,,3.0,0.0,1.5,0.0,0.0,0.0
dynamic,183,1789354338.071919680,1789354338.071652174,1789354320.388396978,unmatched_est_11,,unmatched_estimate,,11,2,0,-2.4831206798553467,0.5703915953636169,1.4567928314208984,0.0,0.0,0.0,0.1417074203491211,0.6847484111785889,0.48088932037353516,,,,,,,,,,,,3.0,0.0,1.5,0.0,0.0,0.0
dynamic,183,1789354338.071919680,1789354338.071652174,1789354320.388396978,unmatched_est_5,,unmatched_estimate,,5,3,0,3.0369131565093994,0.025365320965647694,1.5375593900680542,9.060194224406593e-17,7.513142093403339e-17,0.0,0.17477011680603027,0.25255507230758667,0.06457877159118652,,,,,,,,,,,,3.0,0.0,1.5,0.0,0.0,0.0
dynamic,183,1789354338.071919680,1789354338.071652174,1789354320.388396978,unmatched_est_9,,unmatched_estimate,,9,4,0,2.51482892036438,-2.420341968536377,2.6510212421417236,0.0,0.0,0.0,0.9374685287475586,0.6193652153015137,0.6737723350524902,,,,,,,,,,,,3.0,0.0,1.5,0.0,0.0,0.0
dynamic,184,1789354338.171950102,1789354338.171675920,1789354320.388396978,unmatched_est_10,,unmatched_estimate,,10,0,0,2.675349712371826,-4.636791229248047,1.3440035581588745,0.0,0.0,0.0,0.5814714431762695,0.14426946640014648,0.4094587564468384,,,,,,,,,,,,3.0,0.0,1.5,0.0,0.0,0.0
dynamic,184,1789354338.171950102,1789354338.171675920,1789354320.388396978,unmatched_est_8,,unmatched_estimate,,8,1,0,1.8946369886398315,-2.22137713432312,1.5565991401672363,0.0,0.0,0.0,0.8502047061920166,0.5743799209594727,0.5085244178771973,,,,,,,,,,,,3.0,0.0,1.5,0.0,0.0,0.0
dynamic,184,1789354338.171950102,1789354338.171675920,1789354320.388396978,unmatched_est_11,,unmatched_estimate,,11,2,0,-2.4831206798553467,0.5703915953636169,1.4567928314208984,0.0,0.0,0.0,0.1417074203491211,0.6847484111785889,0.48088932037353516,,,,,,,,,,,,3.0,0.0,1.5,0.0,0.0,0.0
dynamic,184,1789354338.171950102,1789354338.171675920,1789354320.388396978,unmatched_est_5,,unmatched_estimate,,5,3,0,3.0369131565093994,0.0253653209656477,1.5375593900680542,2.0291270051541402e-16,1.2220250993390525e-16,0.0,0.17477011680603027,0.25255507230758667,0.06457877159118652,,,,,,,,,,,,3.0,0.0,1.5,0.0,0.0,0.0
dynamic,184,1789354338.171950102,1789354338.171675920,1789354320.388396978,unmatched_est_9,,unmatched_estimate,,9,4,0,2.51482892036438,-2.420341968536377,2.6510212421417236,0.0,0.0,0.0,0.9374685287475586,0.6193652153015137,0.6737723350524902,,,,,,,,,,,,3.0,0.0,1.5,0.0,0.0,0.0
dynamic,185,1789354338.271823883,1789354338.271619081,1789354320.388396978,unmatched_est_10,,unmatched_estimate,,10,0,0,2.675349712371826,-4.636791229248047,1.3440035581588745,0.0,0.0,0.0,0.5814714431762695,0.14426946640014648,0.4094587564468384,,,,,,,,,,,,3.0,0.0,1.5,0.0,0.0,0.0
dynamic,185,1789354338.271823883,1789354338.271619081,1789354320.388396978,unmatched_est_8,,unmatched_estimate,,8,1,0,1.8946369886398315,-2.22137713432312,1.5565991401672363,0.0,0.0,0.0,0.8502047061920166,0.5743799209594727,0.5085244178771973,,,,,,,,,,,,3.0,0.0,1.5,0.0,0.0,0.0
dynamic,185,1789354338.271823883,1789354338.271619081,1789354320.388396978,unmatched_est_11,,unmatched_estimate,,11,2,0,-2.4831206798553467,0.5703915953636169,1.4567928314208984,0.0,0.0,0.0,0.1417074203491211,0.6847484111785889,0.48088932037353516,,,,,,,,,,,,3.0,0.0,1.5,0.0,0.0,0.0
dynamic,185,1789354338.271823883,1789354338.271619081,1789354320.388396978,unmatched_est_5,,unmatched_estimate,,5,3,0,3.0369131565093994,0.025365320965647704,1.5375593900680542,2.410562303052661e-16,1.2796355439601734e-16,0.0,0.17477011680603027,0.25255507230758667,0.06457877159118652,,,,,,,,,,,,3.0,0.0,1.5,0.0,0.0,0.0
dynamic,185,1789354338.271823883,1789354338.271619081,1789354320.388396978,unmatched_est_9,,unmatched_estimate,,9,4,0,2.51482892036438,-2.420341968536377,2.6510212421417236,0.0,0.0,0.0,0.9374685287475586,0.6193652153015137,0.6737723350524902,,,,,,,,,,,,3.0,0.0,1.5,0.0,0.0,0.0
dynamic,186,1789354338.372006416,1789354338.371727228,1789354320.388396978,unmatched_est_10,,unmatched_estimate,,10,0,0,2.675349712371826,-4.636791229248047,1.3440035581588745,0.0,0.0,0.0,0.5814714431762695,0.14426946640014648,0.4094587564468384,,,,,,,,,,,,3.0,0.0,1.5,0.0,0.0,0.0
dynamic,186,1789354338.372006416,1789354338.371727228,1789354320.388396978,unmatched_est_8,,unmatched_estimate,,8,1,0,1.8946369886398315,-2.22137713432312,1.5565991401672363,0.0,0.0,0.0,0.8502047061920166,0.5743799209594727,0.5085244178771973,,,,,,,,,,,,3.0,0.0,1.5,0.0,0.0,0.0
dynamic,186,1789354338.372006416,1789354338.371727228,1789354320.388396978,unmatched_est_11,,unmatched_estimate,,11,2,0,-2.4831206798553467,0.5703915953636169,1.4567928314208984,0.0,0.0,0.0,0.1417074203491211,0.6847484111785889,0.48088932037353516,,,,,,,,,,,,3.0,0.0,1.5,0.0,0.0,0.0
dynamic,186,1789354338.372006416,1789354338.371727228,1789354320.388396978,unmatched_est_5,,unmatched_estimate,,5,3,0,3.0369131565093994,0.025365320965647708,1.5375593900680542,2.2976220652593695e-16,1.0447020480885638e-16,0.0,0.17477011680603027,0.25255507230758667,0.06457877159118652,,,,,,,,,,,,3.0,0.0,1.5,0.0,0.0,0.0
dynamic,186,1789354338.372006416,1789354338.371727228,1789354320.388396978,unmatched_est_9,,unmatched_estimate,,9,4,0,2.51482892036438,-2.420341968536377,2.6510212421417236,0.0,0.0,0.0,0.9374685287475586,0.6193652153015137,0.6737723350524902,,,,,,,,,,,,3.0,0.0,1.5,0.0,0.0,0.0
dynamic,187,1789354338.471875429,1789354338.471624136,1789354320.388396978,unmatched_est_10,,unmatched_estimate,,10,0,0,2.675349712371826,-4.636791229248047,1.3440035581588745,0.0,0.0,0.0,0.5814714431762695,0.14426946640014648,0.4094587564468384,,,,,,,,,,,,3.0,0.0,1.5,0.0,0.0,0.0
dynamic,187,1789354338.471875429,1789354338.471624136,1789354320.388396978,unmatched_est_8,,unmatched_estimate,,8,1,0,1.8946369886398315,-2.22137713432312,1.5565991401672363,0.0,0.0,0.0,0.8502047061920166,0.5743799209594727,0.5085244178771973,,,,,,,,,,,,3.0,0.0,1.5,0.0,0.0,0.0
dynamic,187,1789354338.471875429,1789354338.471624136,1789354320.388396978,unmatched_est_11,,unmatched_estimate,,11,2,0,-2.4831206798553467,0.5703915953636169,1.4567928314208984,0.0,0.0,0.0,0.1417074203491211,0.6847484111785889,0.48088932037353516,,,,,,,,,,,,3.0,0.0,1.5,0.0,0.0,0.0
dynamic,187,1789354338.471875429,1789354338.471624136,1789354320.388396978,unmatched_est_5,,unmatched_estimate,,5,3,0,3.0369131565093994,0.025365320965647708,1.5375593900680542,1.9067797258785474e-16,6.703097099447264e-17,0.0,0.17477011680603027,0.25255507230758667,0.06457877159118652,,,,,,,,,,,,3.0,0.0,1.5,0.0,0.0,0.0
dynamic,187,1789354338.471875429,1789354338.471624136,1789354320.388396978,unmatched_est_9,,unmatched_estimate,,9,4,0,2.51482892036438,-2.420341968536377,2.6510212421417236,0.0,0.0,0.0,0.9374685287475586,0.6193652153015137,0.6737723350524902,,,,,,,,,,,,3.0,0.0,1.5,0.0,0.0,0.0
dynamic,188,1789354338.571991444,1789354338.571709871,1789354320.388396978,unmatched_est_10,,unmatched_estimate,,10,0,0,2.675349712371826,-4.636791229248047,1.3440035581588745,0.0,0.0,0.0,0.5814714431762695,0.14426946640014648,0.4094587564468384,,,,,,,,,,,,3.0,0.0,1.5,0.0,0.0,0.0
dynamic,188,1789354338.571991444,1789354338.571709871,1789354320.388396978,unmatched_est_8,,unmatched_estimate,,8,1,0,1.8946369886398315,-2.22137713432312,1.5565991401672363,0.0,0.0,0.0,0.8502047061920166,0.5743799209594727,0.5085244178771973,,,,,,,,,,,,3.0,0.0,1.5,0.0,0.0,0.0
dynamic,188,1789354338.571991444,1789354338.571709871,1789354320.388396978,unmatched_est_11,,unmatched_estimate,,11,2,0,-2.4831206798553467,0.5703915953636169,1.4567928314208984,0.0,0.0,0.0,0.1417074203491211,0.6847484111785889,0.48088932037353516,,,,,,,,,,,,3.0,0.0,1.5,0.0,0.0,0.0
dynamic,188,1789354338.571991444,1789354338.571709871,1789354320.388396978,unmatched_est_5,,unmatched_estimate,,5,3,0,3.0369131565093994,0.025365320965647704,1.5375593900680542,1.4058637042935024e-16,2.904284577066971e-17,0.0,0.17477011680603027,0.25255507230758667,0.06457877159118652,,,,,,,,,,,,3.0,0.0,1.5,0.0,0.0,0.0
dynamic,188,1789354338.571991444,1789354338.571709871,1789354320.388396978,unmatched_est_9,,unmatched_estimate,,9,4,0,2.51482892036438,-2.420341968536377,2.6510212421417236,0.0,0.0,0.0,0.9374685287475586,0.6193652153015137,0.6737723350524902,,,,,,,,,,,,3.0,0.0,1.5,0.0,0.0,0.0
dynamic,189,1789354338.671998739,1789354338.671721458,1789354320.388396978,unmatched_est_10,,unmatched_estimate,,10,0,0,2.675349712371826,-4.636791229248047,1.3440035581588745,0.0,0.0,0.0,0.5814714431762695,0.14426946640014648,0.4094587564468384,,,,,,,,,,,,3.0,0.0,1.5,0.0,0.0,0.0
dynamic,189,1789354338.671998739,1789354338.671721458,1789354320.388396978,unmatched_est_8,,unmatched_estimate,,8,1,0,1.8946369886398315,-2.22137713432312,1.5565991401672363,0.0,0.0,0.0,0.8502047061920166,0.5743799209594727,0.5085244178771973,,,,,,,,,,,,3.0,0.0,1.5,0.0,0.0,0.0
dynamic,189,1789354338.671998739,1789354338.671721458,1789354320.388396978,unmatched_est_11,,unmatched_estimate,,11,2,0,-2.4831206798553467,0.5703915953636169,1.4567928314208984,0.0,0.0,0.0,0.1417074203491211,0.6847484111785889,0.48088932037353516,,,,,,,,,,,,3.0,0.0,1.5,0.0,0.0,0.0
dynamic,189,1789354338.671998739,1789354338.671721458,1789354320.388396978,unmatched_est_5,,unmatched_estimate,,5,3,0,3.0369131565093994,0.0253653209656477,1.5375593900680542,9.101100646003173e-17,-5.334487947665475e-18,0.0,0.17477011680603027,0.25255507230758667,0.06457877159118652,,,,,,,,,,,,3.0,0.0,1.5,0.0,0.0,0.0
dynamic,189,1789354338.671998739,1789354338.671721458,1789354320.388396978,unmatched_est_9,,unmatched_estimate,,9,4,0,2.51482892036438,-2.420341968536377,2.6510212421417236,0.0,0.0,0.0,0.9374685287475586,0.6193652153015137,0.6737723350524902,,,,,,,,,,,,3.0,0.0,1.5,0.0,0.0,0.0
dynamic,190,1789354338.771852732,1789354338.771650791,1789354320.388396978,unmatched_est_10,,unmatched_estimate,,10,0,0,2.675349712371826,-4.636791229248047,1.3440035581588745,0.0,0.0,0.0,0.5814714431762695,0.14426946640014648,0.4094587564468384,,,,,,,,,,,,3.0,0.0,1.5,0.0,0.0,0.0
dynamic,190,1789354338.771852732,1789354338.771650791,1789354320.388396978,unmatched_est_8,,unmatched_estimate,,8,1,0,1.8946369886398315,-2.22137713432312,1.5565991401672363,0.0,0.0,0.0,0.8502047061920166,0.5743799209594727,0.5085244178771973,,,,,,,,,,,,3.0,0.0,1.5,0.0,0.0,0.0
dynamic,190,1789354338.771852732,1789354338.771650791,1789354320.388396978,unmatched_est_11,,unmatched_estimate,,11,2,0,-2.4831206798553467,0.5703915953636169,1.4567928314208984,0.0,0.0,0.0,0.1417074203491211,0.6847484111785889,0.48088932037353516,,,,,,,,,,,,3.0,0.0,1.5,0.0,0.0,0.0
dynamic,190,1789354338.771852732,1789354338.771650791,1789354320.388396978,unmatched_est_5,,unmatched_estimate,,5,3,0,3.0369131565093994,0.025365320965647697,1.5375593900680542,4.8727334897569984e-17,-2.9165103173851557e-17,0.0,0.17477011680603027,0.25255507230758667,0.06457877159118652,,,,,,,,,,,,3.0,0.0,1.5,0.0,0.0,0.0
dynamic,190,1789354338.771852732,1789354338.771650791,1789354320.388396978,unmatched_est_9,,unmatched_estimate,,9,4,0,2.51482892036438,-2.420341968536377,2.6510212421417236,0.0,0.0,0.0,0.9374685287475586,0.6193652153015137,0.6737723350524902,,,,,,,,,,,,3.0,0.0,1.5,0.0,0.0,0.0
dynamic,191,1789354338.871900558,1789354338.871711016,1789354320.388396978,unmatched_est_10,,unmatched_estimate,,10,0,0,2.675349712371826,-4.636791229248047,1.3440035581588745,0.0,0.0,0.0,0.5814714431762695,0.14426946640014648,0.4094587564468384,,,,,,,,,,,,3.0,0.0,1.5,0.0,0.0,0.0
dynamic,191,1789354338.871900558,1789354338.871711016,1789354320.388396978,unmatched_est_8,,unmatched_estimate,,8,1,0,1.8946369886398315,-2.22137713432312,1.5565991401672363,0.0,0.0,0.0,0.8502047061920166,0.5743799209594727,0.5085244178771973,,,,,,,,,,,,3.0,0.0,1.5,0.0,0.0,0.0
dynamic,191,1789354338.871900558,1789354338.871711016,1789354320.388396978,unmatched_est_11,,unmatched_estimate,,11,2,0,-2.4831206798553467,0.5703915953636169,1.4567928314208984,0.0,0.0,0.0,0.1417074203491211,0.6847484111785889,0.48088932037353516,,,,,,,,,,,,3.0,0.0,1.5,0.0,0.0,0.0
dynamic,191,1789354338.871900558,1789354338.871711016,1789354320.388396978,unmatched_est_5,,unmatched_estimate,,5,3,0,3.0369131565093994,0.025365320965647697,1.5375593900680542,1.6734359581469178e-17,-3.8521165901420646e-17,0.0,0.17477011680603027,0.25255507230758667,0.06457877159118652,,,,,,,,,,,,3.0,0.0,1.5,0.0,0.0,0.0
dynamic,191,1789354338.871900558,1789354338.871711016,1789354320.388396978,unmatched_est_9,,unmatched_estimate,,9,4,0,2.51482892036438,-2.420341968536377,2.6510212421417236,0.0,0.0,0.0,0.9374685287475586,0.6193652153015137,0.6737723350524902,,,,,,,,,,,,3.0,0.0,1.5,0.0,0.0,0.0
dynamic,192,1789354338.971891880,1789354338.971702337,1789354320.388396978,unmatched_est_10,,unmatched_estimate,,10,0,0,2.675349712371826,-4.636791229248047,1.3440035581588745,0.0,0.0,0.0,0.5814714431762695,0.14426946640014648,0.4094587564468384,,,,,,,,,,,,3.0,0.0,1.5,0.0,0.0,0.0
dynamic,192,1789354338.971891880,1789354338.971702337,1789354320.388396978,unmatched_est_8,,unmatched_estimate,,8,1,0,1.8946369886398315,-2.22137713432312,1.5565991401672363,0.0,0.0,0.0,0.8502047061920166,0.5743799209594727,0.5085244178771973,,,,,,,,,,,,3.0,0.0,1.5,0.0,0.0,0.0
dynamic,192,1789354338.971891880,1789354338.971702337,1789354320.388396978,unmatched_est_11,,unmatched_estimate,,11,2,0,-2.4831206798553467,0.5703915953636169,1.4567928314208984,0.0,0.0,0.0,0.1417074203491211,0.6847484111785889,0.48088932037353516,,,,,,,,,,,,3.0,0.0,1.5,0.0,0.0,0.0
dynamic,192,1789354338.971891880,1789354338.971702337,1789354320.388396978,unmatched_est_5,,unmatched_estimate,,5,3,0,3.0369131565093994,0.025365320965647697,1.5375593900680542,-4.63561924901339e-18,-3.720040635152474e-17,0.0,0.17477011680603027,0.25255507230758667,0.06457877159118652,,,,,,,,,,,,3.0,0.0,1.5,0.0,0.0,0.0
dynamic,192,1789354338.971891880,1789354338.971702337,1789354320.388396978,unmatched_est_9,,unmatched_estimate,,9,4,0,2.51482892036438,-2.420341968536377,2.6510212421417236,0.0,0.0,0.0,0.9374685287475586,0.6193652153015137,0.6737723350524902,,,,,,,,,,,,3.0,0.0,1.5,0.0,0.0,0.0
dynamic,193,1789354339.071970224,1789354339.071719408,1789354320.388396978,unmatched_est_10,,unmatched_estimate,,10,0,0,2.675349712371826,-4.636791229248047,1.3440035581588745,0.0,0.0,0.0,0.5814714431762695,0.14426946640014648,0.4094587564468384,,,,,,,,,,,,3.0,0.0,1.5,0.0,0.0,0.0
dynamic,193,1789354339.071970224,1789354339.071719408,1789354320.388396978,unmatched_est_8,,unmatched_estimate,,8,1,0,1.8946369886398315,-2.22137713432312,1.5565991401672363,0.0,0.0,0.0,0.8502047061920166,0.5743799209594727,0.5085244178771973,,,,,,,,,,,,3.0,0.0,1.5,0.0,0.0,0.0
dynamic,193,1789354339.071970224,1789354339.071719408,1789354320.388396978,unmatched_est_11,,unmatched_estimate,,11,2,0,-2.4831206798553467,0.5703915953636169,1.4567928314208984,0.0,0.0,0.0,0.1417074203491211,0.6847484111785889,0.48088932037353516,,,,,,,,,,,,3.0,0.0,1.5,0.0,0.0,0.0
dynamic,193,1789354339.071970224,1789354339.071719408,1789354320.388396978,unmatched_est_5,,unmatched_estimate,,5,3,0,3.0369131565093994,0.025365320965647697,1.5375593900680542,-1.6681849303242442e-17,-2.7932380699386146e-17,0.0,0.17477011680603027,0.25255507230758667,0.06457877159118652,,,,,,,,,,,,3.0,0.0,1.5,0.0,0.0,0.0
dynamic,193,1789354339.071970224,1789354339.071719408,1789354320.388396978,unmatched_est_9,,unmatched_estimate,,9,4,0,2.51482892036438,-2.420341968536377,2.6510212421417236,0.0,0.0,0.0,0.9374685287475586,0.6193652153015137,0.6737723350524902,,,,,,,,,,,,3.0,0.0,1.5,0.0,0.0,0.0
dynamic,194,1789354339.171901703,1789354339.171707869,1789354320.388396978,unmatched_est_10,,unmatched_estimate,,10,0,0,2.675349712371826,-4.636791229248047,1.3440035581588745,0.0,0.0,0.0,0.5814714431762695,0.14426946640014648,0.4094587564468384,,,,,,,,,,,,3.0,0.0,1.5,0.0,0.0,0.0
dynamic,194,1789354339.171901703,1789354339.171707869,1789354320.388396978,unmatched_est_8,,unmatched_estimate,,8,1,0,1.8946369886398315,-2.22137713432312,1.5565991401672363,0.0,0.0,0.0,0.8502047061920166,0.5743799209594727,0.5085244178771973,,,,,,,,,,,,3.0,0.0,1.5,0.0,0.0,0.0
dynamic,194,1789354339.171901703,1789354339.171707869,1789354320.388396978,unmatched_est_11,,unmatched_estimate,,11,2,0,-2.4831206798553467,0.5703915953636169,1.4567928314208984,0.0,0.0,0.0,0.1417074203491211,0.6847484111785889,0.48088932037353516,,,,,,,,,,,,3.0,0.0,1.5,0.0,0.0,0.0
dynamic,194,1789354339.171901703,1789354339.171707869,1789354320.388396978,unmatched_est_5,,unmatched_estimate,,5,3,0,3.0369131565093994,0.025365320965647697,1.5375593900680542,-2.149008648059973e-17,-1.8401399307080378e-17,0.0,0.17477011680603027,0.25255507230758667,0.06457877159118652,,,,,,,,,,,,3.0,0.0,1.5,0.0,0.0,0.0
dynamic,194,1789354339.171901703,1789354339.171707869,1789354320.388396978,unmatched_est_9,,unmatched_estimate,,9,4,0,2.51482892036438,-2.420341968536377,2.6510212421417236,0.0,0.0,0.0,0.9374685287475586,0.6193652153015137,0.6737723350524902,,,,,,,,,,,,3.0,0.0,1.5,0.0,0.0,0.0
dynamic,195,1789354339.271900654,1789354339.271725655,1789354320.388396978,unmatched_est_10,,unmatched_estimate,,10,0,0,2.675349712371826,-4.636791229248047,1.3440035581588745,0.0,0.0,0.0,0.5814714431762695,0.14426946640014648,0.4094587564468384,,,,,,,,,,,,3.0,0.0,1.5,0.0,0.0,0.0
dynamic,195,1789354339.271900654,1789354339.271725655,1789354320.388396978,unmatched_est_8,,unmatched_estimate,,8,1,0,1.8946369886398315,-2.22137713432312,1.5565991401672363,0.0,0.0,0.0,0.8502047061920166,0.5743799209594727,0.5085244178771973,,,,,,,,,,,,3.0,0.0,1.5,0.0,0.0,0.0
dynamic,195,1789354339.271900654,1789354339.271725655,1789354320.388396978,unmatched_est_11,,unmatched_estimate,,11,2,0,-2.4831206798553467,0.5703915953636169,1.4567928314208984,0.0,0.0,0.0,0.1417074203491211,0.6847484111785889,0.48088932037353516,,,,,,,,,,,,3.0,0.0,1.5,0.0,0.0,0.0
dynamic,195,1789354339.271900654,1789354339.271725655,1789354320.388396978,unmatched_est_5,,unmatched_estimate,,5,3,0,3.0369131565093994,0.025365320965647697,1.5375593900680542,-2.131960777852311e-17,-9.874621142234574e-18,0.0,0.17477011680603027,0.25255507230758667,0.06457877159118652,,,,,,,,,,,,3.0,0.0,1.5,0.0,0.0,0.0
dynamic,195,1789354339.271900654,1789354339.271725655,1789354320.388396978,unmatched_est_9,,unmatched_estimate,,9,4,0,2.51482892036438,-2.420341968536377,2.6510212421417236,0.0,0.0,0.0,0.9374685287475586,0.6193652153015137,0.6737723350524902,,,,,,,,,,,,3.0,0.0,1.5,0.0,0.0,0.0
dynamic,196,1789354339.372290611,1789354339.371926546,1789354320.388396978,unmatched_est_10,,unmatched_estimate,,10,0,0,2.675349712371826,-4.636791229248047,1.3440035581588745,0.0,0.0,0.0,0.5814714431762695,0.14426946640014648,0.4094587564468384,,,,,,,,,,,,3.0,0.0,1.5,0.0,0.0,0.0
dynamic,196,1789354339.372290611,1789354339.371926546,1789354320.388396978,unmatched_est_8,,unmatched_estimate,,8,1,0,1.8946369886398315,-2.22137713432312,1.5565991401672363,0.0,0.0,0.0,0.8502047061920166,0.5743799209594727,0.5085244178771973,,,,,,,,,,,,3.0,0.0,1.5,0.0,0.0,0.0
dynamic,196,1789354339.372290611,1789354339.371926546,1789354320.388396978,unmatched_est_11,,unmatched_estimate,,11,2,0,-2.4831206798553467,0.5703915953636169,1.4567928314208984,0.0,0.0,0.0,0.1417074203491211,0.6847484111785889,0.48088932037353516,,,,,,,,,,,,3.0,0.0,1.5,0.0,0.0,0.0
dynamic,196,1789354339.372290611,1789354339.371926546,1789354320.388396978,unmatched_est_5,,unmatched_estimate,,5,3,0,3.0369131565093994,0.025365320965647697,1.5375593900680542,-1.8214487844003783e-17,-3.8401897994332566e-18,0.0,0.17477011680603027,0.25255507230758667,0.06457877159118652,,,,,,,,,,,,3.0,0.0,1.5,0.0,0.0,0.0
dynamic,196,1789354339.372290611,1789354339.371926546,1789354320.388396978,unmatched_est_9,,unmatched_estimate,,9,4,0,2.51482892036438,-2.420341968536377,2.6510212421417236,0.0,0.0,0.0,0.9374685287475586,0.6193652153015137,0.6737723350524902,,,,,,,,,,,,3.0,0.0,1.5,0.0,0.0,0.0
dynamic,197,1789354339.471831322,1789354339.471662283,1789354320.388396978,unmatched_est_10,,unmatched_estimate,,10,0,0,2.675349712371826,-4.636791229248047,1.3440035581588745,0.0,0.0,0.0,0.5814714431762695,0.14426946640014648,0.4094587564468384,,,,,,,,,,,,3.0,0.0,1.5,0.0,0.0,0.0
dynamic,197,1789354339.471831322,1789354339.471662283,1789354320.388396978,unmatched_est_8,,unmatched_estimate,,8,1,0,1.8946369886398315,-2.22137713432312,1.5565991401672363,0.0,0.0,0.0,0.8502047061920166,0.5743799209594727,0.5085244178771973,,,,,,,,,,,,3.0,0.0,1.5,0.0,0.0,0.0
dynamic,197,1789354339.471831322,1789354339.471662283,1789354320.388396978,unmatched_est_11,,unmatched_estimate,,11,2,0,-2.4831206798553467,0.5703915953636169,1.4567928314208984,0.0,0.0,0.0,0.1417074203491211,0.6847484111785889,0.48088932037353516,,,,,,,,,,,,3.0,0.0,1.5,0.0,0.0,0.0
dynamic,197,1789354339.471831322,1789354339.471662283,1789354320.388396978,unmatched_est_5,,unmatched_estimate,,5,3,0,3.0369131565093994,0.025365320965647697,1.5375593900680542,-1.3802916364030872e-17,3.1260993213790504e-19,0.0,0.17477011680603027,0.25255507230758667,0.06457877159118652,,,,,,,,,,,,3.0,0.0,1.5,0.0,0.0,0.0
dynamic,197,1789354339.471831322,1789354339.471662283,1789354320.388396978,unmatched_est_9,,unmatched_estimate,,9,4,0,2.51482892036438,-2.420341968536377,2.6510212421417236,0.0,0.0,0.0,0.9374685287475586,0.6193652153015137,0.6737723350524902,,,,,,,,,,,,3.0,0.0,1.5,0.0,0.0,0.0
dynamic,198,1789354339.571983099,1789354339.571696997,1789354320.388396978,unmatched_est_10,,unmatched_estimate,,10,0,0,2.675349712371826,-4.636791229248047,1.3440035581588745,0.0,0.0,0.0,0.5814714431762695,0.14426946640014648,0.4094587564468384,,,,,,,,,,,,3.0,0.0,1.5,0.0,0.0,0.0
dynamic,198,1789354339.571983099,1789354339.571696997,1789354320.388396978,unmatched_est_8,,unmatched_estimate,,8,1,0,1.8946369886398315,-2.22137713432312,1.5565991401672363,0.0,0.0,0.0,0.8502047061920166,0.5743799209594727,0.5085244178771973,,,,,,,,,,,,3.0,0.0,1.5,0.0,0.0,0.0
dynamic,198,1789354339.571983099,1789354339.571696997,1789354320.388396978,unmatched_est_11,,unmatched_estimate,,11,2,0,-2.4831206798553467,0.5703915953636169,1.4567928314208984,0.0,0.0,0.0,0.1417074203491211,0.6847484111785889,0.48088932037353516,,,,,,,,,,,,3.0,0.0,1.5,0.0,0.0,0.0
dynamic,198,1789354339.571983099,1789354339.571696997,1789354320.388396978,unmatched_est_5,,unmatched_estimate,,5,3,0,3.0369131565093994,0.025365320965647697,1.5375593900680542,-9.236535846512153e-18,2.7186060670350425e-18,0.0,0.17477011680603027,0.25255507230758667,0.06457877159118652,,,,,,,,,,,,3.0,0.0,1.5,0.0,0.0,0.0
dynamic,198,1789354339.571983099,1789354339.571696997,1789354320.388396978,unmatched_est_9,,unmatched_estimate,,9,4,0,2.51482892036438,-2.420341968536377,2.6510212421417236,0.0,0.0,0.0,0.9374685287475586,0.6193652153015137,0.6737723350524902,,,,,,,,,,,,3.0,0.0,1.5,0.0,0.0,0.0
dynamic,199,1789354339.671954393,1789354339.671765804,1789354320.388396978,unmatched_est_10,,unmatched_estimate,,10,0,0,2.675349712371826,-4.636791229248047,1.3440035581588745,0.0,0.0,0.0,0.5814714431762695,0.14426946640014648,0.4094587564468384,,,,,,,,,,,,3.0,0.0,1.5,0.0,0.0,0.0
dynamic,199,1789354339.671954393,1789354339.671765804,1789354320.388396978,unmatched_est_8,,unmatched_estimate,,8,1,0,1.8946369886398315,-2.22137713432312,1.5565991401672363,0.0,0.0,0.0,0.8502047061920166,0.5743799209594727,0.5085244178771973,,,,,,,,,,,,3.0,0.0,1.5,0.0,0.0,0.0
dynamic,199,1789354339.671954393,1789354339.671765804,1789354320.388396978,unmatched_est_11,,unmatched_estimate,,11,2,0,-2.4831206798553467,0.5703915953636169,1.4567928314208984,0.0,0.0,0.0,0.1417074203491211,0.6847484111785889,0.48088932037353516,,,,,,,,,,,,3.0,0.0,1.5,0.0,0.0,0.0
dynamic,199,1789354339.671954393,1789354339.671765804,1789354320.388396978,unmatched_est_5,,unmatched_estimate,,5,3,0,3.0369131565093994,0.025365320965647697,1.5375593900680542,-5.221535160733307e-18,3.767013775657568e-18,0.0,0.17477011680603027,0.25255507230758667,0.06457877159118652,,,,,,,,,,,,3.0,0.0,1.5,0.0,0.0,0.0
dynamic,199,1789354339.671954393,1789354339.671765804,1789354320.388396978,unmatched_est_9,,unmatched_estimate,,9,4,0,2.51482892036438,-2.420341968536377,2.6510212421417236,0.0,0.0,0.0,0.9374685287475586,0.6193652153015137,0.6737723350524902,,,,,,,,,,,,3.0,0.0,1.5,0.0,0.0,0.0
dynamic,200,1789354339.772060394,1789354339.771840096,1789354320.388396978,unmatched_est_10,,unmatched_estimate,,10,0,0,2.675349712371826,-4.636791229248047,1.3440035581588745,0.0,0.0,0.0,0.5814714431762695,0.14426946640014648,0.4094587564468384,,,,,,,,,,,,3.0,0.0,1.5,0.0,0.0,0.0
dynamic,200,1789354339.772060394,1789354339.771840096,1789354320.388396978,unmatched_est_8,,unmatched_estimate,,8,1,0,1.8946369886398315,-2.22137713432312,1.5565991401672363,0.0,0.0,0.0,0.8502047061920166,0.5743799209594727,0.5085244178771973,,,,,,,,,,,,3.0,0.0,1.5,0.0,0.0,0.0
dynamic,200,1789354339.772060394,1789354339.771840096,1789354320.388396978,unmatched_est_11,,unmatched_estimate,,11,2,0,-2.4831206798553467,0.5703915953636169,1.4567928314208984,0.0,0.0,0.0,0.1417074203491211,0.6847484111785889,0.48088932037353516,,,,,,,,,,,,3.0,0.0,1.5,0.0,0.0,0.0
dynamic,200,1789354339.772060394,1789354339.771840096,1789354320.388396978,unmatched_est_5,,unmatched_estimate,,5,3,0,3.0369131565093994,0.025365320965647697,1.5375593900680542,-2.0998891129519165e-18,3.858523492674362e-18,0.0,0.17477011680603027,0.25255507230758667,0.06457877159118652,,,,,,,,,,,,3.0,0.0,1.5,0.0,0.0,0.0
dynamic,200,1789354339.772060394,1789354339.771840096,1789354320.388396978,unmatched_est_9,,unmatched_estimate,,9,4,0,2.51482892036438,-2.420341968536377,2.6510212421417236,0.0,0.0,0.0,0.9374685287475586,0.6193652153015137,0.6737723350524902,,,,,,,,,,,,3.0,0.0,1.5,0.0,0.0,0.0
dynamic,201,1789354339.871864080,1789354339.871679306,1789354320.388396978,unmatched_est_10,,unmatched_estimate,,10,0,0,2.675349712371826,-4.636791229248047,1.3440035581588745,0.0,0.0,0.0,0.5814714431762695,0.14426946640014648,0.4094587564468384,,,,,,,,,,,,3.0,0.0,1.5,0.0,0.0,0.0
dynamic,201,1789354339.871864080,1789354339.871679306,1789354320.388396978,unmatched_est_8,,unmatched_estimate,,8,1,0,1.8946369886398315,-2.22137713432312,1.5565991401672363,0.0,0.0,0.0,0.8502047061920166,0.5743799209594727,0.5085244178771973,,,,,,,,,,,,3.0,0.0,1.5,0.0,0.0,0.0
dynamic,201,1789354339.871864080,1789354339.871679306,1789354320.388396978,unmatched_est_11,,unmatched_estimate,,11,2,0,-2.4831206798553467,0.5703915953636169,1.4567928314208984,0.0,0.0,0.0,0.1417074203491211,0.6847484111785889,0.48088932037353516,,,,,,,,,,,,3.0,0.0,1.5,0.0,0.0,0.0
dynamic,201,1789354339.871864080,1789354339.871679306,1789354320.388396978,unmatched_est_5,,unmatched_estimate,,5,3,0,3.0369131565093994,0.025365320965647697,1.5375593900680542,5.104829522171312e-20,3.3693532306684682e-18,0.0,0.17477011680603027,0.25255507230758667,0.06457877159118652,,,,,,,,,,,,3.0,0.0,1.5,0.0,0.0,0.0
dynamic,201,1789354339.871864080,1789354339.871679306,1789354320.388396978,unmatched_est_9,,unmatched_estimate,,9,4,0,2.51482892036438,-2.420341968536377,2.6510212421417236,0.0,0.0,0.0,0.9374685287475586,0.6193652153015137,0.6737723350524902,,,,,,,,,,,,3.0,0.0,1.5,0.0,0.0,0.0
dynamic,202,1789354339.971772671,1789354339.971607924,1789354320.388396978,unmatched_est_10,,unmatched_estimate,,10,0,0,2.675349712371826,-4.636791229248047,1.3440035581588745,0.0,0.0,0.0,0.5814714431762695,0.14426946640014648,0.4094587564468384,,,,,,,,,,,,3.0,0.0,1.5,0.0,0.0,0.0
dynamic,202,1789354339.971772671,1789354339.971607924,1789354320.388396978,unmatched_est_8,,unmatched_estimate,,8,1,0,1.8946369886398315,-2.22137713432312,1.5565991401672363,0.0,0.0,0.0,0.8502047061920166,0.5743799209594727,0.5085244178771973,,,,,,,,,,,,3.0,0.0,1.5,0.0,0.0,0.0
dynamic,202,1789354339.971772671,1789354339.971607924,1789354320.388396978,unmatched_est_11,,unmatched_estimate,,11,2,0,-2.4831206798553467,0.5703915953636169,1.4567928314208984,0.0,0.0,0.0,0.1417074203491211,0.6847484111785889,0.48088932037353516,,,,,,,,,,,,3.0,0.0,1.5,0.0,0.0,0.0
dynamic,202,1789354339.971772671,1789354339.971607924,1789354320.388396978,unmatched_est_5,,unmatched_estimate,,5,3,0,3.0369131565093994,0.025365320965647697,1.5375593900680542,1.322075837207827e-18,2.6039015013429876e-18,0.0,0.17477011680603027,0.25255507230758667,0.06457877159118652,,,,,,,,,,,,3.0,0.0,1.5,0.0,0.0,0.0
dynamic,202,1789354339.971772671,1789354339.971607924,1789354320.388396978,unmatched_est_9,,unmatched_estimate,,9,4,0,2.51482892036438,-2.420341968536377,2.6510212421417236,0.0,0.0,0.0,0.9374685287475586,0.6193652153015137,0.6737723350524902,,,,,,,,,,,,3.0,0.0,1.5,0.0,0.0,0.0
dynamic,203,1789354340.071853876,1789354340.071655512,1789354320.388396978,unmatched_est_10,,unmatched_estimate,,10,0,0,2.675349712371826,-4.636791229248047,1.3440035581588745,0.0,0.0,0.0,0.5814714431762695,0.14426946640014648,0.4094587564468384,,,,,,,,,,,,3.0,0.0,1.5,0.0,0.0,0.0
dynamic,203,1789354340.071853876,1789354340.071655512,1789354320.388396978,unmatched_est_8,,unmatched_estimate,,8,1,0,1.8946369886398315,-2.22137713432312,1.5565991401672363,0.0,0.0,0.0,0.8502047061920166,0.5743799209594727,0.5085244178771973,,,,,,,,,,,,3.0,0.0,1.5,0.0,0.0,0.0
dynamic,203,1789354340.071853876,1789354340.071655512,1789354320.388396978,unmatched_est_11,,unmatched_estimate,,11,2,0,-2.4831206798553467,0.5703915953636169,1.4567928314208984,0.0,0.0,0.0,0.1417074203491211,0.6847484111785889,0.48088932037353516,,,,,,,,,,,,3.0,0.0,1.5,0.0,0.0,0.0
dynamic,203,1789354340.071853876,1789354340.071655512,1789354320.388396978,unmatched_est_5,,unmatched_estimate,,5,3,0,3.0369131565093994,0.025365320965647697,1.5375593900680542,1.891126030193337e-18,1.782152823623493e-18,0.0,0.17477011680603027,0.25255507230758667,0.06457877159118652,,,,,,,,,,,,3.0,0.0,1.5,0.0,0.0,0.0
dynamic,203,1789354340.071853876,1789354340.071655512,1789354320.388396978,unmatched_est_9,,unmatched_estimate,,9,4,0,2.51482892036438,-2.420341968536377,2.6510212421417236,0.0,0.0,0.0,0.9374685287475586,0.6193652153015137,0.6737723350524902,,,,,,,,,,,,3.0,0.0,1.5,0.0,0.0,0.0
dynamic,204,1789354340.171889782,1789354340.171702862,1789354320.388396978,unmatched_est_10,,unmatched_estimate,,10,0,0,2.675349712371826,-4.636791229248047,1.3440035581588745,0.0,0.0,0.0,0.5814714431762695,0.14426946640014648,0.4094587564468384,,,,,,,,,,,,3.0,0.0,1.5,0.0,0.0,0.0
dynamic,204,1789354340.171889782,1789354340.171702862,1789354320.388396978,unmatched_est_8,,unmatched_estimate,,8,1,0,1.8946369886398315,-2.22137713432312,1.5565991401672363,0.0,0.0,0.0,0.8502047061920166,0.5743799209594727,0.5085244178771973,,,,,,,,,,,,3.0,0.0,1.5,0.0,0.0,0.0
dynamic,204,1789354340.171889782,1789354340.171702862,1789354320.388396978,unmatched_est_11,,unmatched_estimate,,11,2,0,-2.4831206798553467,0.5703915953636169,1.4567928314208984,0.0,0.0,0.0,0.1417074203491211,0.6847484111785889,0.48088932037353516,,,,,,,,,,,,3.0,0.0,1.5,0.0,0.0,0.0
dynamic,204,1789354340.171889782,1789354340.171702862,1789354320.388396978,unmatched_est_5,,unmatched_estimate,,5,3,0,3.0369131565093994,0.025365320965647697,1.5375593900680542,1.962841972290718e-18,1.0427222910700576e-18,0.0,0.17477011680603027,0.25255507230758667,0.06457877159118652,,,,,,,,,,,,3.0,0.0,1.5,0.0,0.0,0.0
dynamic,204,1789354340.171889782,1789354340.171702862,1789354320.388396978,unmatched_est_9,,unmatched_estimate,,9,4,0,2.51482892036438,-2.420341968536377,2.6510212421417236,0.0,0.0,0.0,0.9374685287475586,0.6193652153015137,0.6737723350524902,,,,,,,,,,,,3.0,0.0,1.5,0.0,0.0,0.0
dynamic,205,1789354340.271851301,1789354340.271677494,1789354320.388396978,unmatched_est_10,,unmatched_estimate,,10,0,0,2.675349712371826,-4.636791229248047,1.3440035581588745,0.0,0.0,0.0,0.5814714431762695,0.14426946640014648,0.4094587564468384,,,,,,,,,,,,3.0,0.0,1.5,0.0,0.0,0.0
dynamic,205,1789354340.271851301,1789354340.271677494,1789354320.388396978,unmatched_est_8,,unmatched_estimate,,8,1,0,1.8946369886398315,-2.22137713432312,1.5565991401672363,0.0,0.0,0.0,0.8502047061920166,0.5743799209594727,0.5085244178771973,,,,,,,,,,,,3.0,0.0,1.5,0.0,0.0,0.0
dynamic,205,1789354340.271851301,1789354340.271677494,1789354320.388396978,unmatched_est_11,,unmatched_estimate,,11,2,0,-2.4831206798553467,0.5703915953636169,1.4567928314208984,0.0,0.0,0.0,0.1417074203491211,0.6847484111785889,0.48088932037353516,,,,,,,,,,,,3.0,0.0,1.5,0.0,0.0,0.0
dynamic,205,1789354340.271851301,1789354340.271677494,1789354320.388396978,unmatched_est_5,,unmatched_estimate,,5,3,0,3.0369131565093994,0.025365320965647697,1.5375593900680542,1.7289067962096101e-18,4.563935997020646e-19,0.0,0.17477011680603027,0.25255507230758667,0.06457877159118652,,,,,,,,,,,,3.0,0.0,1.5,0.0,0.0,0.0
dynamic,205,1789354340.271851301,1789354340.271677494,1789354320.388396978,unmatched_est_9,,unmatched_estimate,,9,4,0,2.51482892036438,-2.420341968536377,2.6510212421417236,0.0,0.0,0.0,0.9374685287475586,0.6193652153015137,0.6737723350524902,,,,,,,,,,,,3.0,0.0,1.5,0.0,0.0,0.0
dynamic,206,1789354340.371923685,1789354340.371723175,1789354320.388396978,unmatched_est_10,,unmatched_estimate,,10,0,0,2.675349712371826,-4.636791229248047,1.3440035581588745,0.0,0.0,0.0,0.5814714431762695,0.14426946640014648,0.4094587564468384,,,,,,,,,,,,3.0,0.0,1.5,0.0,0.0,0.0
dynamic,206,1789354340.371923685,1789354340.371723175,1789354320.388396978,unmatched_est_8,,unmatched_estimate,,8,1,0,1.8946369886398315,-2.22137713432312,1.5565991401672363,0.0,0.0,0.0,0.8502047061920166,0.5743799209594727,0.5085244178771973,,,,,,,,,,,,3.0,0.0,1.5,0.0,0.0,0.0
dynamic,206,1789354340.371923685,1789354340.371723175,1789354320.388396978,unmatched_est_11,,unmatched_estimate,,11,2,0,-2.4831206798553467,0.5703915953636169,1.4567928314208984,0.0,0.0,0.0,0.1417074203491211,0.6847484111785889,0.48088932037353516,,,,,,,,,,,,3.0,0.0,1.5,0.0,0.0,0.0
dynamic,206,1789354340.371923685,1789354340.371723175,1789354320.388396978,unmatched_est_5,,unmatched_estimate,,5,3,0,3.0369131565093994,0.025365320965647697,1.5375593900680542,1.3462949637267988e-18,4.36575302350701e-20,0.0,0.17477011680603027,0.25255507230758667,0.06457877159118652,,,,,,,,,,,,3.0,0.0,1.5,0.0,0.0,0.0
dynamic,206,1789354340.371923685,1789354340.371723175,1789354320.388396978,unmatched_est_9,,unmatched_estimate,,9,4,0,2.51482892036438,-2.420341968536377,2.6510212421417236,0.0,0.0,0.0,0.9374685287475586,0.6193652153015137,0.6737723350524902,,,,,,,,,,,,3.0,0.0,1.5,0.0,0.0,0.0
dynamic,207,1789354340.471900225,1789354340.471710205,1789354320.388396978,unmatched_est_10,,unmatched_estimate,,10,0,0,2.675349712371826,-4.636791229248047,1.3440035581588745,0.0,0.0,0.0,0.5814714431762695,0.14426946640014648,0.4094587564468384,,,,,,,,,,,,3.0,0.0,1.5,0.0,0.0,0.0
dynamic,207,1789354340.471900225,1789354340.471710205,1789354320.388396978,unmatched_est_8,,unmatched_estimate,,8,1,0,1.8946369886398315,-2.22137713432312,1.5565991401672363,0.0,0.0,0.0,0.8502047061920166,0.5743799209594727,0.5085244178771973,,,,,,,,,,,,3.0,0.0,1.5,0.0,0.0,0.0
dynamic,207,1789354340.471900225,1789354340.471710205,1789354320.388396978,unmatched_est_11,,unmatched_estimate,,11,2,0,-2.4831206798553467,0.5703915953636169,1.4567928314208984,0.0,0.0,0.0,0.1417074203491211,0.6847484111785889,0.48088932037353516,,,,,,,,,,,,3.0,0.0,1.5,0.0,0.0,0.0
dynamic,207,1789354340.471900225,1789354340.471710205,1789354320.388396978,unmatched_est_5,,unmatched_estimate,,5,3,0,3.0369131565093994,0.025365320965647697,1.5375593900680542,9.2923809406328e-19,-2.0776683728607047e-19,0.0,0.17477011680603027,0.25255507230758667,0.06457877159118652,,,,,,,,,,,,3.0,0.0,1.5,0.0,0.0,0.0
dynamic,207,1789354340.471900225,1789354340.471710205,1789354320.388396978,unmatched_est_9,,unmatched_estimate,,9,4,0,2.51482892036438,-2.420341968536377,2.6510212421417236,0.0,0.0,0.0,0.9374685287475586,0.6193652153015137,0.6737723350524902,,,,,,,,,,,,3.0,0.0,1.5,0.0,0.0,0.0
dynamic,208,1789354340.571887255,1789354340.571677208,1789354320.388396978,unmatched_est_10,,unmatched_estimate,,10,0,0,2.675349712371826,-4.636791229248047,1.3440035581588745,0.0,0.0,0.0,0.5814714431762695,0.14426946640014648,0.4094587564468384,,,,,,,,,,,,3.0,0.0,1.5,0.0,0.0,0.0
dynamic,208,1789354340.571887255,1789354340.571677208,1789354320.388396978,unmatched_est_8,,unmatched_estimate,,8,1,0,1.8946369886398315,-2.22137713432312,1.5565991401672363,0.0,0.0,0.0,0.8502047061920166,0.5743799209594727,0.5085244178771973,,,,,,,,,,,,3.0,0.0,1.5,0.0,0.0,0.0
dynamic,208,1789354340.571887255,1789354340.571677208,1789354320.388396978,unmatched_est_11,,unmatched_estimate,,11,2,0,-2.4831206798553467,0.5703915953636169,1.4567928314208984,0.0,0.0,0.0,0.1417074203491211,0.6847484111785889,0.48088932037353516,,,,,,,,,,,,3.0,0.0,1.5,0.0,0.0,0.0
dynamic,208,1789354340.571887255,1789354340.571677208,1789354320.388396978,unmatched_est_5,,unmatched_estimate,,5,3,0,3.0369131565093994,0.025365320965647697,1.5375593900680542,5.504727848783853e-19,-3.279055794103005e-19,0.0,0.17477011680603027,0.25255507230758667,0.06457877159118652,,,,,,,,,,,,3.0,0.0,1.5,0.0,0.0,0.0
dynamic,208,1789354340.571887255,1789354340.571677208,1789354320.388396978,unmatched_est_9,,unmatched_estimate,,9,4,0,2.51482892036438,-2.420341968536377,2.6510212421417236,0.0,0.0,0.0,0.9374685287475586,0.6193652153015137,0.6737723350524902,,,,,,,,,,,,3.0,0.0,1.5,0.0,0.0,0.0
dynamic,209,1789354340.671924591,1789354340.671661854,1789354320.388396978,unmatched_est_10,,unmatched_estimate,,10,0,0,2.675349712371826,-4.636791229248047,1.3440035581588745,0.0,0.0,0.0,0.5814714431762695,0.14426946640014648,0.4094587564468384,,,,,,,,,,,,3.0,0.0,1.5,0.0,0.0,0.0
dynamic,209,1789354340.671924591,1789354340.671661854,1789354320.388396978,unmatched_est_8,,unmatched_estimate,,8,1,0,1.8946369886398315,-2.22137713432312,1.5565991401672363,0.0,0.0,0.0,0.8502047061920166,0.5743799209594727,0.5085244178771973,,,,,,,,,,,,3.0,0.0,1.5,0.0,0.0,0.0
dynamic,209,1789354340.671924591,1789354340.671661854,1789354320.388396978,unmatched_est_11,,unmatched_estimate,,11,2,0,-2.4831206798553467,0.5703915953636169,1.4567928314208984,0.0,0.0,0.0,0.1417074203491211,0.6847484111785889,0.48088932037353516,,,,,,,,,,,,3.0,0.0,1.5,0.0,0.0,0.0
dynamic,209,1789354340.671924591,1789354340.671661854,1789354320.388396978,unmatched_est_5,,unmatched_estimate,,5,3,0,3.0369131565093994,0.025365320965647697,1.5375593900680542,2.478285561372918e-19,-3.530994219812831e-19,0.0,0.17477011680603027,0.25255507230758667,0.06457877159118652,,,,,,,,,,,,3.0,0.0,1.5,0.0,0.0,0.0
dynamic,209,1789354340.671924591,1789354340.671661854,1789354320.388396978,unmatched_est_9,,unmatched_estimate,,9,4,0,2.51482892036438,-2.420341968536377,2.6510212421417236,0.0,0.0,0.0,0.9374685287475586,0.6193652153015137,0.6737723350524902,,,,,,,,,,,,3.0,0.0,1.5,0.0,0.0,0.0
dynamic,210,1789354340.771950245,1789354340.771737814,1789354320.388396978,unmatched_est_10,,unmatched_estimate,,10,0,0,2.675349712371826,-4.636791229248047,1.3440035581588745,0.0,0.0,0.0,0.5814714431762695,0.14426946640014648,0.4094587564468384,,,,,,,,,,,,3.0,0.0,1.5,0.0,0.0,0.0
dynamic,210,1789354340.771950245,1789354340.771737814,1789354320.388396978,unmatched_est_8,,unmatched_estimate,,8,1,0,1.8946369886398315,-2.22137713432312,1.5565991401672363,0.0,0.0,0.0,0.8502047061920166,0.5743799209594727,0.5085244178771973,,,,,,,,,,,,3.0,0.0,1.5,0.0,0.0,0.0
dynamic,210,1789354340.771950245,1789354340.771737814,1789354320.388396978,unmatched_est_11,,unmatched_estimate,,11,2,0,-2.4831206798553467,0.5703915953636169,1.4567928314208984,0.0,0.0,0.0,0.1417074203491211,0.6847484111785889,0.48088932037353516,,,,,,,,,,,,3.0,0.0,1.5,0.0,0.0,0.0
dynamic,210,1789354340.771950245,1789354340.771737814,1789354320.388396978,unmatched_est_5,,unmatched_estimate,,5,3,0,3.0369131565093994,0.025365320965647697,1.5375593900680542,3.306102139877119e-20,-3.1832146904259483e-19,0.0,0.17477011680603027,0.25255507230758667,0.06457877159118652,,,,,,,,,,,,3.0,0.0,1.5,0.0,0.0,0.0
dynamic,210,1789354340.771950245,1789354340.771737814,1789354320.388396978,unmatched_est_9,,unmatched_estimate,,9,4,0,2.51482892036438,-2.420341968536377,2.6510212421417236,0.0,0.0,0.0,0.9374685287475586,0.6193652153015137,0.6737723350524902,,,,,,,,,,,,3.0,0.0,1.5,0.0,0.0,0.0
dynamic,211,1789354340.871875525,1789354340.871674538,1789354320.388396978,unmatched_est_10,,unmatched_estimate,,10,0,0,2.675349712371826,-4.636791229248047,1.3440035581588745,0.0,0.0,0.0,0.5814714431762695,0.14426946640014648,0.4094587564468384,,,,,,,,,,,,3.0,0.0,1.5,0.0,0.0,0.0
dynamic,211,1789354340.871875525,1789354340.871674538,1789354320.388396978,unmatched_est_8,,unmatched_estimate,,8,1,0,1.8946369886398315,-2.22137713432312,1.5565991401672363,0.0,0.0,0.0,0.8502047061920166,0.5743799209594727,0.5085244178771973,,,,,,,,,,,,3.0,0.0,1.5,0.0,0.0,0.0
dynamic,211,1789354340.871875525,1789354340.871674538,1789354320.388396978,unmatched_est_11,,unmatched_estimate,,11,2,0,-2.4831206798553467,0.5703915953636169,1.4567928314208984,0.0,0.0,0.0,0.1417074203491211,0.6847484111785889,0.48088932037353516,,,,,,,,,,,,3.0,0.0,1.5,0.0,0.0,0.0
dynamic,211,1789354340.871875525,1789354340.871674538,1789354320.388396978,unmatched_est_5,,unmatched_estimate,,5,3,0,3.0369131565093994,0.025365320965647697,1.5375593900680542,-9.922523136550475e-20,-2.528045831451184e-19,0.0,0.17477011680603027,0.25255507230758667,0.06457877159118652,,,,,,,,,,,,3.0,0.0,1.5,0.0,0.0,0.0
dynamic,211,1789354340.871875525,1789354340.871674538,1789354320.388396978,unmatched_est_9,,unmatched_estimate,,9,4,0,2.51482892036438,-2.420341968536377,2.6510212421417236,0.0,0.0,0.0,0.9374685287475586,0.6193652153015137,0.6737723350524902,,,,,,,,,,,,3.0,0.0,1.5,0.0,0.0,0.0
dynamic,212,1789354340.972039223,1789354340.971674204,1789354320.388396978,unmatched_est_10,,unmatched_estimate,,10,0,0,2.675349712371826,-4.636791229248047,1.3440035581588745,0.0,0.0,0.0,0.5814714431762695,0.14426946640014648,0.4094587564468384,,,,,,,,,,,,3.0,0.0,1.5,0.0,0.0,0.0
dynamic,212,1789354340.972039223,1789354340.971674204,1789354320.388396978,unmatched_est_8,,unmatched_estimate,,8,1,0,1.8946369886398315,-2.22137713432312,1.5565991401672363,0.0,0.0,0.0,0.8502047061920166,0.5743799209594727,0.5085244178771973,,,,,,,,,,,,3.0,0.0,1.5,0.0,0.0,0.0
dynamic,212,1789354340.972039223,1789354340.971674204,1789354320.388396978,unmatched_est_11,,unmatched_estimate,,11,2,0,-2.4831206798553467,0.5703915953636169,1.4567928314208984,0.0,0.0,0.0,0.1417074203491211,0.6847484111785889,0.48088932037353516,,,,,,,,,,,,3.0,0.0,1.5,0.0,0.0,0.0
dynamic,212,1789354340.972039223,1789354340.971674204,1789354320.388396978,unmatched_est_5,,unmatched_estimate,,5,3,0,3.0369131565093994,0.025365320965647697,1.5375593900680542,-1.638576309404746e-19,-1.7825167834912988e-19,0.0,0.17477011680603027,0.25255507230758667,0.06457877159118652,,,,,,,,,,,,3.0,0.0,1.5,0.0,0.0,0.0
dynamic,212,1789354340.972039223,1789354340.971674204,1789354320.388396978,unmatched_est_9,,unmatched_estimate,,9,4,0,2.51482892036438,-2.420341968536377,2.6510212421417236,0.0,0.0,0.0,0.9374685287475586,0.6193652153015137,0.6737723350524902,,,,,,,,,,,,3.0,0.0,1.5,0.0,0.0,0.0
dynamic,213,1789354341.071950197,1789354341.071646452,1789354320.388396978,unmatched_est_10,,unmatched_estimate,,10,0,0,2.675349712371826,-4.636791229248047,1.3440035581588745,0.0,0.0,0.0,0.5814714431762695,0.14426946640014648,0.4094587564468384,,,,,,,,,,,,3.0,0.0,1.5,0.0,0.0,0.0
dynamic,213,1789354341.071950197,1789354341.071646452,1789354320.388396978,unmatched_est_8,,unmatched_estimate,,8,1,0,1.8946369886398315,-2.22137713432312,1.5565991401672363,0.0,0.0,0.0,0.8502047061920166,0.5743799209594727,0.5085244178771973,,,,,,,,,,,,3.0,0.0,1.5,0.0,0.0,0.0
dynamic,213,1789354341.071950197,1789354341.071646452,1789354320.388396978,unmatched_est_11,,unmatched_estimate,,11,2,0,-2.4831206798553467,0.5703915953636169,1.4567928314208984,0.0,0.0,0.0,0.1417074203491211,0.6847484111785889,0.48088932037353516,,,,,,,,,,,,3.0,0.0,1.5,0.0,0.0,0.0
dynamic,213,1789354341.071950197,1789354341.071646452,1789354320.388396978,unmatched_est_5,,unmatched_estimate,,5,3,0,3.0369131565093994,0.025365320965647697,1.5375593900680542,-1.7917959343401325e-19,-1.0883309102575461e-19,0.0,0.17477011680603027,0.25255507230758667,0.06457877159118652,,,,,,,,,,,,3.0,0.0,1.5,0.0,0.0,0.0
dynamic,213,1789354341.071950197,1789354341.071646452,1789354320.388396978,unmatched_est_9,,unmatched_estimate,,9,4,0,2.51482892036438,-2.420341968536377,2.6510212421417236,0.0,0.0,0.0,0.9374685287475586,0.6193652153015137,0.6737723350524902,,,,,,,,,,,,3.0,0.0,1.5,0.0,0.0,0.0
dynamic,214,1789354341.172026873,1789354341.171660662,1789354320.388396978,unmatched_est_10,,unmatched_estimate,,10,0,0,2.675349712371826,-4.636791229248047,1.3440035581588745,0.0,0.0,0.0,0.5814714431762695,0.14426946640014648,0.4094587564468384,,,,,,,,,,,,3.0,0.0,1.5,0.0,0.0,0.0
dynamic,214,1789354341.172026873,1789354341.171660662,1789354320.388396978,unmatched_est_8,,unmatched_estimate,,8,1,0,1.8946369886398315,-2.22137713432312,1.5565991401672363,0.0,0.0,0.0,0.8502047061920166,0.5743799209594727,0.5085244178771973,,,,,,,,,,,,3.0,0.0,1.5,0.0,0.0,0.0
dynamic,214,1789354341.172026873,1789354341.171660662,1789354320.388396978,unmatched_est_11,,unmatched_estimate,,11,2,0,-2.4831206798553467,0.5703915953636169,1.4567928314208984,0.0,0.0,0.0,0.1417074203491211,0.6847484111785889,0.48088932037353516,,,,,,,,,,,,3.0,0.0,1.5,0.0,0.0,0.0
dynamic,214,1789354341.172026873,1789354341.171660662,1789354320.388396978,unmatched_est_5,,unmatched_estimate,,5,3,0,3.0369131565093994,0.025365320965647697,1.5375593900680542,-1.630394693942619e-19,-5.2246314907723356e-20,0.0,0.17477011680603027,0.25255507230758667,0.06457877159118652,,,,,,,,,,,,3.0,0.0,1.5,0.0,0.0,0.0
dynamic,214,1789354341.172026873,1789354341.171660662,1789354320.388396978,unmatched_est_9,,unmatched_estimate,,9,4,0,2.51482892036438,-2.420341968536377,2.6510212421417236,0.0,0.0,0.0,0.9374685287475586,0.6193652153015137,0.6737723350524902,,,,,,,,,,,,3.0,0.0,1.5,0.0,0.0,0.0
dynamic,215,1789354341.271906137,1789354341.271640539,1789354320.388396978,unmatched_est_10,,unmatched_estimate,,10,0,0,2.675349712371826,-4.636791229248047,1.3440035581588745,0.0,0.0,0.0,0.5814714431762695,0.14426946640014648,0.4094587564468384,,,,,,,,,,,,3.0,0.0,1.5,0.0,0.0,0.0
dynamic,215,1789354341.271906137,1789354341.271640539,1789354320.388396978,unmatched_est_8,,unmatched_estimate,,8,1,0,1.8946369886398315,-2.22137713432312,1.5565991401672363,0.0,0.0,0.0,0.8502047061920166,0.5743799209594727,0.5085244178771973,,,,,,,,,,,,3.0,0.0,1.5,0.0,0.0,0.0
dynamic,215,1789354341.271906137,1789354341.271640539,1789354320.388396978,unmatched_est_11,,unmatched_estimate,,11,2,0,-2.4831206798553467,0.5703915953636169,1.4567928314208984,0.0,0.0,0.0,0.1417074203491211,0.6847484111785889,0.48088932037353516,,,,,,,,,,,,3.0,0.0,1.5,0.0,0.0,0.0
dynamic,215,1789354341.271906137,1789354341.271640539,1789354320.388396978,unmatched_est_5,,unmatched_estimate,,5,3,0,3.0369131565093994,0.025365320965647697,1.5375593900680542,-1.3047668017707256e-19,-1.1257747643352016e-20,0.0,0.17477011680603027,0.25255507230758667,0.06457877159118652,,,,,,,,,,,,3.0,0.0,1.5,0.0,0.0,0.0
dynamic,215,1789354341.271906137,1789354341.271640539,1789354320.388396978,unmatched_est_9,,unmatched_estimate,,9,4,0,2.51482892036438,-2.420341968536377,2.6510212421417236,0.0,0.0,0.0,0.9374685287475586,0.6193652153015137,0.6737723350524902,,,,,,,,,,,,3.0,0.0,1.5,0.0,0.0,0.0
dynamic,216,1789354341.371943474,1789354341.371736288,1789354320.388396978,unmatched_est_10,,unmatched_estimate,,10,0,0,2.675349712371826,-4.636791229248047,1.3440035581588745,0.0,0.0,0.0,0.5814714431762695,0.14426946640014648,0.4094587564468384,,,,,,,,,,,,3.0,0.0,1.5,0.0,0.0,0.0
dynamic,216,1789354341.371943474,1789354341.371736288,1789354320.388396978,unmatched_est_8,,unmatched_estimate,,8,1,0,1.8946369886398315,-2.22137713432312,1.5565991401672363,0.0,0.0,0.0,0.8502047061920166,0.5743799209594727,0.5085244178771973,,,,,,,,,,,,3.0,0.0,1.5,0.0,0.0,0.0
dynamic,216,1789354341.371943474,1789354341.371736288,1789354320.388396978,unmatched_est_11,,unmatched_estimate,,11,2,0,-2.4831206798553467,0.5703915953636169,1.4567928314208984,0.0,0.0,0.0,0.1417074203491211,0.6847484111785889,0.48088932037353516,,,,,,,,,,,,3.0,0.0,1.5,0.0,0.0,0.0
dynamic,216,1789354341.371943474,1789354341.371736288,1789354320.388396978,unmatched_est_5,,unmatched_estimate,,5,3,0,3.0369131565093994,0.025365320965647697,1.5375593900680542,-9.274243923575938e-20,1.4686344821956867e-20,0.0,0.17477011680603027,0.25255507230758667,0.06457877159118652,,,,,,,,,,,,3.0,0.0,1.5,0.0,0.0,0.0
dynamic,216,1789354341.371943474,1789354341.371736288,1789354320.388396978,unmatched_est_9,,unmatched_estimate,,9,4,0,2.51482892036438,-2.420341968536377,2.6510212421417236,0.0,0.0,0.0,0.9374685287475586,0.6193652153015137,0.6737723350524902,,,,,,,,,,,,3.0,0.0,1.5,0.0,0.0,0.0
dynamic,217,1789354341.471877337,1789354341.471673727,1789354320.388396978,unmatched_est_10,,unmatched_estimate,,10,0,0,2.675349712371826,-4.636791229248047,1.3440035581588745,0.0,0.0,0.0,0.5814714431762695,0.14426946640014648,0.4094587564468384,,,,,,,,,,,,3.0,0.0,1.5,0.0,0.0,0.0
dynamic,217,1789354341.471877337,1789354341.471673727,1789354320.388396978,unmatched_est_8,,unmatched_estimate,,8,1,0,1.8946369886398315,-2.22137713432312,1.5565991401672363,0.0,0.0,0.0,0.8502047061920166,0.5743799209594727,0.5085244178771973,,,,,,,,,,,,3.0,0.0,1.5,0.0,0.0,0.0
dynamic,217,1789354341.471877337,1789354341.471673727,1789354320.388396978,unmatched_est_11,,unmatched_estimate,,11,2,0,-2.4831206798553467,0.5703915953636169,1.4567928314208984,0.0,0.0,0.0,0.1417074203491211,0.6847484111785889,0.48088932037353516,,,,,,,,,,,,3.0,0.0,1.5,0.0,0.0,0.0
dynamic,217,1789354341.471877337,1789354341.471673727,1789354320.388396978,unmatched_est_5,,unmatched_estimate,,5,3,0,3.0369131565093994,0.025365320965647697,1.5375593900680542,-5.72515410373616e-20,2.803470605000165e-20,0.0,0.17477011680603027,0.25255507230758667,0.06457877159118652,,,,,,,,,,,,3.0,0.0,1.5,0.0,0.0,0.0
dynamic,217,1789354341.471877337,1789354341.471673727,1789354320.388396978,unmatched_est_9,,unmatched_estimate,,9,4,0,2.51482892036438,-2.420341968536377,2.6510212421417236,0.0,0.0,0.0,0.9374685287475586,0.6193652153015137,0.6737723350524902,,,,,,,,,,,,3.0,0.0,1.5,0.0,0.0,0.0
dynamic,218,1789354341.571888924,1789354341.571666718,1789354320.388396978,unmatched_est_10,,unmatched_estimate,,10,0,0,2.675349712371826,-4.636791229248047,1.3440035581588745,0.0,0.0,0.0,0.5814714431762695,0.14426946640014648,0.4094587564468384,,,,,,,,,,,,3.0,0.0,1.5,0.0,0.0,0.0
dynamic,218,1789354341.571888924,1789354341.571666718,1789354320.388396978,unmatched_est_8,,unmatched_estimate,,8,1,0,1.8946369886398315,-2.22137713432312,1.5565991401672363,0.0,0.0,0.0,0.8502047061920166,0.5743799209594727,0.5085244178771973,,,,,,,,,,,,3.0,0.0,1.5,0.0,0.0,0.0
dynamic,218,1789354341.571888924,1789354341.571666718,1789354320.388396978,unmatched_est_11,,unmatched_estimate,,11,2,0,-2.4831206798553467,0.5703915953636169,1.4567928314208984,0.0,0.0,0.0,0.1417074203491211,0.6847484111785889,0.48088932037353516,,,,,,,,,,,,3.0,0.0,1.5,0.0,0.0,0.0
dynamic,218,1789354341.571888924,1789354341.571666718,1789354320.388396978,unmatched_est_5,,unmatched_estimate,,5,3,0,3.0369131565093994,0.025365320965647697,1.5375593900680542,-2.809424057722015e-20,3.201719740032225e-20,0.0,0.17477011680603027,0.25255507230758667,0.06457877159118652,,,,,,,,,,,,3.0,0.0,1.5,0.0,0.0,0.0
dynamic,218,1789354341.571888924,1789354341.571666718,1789354320.388396978,unmatched_est_9,,unmatched_estimate,,9,4,0,2.51482892036438,-2.420341968536377,2.6510212421417236,0.0,0.0,0.0,0.9374685287475586,0.6193652153015137,0.6737723350524902,,,,,,,,,,,,3.0,0.0,1.5,0.0,0.0,0.0
dynamic,219,1789354341.671907187,1789354341.671699286,1789354320.388396978,unmatched_est_10,,unmatched_estimate,,10,0,0,2.675349712371826,-4.636791229248047,1.3440035581588745,0.0,0.0,0.0,0.5814714431762695,0.14426946640014648,0.4094587564468384,,,,,,,,,,,,3.0,0.0,1.5,0.0,0.0,0.0
dynamic,219,1789354341.671907187,1789354341.671699286,1789354320.388396978,unmatched_est_8,,unmatched_estimate,,8,1,0,1.8946369886398315,-2.22137713432312,1.5565991401672363,0.0,0.0,0.0,0.8502047061920166,0.5743799209594727,0.5085244178771973,,,,,,,,,,,,3.0,0.0,1.5,0.0,0.0,0.0
dynamic,219,1789354341.671907187,1789354341.671699286,1789354320.388396978,unmatched_est_11,,unmatched_estimate,,11,2,0,-2.4831206798553467,0.5703915953636169,1.4567928314208984,0.0,0.0,0.0,0.1417074203491211,0.6847484111785889,0.48088932037353516,,,,,,,,,,,,3.0,0.0,1.5,0.0,0.0,0.0
dynamic,219,1789354341.671907187,1789354341.671699286,1789354320.388396978,unmatched_est_5,,unmatched_estimate,,5,3,0,3.0369131565093994,0.025365320965647697,1.5375593900680542,-6.808852446102906e-21,2.9872799692357004e-20,0.0,0.17477011680603027,0.25255507230758667,0.06457877159118652,,,,,,,,,,,,3.0,0.0,1.5,0.0,0.0,0.0
dynamic,219,1789354341.671907187,1789354341.671699286,1789354320.388396978,unmatched_est_9,,unmatched_estimate,,9,4,0,2.51482892036438,-2.420341968536377,2.6510212421417236,0.0,0.0,0.0,0.9374685287475586,0.6193652153015137,0.6737723350524902,,,,,,,,,,,,3.0,0.0,1.5,0.0,0.0,0.0
dynamic,220,1789354341.771867990,1789354341.771678925,1789354320.388396978,unmatched_est_10,,unmatched_estimate,,10,0,0,2.675349712371826,-4.636791229248047,1.3440035581588745,0.0,0.0,0.0,0.5814714431762695,0.14426946640014648,0.4094587564468384,,,,,,,,,,,,3.0,0.0,1.5,0.0,0.0,0.0
dynamic,220,1789354341.771867990,1789354341.771678925,1789354320.388396978,unmatched_est_8,,unmatched_estimate,,8,1,0,1.8946369886398315,-2.22137713432312,1.5565991401672363,0.0,0.0,0.0,0.8502047061920166,0.5743799209594727,0.5085244178771973,,,,,,,,,,,,3.0,0.0,1.5,0.0,0.0,0.0
dynamic,220,1789354341.771867990,1789354341.771678925,1789354320.388396978,unmatched_est_11,,unmatched_estimate,,11,2,0,-2.4831206798553467,0.5703915953636169,1.4567928314208984,0.0,0.0,0.0,0.1417074203491211,0.6847484111785889,0.48088932037353516,,,,,,,,,,,,3.0,0.0,1.5,0.0,0.0,0.0
dynamic,220,1789354341.771867990,1789354341.771678925,1789354320.388396978,unmatched_est_5,,unmatched_estimate,,5,3,0,3.0369131565093994,0.025365320965647697,1.5375593900680542,6.799569224981474e-21,2.4389559196827744e-20,0.0,0.17477011680603027,0.25255507230758667,0.06457877159118652,,,,,,,,,,,,3.0,0.0,1.5,0.0,0.0,0.0
dynamic,220,1789354341.771867990,1789354341.771678925,1789354320.388396978,unmatched_est_9,,unmatched_estimate,,9,4,0,2.51482892036438,-2.420341968536377,2.6510212421417236,0.0,0.0,0.0,0.9374685287475586,0.6193652153015137,0.6737723350524902,,,,,,,,,,,,3.0,0.0,1.5,0.0,0.0,0.0
