timestamp,scenario,frame_index,event_type,obstacle_id,tracking_id,lvdot_slot_id,details
1789354154.773746490,static,1,track_created,,0,,collector track created
1789354178.456108093,dynamic,0,gt_teleport,1,,,same MARSIM ID moved more than 1.0 m between GT messages
1789354178.656050920,dynamic,0,gt_teleport,12,,,same MARSIM ID moved more than 1.0 m between GT messages
1789354178.756024361,dynamic,0,gt_teleport,5,,,same MARSIM ID moved more than 1.0 m between GT messages
1789354178.855962992,dynamic,0,gt_teleport,5,,,same MARSIM ID moved more than 1.0 m between GT messages
1789354178.956015110,dynamic,0,gt_teleport,13,,,same MARSIM ID moved more than 1.0 m between GT messages
1789354179.055969954,dynamic,0,gt_teleport,3,,,same MARSIM ID moved more than 1.0 m between GT messages
1789354179.155989408,dynamic,0,gt_teleport,18,,,same MARSIM ID moved more than 1.0 m between GT messages
1789354179.454270840,dynamic,1,track_created,,0,,collector track created
1789354179.454270840,dynamic,1,track_created,,1,,collector track created
1789354179.454270840,dynamic,1,track_created,,2,,collector track created
1789354179.454270840,dynamic,1,track_created,,3,,collector track created
1789354179.454270840,dynamic,1,track_created,,4,,collector track created
1789354179.454270840,dynamic,1,track_created,,5,,collector track created
1789354179.454270840,dynamic,1,unmatched_gt,0,,,no LV-DOT estimate within 1.5 m
1789354179.454270840,dynamic,1,unmatched_gt,2,,,no LV-DOT estimate within 1.5 m
1789354179.454270840,dynamic,1,unmatched_gt,3,,,no LV-DOT estimate within 1.5 m
1789354179.454270840,dynamic,1,unmatched_gt,4,,,no LV-DOT estimate within 1.5 m
1789354179.454270840,dynamic,1,unmatched_gt,6,,,no LV-DOT estimate within 1.5 m
1789354179.454270840,dynamic,1,unmatched_gt,9,,,no LV-DOT estimate within 1.5 m
1789354179.454270840,dynamic,1,unmatched_gt,10,,,no LV-DOT estimate within 1.5 m
1789354179.454270840,dynamic,1,unmatched_gt,12,,,no LV-DOT estimate within 1.5 m
1789354179.454270840,dynamic,1,unmatched_gt,13,,,no LV-DOT estimate within 1.5 m
1789354179.454270840,dynamic,1,unmatched_gt,14,,,no LV-DOT estimate within 1.5 m
1789354179.454270840,dynamic,1,unmatched_gt,15,,,no LV-DOT estimate within 1.5 m
1789354179.454270840,dynamic,1,unmatched_gt,16,,,no LV-DOT estimate within 1.5 m
1789354179.454270840,dynamic,1,unmatched_gt,17,,,no LV-DOT estimate within 1.5 m
1789354179.454270840,dynamic,1,unmatched_gt,18,,,no LV-DOT estimate within 1.5 m
1789354179.455983877,dynamic,1,gt_teleport,18,,,same MARSIM ID moved more than 1.0 m between GT messages
1789354179.554625511,dynamic,2,unmatched_gt,0,,,no LV-DOT estimate within 1.5 m
1789354179.554625511,dynamic,2,unmatched_gt,2,,,no LV-DOT estimate within 1.5 m
1789354179.554625511,dynamic,2,unmatched_gt,3,,,no LV-DOT estimate within 1.5 m
1789354179.554625511,dynamic,2,unmatched_gt,4,,,no LV-DOT estimate within 1.5 m
1789354179.554625511,dynamic,2,unmatched_gt,6,,,no LV-DOT estimate within 1.5 m
1789354179.554625511,dynamic,2,unmatched_gt,9,,,no LV-DOT estimate within 1.5 m
1789354179.554625511,dynamic,2,unmatched_gt,10,,,no LV-DOT estimate within 1.5 m
1789354179.554625511,dynamic,2,unmatched_gt,12,,,no LV-DOT estimate within 1.5 m
1789354179.554625511,dynamic,2,unmatched_gt,13,,,no LV-DOT estimate within 1.5 m
1789354179.554625511,dynamic,2,unmatched_gt,14,,,no LV-DOT estimate within 1.5 m
1789354179.554625511,dynamic,2,unmatched_gt,15,,,no LV-DOT estimate within 1.5 m
1789354179.554625511,dynamic,2,unmatched_gt,16,,,no LV-DOT estimate within 1.5 m
1789354179.554625511,dynamic,2,unmatched_gt,17,,,no LV-DOT estimate within 1.5 m
1789354179.554625511,dynamic,2,unmatched_gt,18,,,no LV-DOT estimate within 1.5 m
1789354179.554625511,dynamic,2,unmatched_gt,19,,,no LV-DOT estimate within 1.5 m
1789354179.652852774,dynamic,3,track_created,,6,,collector track created
1789354179.652852774,dynamic,3,unmatched_gt,0,,,no LV-DOT estimate within 1.5 m
1789354179.652852774,dynamic,3,unmatched_gt,2,,,no LV-DOT estimate within 1.5 m
1789354179.652852774,dynamic,3,unmatched_gt,3,,,no LV-DOT estimate within 1.5 m
1789354179.652852774,dynamic,3,unmatched_gt,4,,,no LV-DOT estimate within 1.5 m
1789354179.652852774,dynamic,3,unmatched_gt,6,,,no LV-DOT estimate within 1.5 m
1789354179.652852774,dynamic,3,unmatched_gt,9,,,no LV-DOT estimate within 1.5 m
1789354179.652852774,dynamic,3,unmatched_gt,10,,,no LV-DOT estimate within 1.5 m
1789354179.652852774,dynamic,3,unmatched_gt,11,,,no LV-DOT estimate within 1.5 m
1789354179.652852774,dynamic,3,unmatched_gt,13,,,no LV-DOT estimate within 1.5 m
1789354179.652852774,dynamic,3,unmatched_gt,14,,,no LV-DOT estimate within 1.5 m
1789354179.652852774,dynamic,3,unmatched_gt,15,,,no LV-DOT estimate within 1.5 m
1789354179.652852774,dynamic,3,unmatched_gt,16,,,no LV-DOT estimate within 1.5 m
1789354179.652852774,dynamic,3,unmatched_gt,17,,,no LV-DOT estimate within 1.5 m
1789354179.652852774,dynamic,3,unmatched_gt,18,,,no LV-DOT estimate within 1.5 m
1789354179.652852774,dynamic,3,unmatched_gt,19,,,no LV-DOT estimate within 1.5 m
1789354179.748574972,dynamic,4,track_created,,7,,collector track created
1789354179.748574972,dynamic,4,unmatched_gt,0,,,no LV-DOT estimate within 1.5 m
1789354179.748574972,dynamic,4,unmatched_gt,2,,,no LV-DOT estimate within 1.5 m
1789354179.748574972,dynamic,4,unmatched_gt,3,,,no LV-DOT estimate within 1.5 m
1789354179.748574972,dynamic,4,unmatched_gt,4,,,no LV-DOT estimate within 1.5 m
1789354179.748574972,dynamic,4,unmatched_gt,6,,,no LV-DOT estimate within 1.5 m
1789354179.748574972,dynamic,4,unmatched_gt,9,,,no LV-DOT estimate within 1.5 m
1789354179.748574972,dynamic,4,unmatched_gt,10,,,no LV-DOT estimate within 1.5 m
1789354179.748574972,dynamic,4,unmatched_gt,11,,,no LV-DOT estimate within 1.5 m
1789354179.748574972,dynamic,4,unmatched_gt,13,,,no LV-DOT estimate within 1.5 m
1789354179.748574972,dynamic,4,unmatched_gt,14,,,no LV-DOT estimate within 1.5 m
1789354179.748574972,dynamic,4,unmatched_gt,15,,,no LV-DOT estimate within 1.5 m
1789354179.748574972,dynamic,4,unmatched_gt,16,,,no LV-DOT estimate within 1.5 m
1789354179.748574972,dynamic,4,unmatched_gt,17,,,no LV-DOT estimate within 1.5 m
1789354179.846944809,dynamic,5,unmatched_gt,0,,,no LV-DOT estimate within 1.5 m
1789354179.846944809,dynamic,5,unmatched_gt,2,,,no LV-DOT estimate within 1.5 m
1789354179.846944809,dynamic,5,unmatched_gt,3,,,no LV-DOT estimate within 1.5 m
1789354179.846944809,dynamic,5,unmatched_gt,4,,,no LV-DOT estimate within 1.5 m
1789354179.846944809,dynamic,5,unmatched_gt,6,,,no LV-DOT estimate within 1.5 m
1789354179.846944809,dynamic,5,unmatched_gt,8,,,no LV-DOT estimate within 1.5 m
1789354179.846944809,dynamic,5,unmatched_gt,9,,,no LV-DOT estimate within 1.5 m
1789354179.846944809,dynamic,5,unmatched_gt,10,,,no LV-DOT estimate within 1.5 m
1789354179.846944809,dynamic,5,unmatched_gt,11,,,no LV-DOT estimate within 1.5 m
1789354179.846944809,dynamic,5,unmatched_gt,13,,,no LV-DOT estimate within 1.5 m
1789354179.846944809,dynamic,5,unmatched_gt,14,,,no LV-DOT estimate within 1.5 m
1789354179.846944809,dynamic,5,unmatched_gt,15,,,no LV-DOT estimate within 1.5 m
1789354179.846944809,dynamic,5,unmatched_gt,16,,,no LV-DOT estimate within 1.5 m
1789354179.846944809,dynamic,5,unmatched_gt,17,,,no LV-DOT estimate within 1.5 m
1789354179.846944809,dynamic,5,unmatched_gt,19,,,no LV-DOT estimate within 1.5 m
1789354179.856076717,dynamic,5,gt_teleport,16,,,same MARSIM ID moved more than 1.0 m between GT messages
1789354179.943827152,dynamic,6,track_lost,,2,,collector track exceeded missed-frame limit
1789354179.943827152,dynamic,6,unmatched_gt,0,,,no LV-DOT estimate within 1.5 m
1789354179.943827152,dynamic,6,unmatched_gt,2,,,no LV-DOT estimate within 1.5 m
1789354179.943827152,dynamic,6,unmatched_gt,3,,,no LV-DOT estimate within 1.5 m
1789354179.943827152,dynamic,6,unmatched_gt,4,,,no LV-DOT estimate within 1.5 m
1789354179.943827152,dynamic,6,unmatched_gt,6,,,no LV-DOT estimate within 1.5 m
1789354179.943827152,dynamic,6,unmatched_gt,8,,,no LV-DOT estimate within 1.5 m
1789354179.943827152,dynamic,6,unmatched_gt,9,,,no LV-DOT estimate within 1.5 m
1789354179.943827152,dynamic,6,unmatched_gt,10,,,no LV-DOT estimate within 1.5 m
1789354179.943827152,dynamic,6,unmatched_gt,11,,,no LV-DOT estimate within 1.5 m
1789354179.943827152,dynamic,6,unmatched_gt,13,,,no LV-DOT estimate within 1.5 m
1789354179.943827152,dynamic,6,unmatched_gt,14,,,no LV-DOT estimate within 1.5 m
1789354179.943827152,dynamic,6,unmatched_gt,15,,,no LV-DOT estimate within 1.5 m
1789354179.943827152,dynamic,6,unmatched_gt,16,,,no LV-DOT estimate within 1.5 m
1789354179.943827152,dynamic,6,unmatched_gt,17,,,no LV-DOT estimate within 1.5 m
1789354179.956045628,dynamic,6,gt_teleport,6,,,same MARSIM ID moved more than 1.0 m between GT messages
1789354179.956045628,dynamic,6,gt_teleport,9,,,same MARSIM ID moved more than 1.0 m between GT messages
1789354180.042118073,dynamic,7,unmatched_gt,0,,,no LV-DOT estimate within 1.5 m
1789354180.042118073,dynamic,7,unmatched_gt,2,,,no LV-DOT estimate within 1.5 m
1789354180.042118073,dynamic,7,unmatched_gt,3,,,no LV-DOT estimate within 1.5 m
1789354180.042118073,dynamic,7,unmatched_gt,4,,,no LV-DOT estimate within 1.5 m
1789354180.042118073,dynamic,7,unmatched_gt,6,,,no LV-DOT estimate within 1.5 m
1789354180.042118073,dynamic,7,unmatched_gt,8,,,no LV-DOT estimate within 1.5 m
1789354180.042118073,dynamic,7,unmatched_gt,9,,,no LV-DOT estimate within 1.5 m
1789354180.042118073,dynamic,7,unmatched_gt,10,,,no LV-DOT estimate within 1.5 m
1789354180.042118073,dynamic,7,unmatched_gt,11,,,no LV-DOT estimate within 1.5 m
1789354180.042118073,dynamic,7,unmatched_gt,13,,,no LV-DOT estimate within 1.5 m
1789354180.042118073,dynamic,7,unmatched_gt,14,,,no LV-DOT estimate within 1.5 m
1789354180.042118073,dynamic,7,unmatched_gt,15,,,no LV-DOT estimate within 1.5 m
1789354180.042118073,dynamic,7,unmatched_gt,16,,,no LV-DOT estimate within 1.5 m
1789354180.042118073,dynamic,7,unmatched_gt,17,,,no LV-DOT estimate within 1.5 m
1789354180.140951872,dynamic,8,track_lost,,4,,collector track exceeded missed-frame limit
1789354180.140951872,dynamic,8,track_created,,8,,collector track created
1789354180.140951872,dynamic,8,id_switch,12,8,0,previous tracking_id=6
1789354180.140951872,dynamic,8,unmatched_detection,,6,4,no GT within 1.5 m
1789354180.140951872,dynamic,8,unmatched_gt,0,,,no LV-DOT estimate within 1.5 m
1789354180.140951872,dynamic,8,unmatched_gt,2,,,no LV-DOT estimate within 1.5 m
1789354180.140951872,dynamic,8,unmatched_gt,3,,,no LV-DOT estimate within 1.5 m
1789354180.140951872,dynamic,8,unmatched_gt,4,,,no LV-DOT estimate within 1.5 m
1789354180.140951872,dynamic,8,unmatched_gt,6,,,no LV-DOT estimate within 1.5 m
1789354180.140951872,dynamic,8,unmatched_gt,7,,,no LV-DOT estimate within 1.5 m
1789354180.140951872,dynamic,8,unmatched_gt,8,,,no LV-DOT estimate within 1.5 m
1789354180.140951872,dynamic,8,unmatched_gt,9,,,no LV-DOT estimate within 1.5 m
1789354180.140951872,dynamic,8,unmatched_gt,10,,,no LV-DOT estimate within 1.5 m
1789354180.140951872,dynamic,8,unmatched_gt,11,,,no LV-DOT estimate within 1.5 m
1789354180.140951872,dynamic,8,unmatched_gt,13,,,no LV-DOT estimate within 1.5 m
1789354180.140951872,dynamic,8,unmatched_gt,14,,,no LV-DOT estimate within 1.5 m
1789354180.140951872,dynamic,8,unmatched_gt,15,,,no LV-DOT estimate within 1.5 m
1789354180.140951872,dynamic,8,unmatched_gt,16,,,no LV-DOT estimate within 1.5 m
1789354180.140951872,dynamic,8,unmatched_gt,17,,,no LV-DOT estimate within 1.5 m
1789354180.140951872,dynamic,8,unmatched_gt,19,,,no LV-DOT estimate within 1.5 m
1789354180.238031149,dynamic,9,track_created,,9,,collector track created
1789354180.238031149,dynamic,9,unmatched_gt,0,,,no LV-DOT estimate within 1.5 m
1789354180.238031149,dynamic,9,unmatched_gt,2,,,no LV-DOT estimate within 1.5 m
1789354180.238031149,dynamic,9,unmatched_gt,3,,,no LV-DOT estimate within 1.5 m
1789354180.238031149,dynamic,9,unmatched_gt,4,,,no LV-DOT estimate within 1.5 m
1789354180.238031149,dynamic,9,unmatched_gt,7,,,no LV-DOT estimate within 1.5 m
1789354180.238031149,dynamic,9,unmatched_gt,8,,,no LV-DOT estimate within 1.5 m
1789354180.238031149,dynamic,9,unmatched_gt,9,,,no LV-DOT estimate within 1.5 m
1789354180.238031149,dynamic,9,unmatched_gt,10,,,no LV-DOT estimate within 1.5 m
1789354180.238031149,dynamic,9,unmatched_gt,11,,,no LV-DOT estimate within 1.5 m
1789354180.238031149,dynamic,9,unmatched_gt,12,,,no LV-DOT estimate within 1.5 m
1789354180.238031149,dynamic,9,unmatched_gt,13,,,no LV-DOT estimate within 1.5 m
1789354180.238031149,dynamic,9,unmatched_gt,14,,,no LV-DOT estimate within 1.5 m
1789354180.238031149,dynamic,9,unmatched_gt,15,,,no LV-DOT estimate within 1.5 m
1789354180.238031149,dynamic,9,unmatched_gt,16,,,no LV-DOT estimate within 1.5 m
1789354180.238031149,dynamic,9,unmatched_gt,17,,,no LV-DOT estimate within 1.5 m
1789354180.255910873,dynamic,9,gt_teleport,3,,,same MARSIM ID moved more than 1.0 m between GT messages
1789354180.255910873,dynamic,9,gt_teleport,8,,,same MARSIM ID moved more than 1.0 m between GT messages
1789354180.339590311,dynamic,10,unmatched_gt,0,,,no LV-DOT estimate within 1.5 m
1789354180.339590311,dynamic,10,unmatched_gt,2,,,no LV-DOT estimate within 1.5 m
1789354180.339590311,dynamic,10,unmatched_gt,3,,,no LV-DOT estimate within 1.5 m
1789354180.339590311,dynamic,10,unmatched_gt,4,,,no LV-DOT estimate within 1.5 m
1789354180.339590311,dynamic,10,unmatched_gt,7,,,no LV-DOT estimate within 1.5 m
1789354180.339590311,dynamic,10,unmatched_gt,8,,,no LV-DOT estimate within 1.5 m
1789354180.339590311,dynamic,10,unmatched_gt,9,,,no LV-DOT estimate within 1.5 m
1789354180.339590311,dynamic,10,unmatched_gt,10,,,no LV-DOT estimate within 1.5 m
1789354180.339590311,dynamic,10,unmatched_gt,11,,,no LV-DOT estimate within 1.5 m
1789354180.339590311,dynamic,10,unmatched_gt,13,,,no LV-DOT estimate within 1.5 m
1789354180.339590311,dynamic,10,unmatched_gt,14,,,no LV-DOT estimate within 1.5 m
1789354180.339590311,dynamic,10,unmatched_gt,15,,,no LV-DOT estimate within 1.5 m
1789354180.339590311,dynamic,10,unmatched_gt,16,,,no LV-DOT estimate within 1.5 m
1789354180.339590311,dynamic,10,unmatched_gt,17,,,no LV-DOT estimate within 1.5 m
1789354180.339590311,dynamic,10,unmatched_gt,19,,,no LV-DOT estimate within 1.5 m
1789354180.439505100,dynamic,11,track_lost,,5,,collector track exceeded missed-frame limit
1789354180.439505100,dynamic,11,unmatched_gt,0,,,no LV-DOT estimate within 1.5 m
1789354180.439505100,dynamic,11,unmatched_gt,1,,,no LV-DOT estimate within 1.5 m
1789354180.439505100,dynamic,11,unmatched_gt,2,,,no LV-DOT estimate within 1.5 m
1789354180.439505100,dynamic,11,unmatched_gt,3,,,no LV-DOT estimate within 1.5 m
1789354180.439505100,dynamic,11,unmatched_gt,4,,,no LV-DOT estimate within 1.5 m
1789354180.439505100,dynamic,11,unmatched_gt,7,,,no LV-DOT estimate within 1.5 m
1789354180.439505100,dynamic,11,unmatched_gt,8,,,no LV-DOT estimate within 1.5 m
1789354180.439505100,dynamic,11,unmatched_gt,9,,,no LV-DOT estimate within 1.5 m
1789354180.439505100,dynamic,11,unmatched_gt,10,,,no LV-DOT estimate within 1.5 m
1789354180.439505100,dynamic,11,unmatched_gt,11,,,no LV-DOT estimate within 1.5 m
1789354180.439505100,dynamic,11,unmatched_gt,13,,,no LV-DOT estimate within 1.5 m
1789354180.439505100,dynamic,11,unmatched_gt,14,,,no LV-DOT estimate within 1.5 m
1789354180.439505100,dynamic,11,unmatched_gt,15,,,no LV-DOT estimate within 1.5 m
1789354180.439505100,dynamic,11,unmatched_gt,16,,,no LV-DOT estimate within 1.5 m
1789354180.439505100,dynamic,11,unmatched_gt,17,,,no LV-DOT estimate within 1.5 m
1789354180.439505100,dynamic,11,unmatched_gt,19,,,no LV-DOT estimate within 1.5 m
1789354180.456183434,dynamic,11,gt_teleport,4,,,same MARSIM ID moved more than 1.0 m between GT messages
1789354180.456183434,dynamic,11,gt_teleport,7,,,same MARSIM ID moved more than 1.0 m between GT messages
1789354180.539638996,dynamic,12,track_lost,,6,,collector track exceeded missed-frame limit
1789354180.539638996,dynamic,12,track_created,,10,,collector track created
1789354180.539638996,dynamic,12,unmatched_gt,0,,,no LV-DOT estimate within 1.5 m
1789354180.539638996,dynamic,12,unmatched_gt,1,,,no LV-DOT estimate within 1.5 m
1789354180.539638996,dynamic,12,unmatched_gt,2,,,no LV-DOT estimate within 1.5 m
1789354180.539638996,dynamic,12,unmatched_gt,4,,,no LV-DOT estimate within 1.5 m
1789354180.539638996,dynamic,12,unmatched_gt,7,,,no LV-DOT estimate within 1.5 m
1789354180.539638996,dynamic,12,unmatched_gt,8,,,no LV-DOT estimate within 1.5 m
1789354180.539638996,dynamic,12,unmatched_gt,9,,,no LV-DOT estimate within 1.5 m
1789354180.539638996,dynamic,12,unmatched_gt,10,,,no LV-DOT estimate within 1.5 m
1789354180.539638996,dynamic,12,unmatched_gt,11,,,no LV-DOT estimate within 1.5 m
1789354180.539638996,dynamic,12,unmatched_gt,13,,,no LV-DOT estimate within 1.5 m
1789354180.539638996,dynamic,12,unmatched_gt,14,,,no LV-DOT estimate within 1.5 m
1789354180.539638996,dynamic,12,unmatched_gt,15,,,no LV-DOT estimate within 1.5 m
1789354180.539638996,dynamic,12,unmatched_gt,16,,,no LV-DOT estimate within 1.5 m
1789354180.539638996,dynamic,12,unmatched_gt,17,,,no LV-DOT estimate within 1.5 m
1789354180.539638996,dynamic,12,unmatched_gt,19,,,no LV-DOT estimate within 1.5 m
1789354180.556017637,dynamic,12,gt_teleport,1,,,same MARSIM ID moved more than 1.0 m between GT messages
1789354180.637987137,dynamic,13,track_lost,,3,,collector track exceeded missed-frame limit
1789354180.637987137,dynamic,13,track_created,,11,,collector track created
1789354180.637987137,dynamic,13,unmatched_gt,0,,,no LV-DOT estimate within 1.5 m
1789354180.637987137,dynamic,13,unmatched_gt,1,,,no LV-DOT estimate within 1.5 m
1789354180.637987137,dynamic,13,unmatched_gt,2,,,no LV-DOT estimate within 1.5 m
1789354180.637987137,dynamic,13,unmatched_gt,3,,,no LV-DOT estimate within 1.5 m
1789354180.637987137,dynamic,13,unmatched_gt,4,,,no LV-DOT estimate within 1.5 m
1789354180.637987137,dynamic,13,unmatched_gt,7,,,no LV-DOT estimate within 1.5 m
1789354180.637987137,dynamic,13,unmatched_gt,8,,,no LV-DOT estimate within 1.5 m
1789354180.637987137,dynamic,13,unmatched_gt,9,,,no LV-DOT estimate within 1.5 m
1789354180.637987137,dynamic,13,unmatched_gt,10,,,no LV-DOT estimate within 1.5 m
1789354180.637987137,dynamic,13,unmatched_gt,11,,,no LV-DOT estimate within 1.5 m
1789354180.637987137,dynamic,13,unmatched_gt,13,,,no LV-DOT estimate within 1.5 m
1789354180.637987137,dynamic,13,unmatched_gt,14,,,no LV-DOT estimate within 1.5 m
1789354180.637987137,dynamic,13,unmatched_gt,15,,,no LV-DOT estimate within 1.5 m
1789354180.637987137,dynamic,13,unmatched_gt,16,,,no LV-DOT estimate within 1.5 m
1789354180.637987137,dynamic,13,unmatched_gt,19,,,no LV-DOT estimate within 1.5 m
1789354180.737897635,dynamic,14,track_lost,,0,,collector track exceeded missed-frame limit
1789354180.737897635,dynamic,14,unmatched_gt,0,,,no LV-DOT estimate within 1.5 m
1789354180.737897635,dynamic,14,unmatched_gt,1,,,no LV-DOT estimate within 1.5 m
1789354180.737897635,dynamic,14,unmatched_gt,2,,,no LV-DOT estimate within 1.5 m
1789354180.737897635,dynamic,14,unmatched_gt,3,,,no LV-DOT estimate within 1.5 m
1789354180.737897635,dynamic,14,unmatched_gt,4,,,no LV-DOT estimate within 1.5 m
1789354180.737897635,dynamic,14,unmatched_gt,5,,,no LV-DOT estimate within 1.5 m
1789354180.737897635,dynamic,14,unmatched_gt,7,,,no LV-DOT estimate within 1.5 m
1789354180.737897635,dynamic,14,unmatched_gt,8,,,no LV-DOT estimate within 1.5 m
1789354180.737897635,dynamic,14,unmatched_gt,9,,,no LV-DOT estimate within 1.5 m
1789354180.737897635,dynamic,14,unmatched_gt,10,,,no LV-DOT estimate within 1.5 m
1789354180.737897635,dynamic,14,unmatched_gt,11,,,no LV-DOT estimate within 1.5 m
1789354180.737897635,dynamic,14,unmatched_gt,12,,,no LV-DOT estimate within 1.5 m
1789354180.737897635,dynamic,14,unmatched_gt,13,,,no LV-DOT estimate within 1.5 m
1789354180.737897635,dynamic,14,unmatched_gt,14,,,no LV-DOT estimate within 1.5 m
1789354180.737897635,dynamic,14,unmatched_gt,15,,,no LV-DOT estimate within 1.5 m
1789354180.737897635,dynamic,14,unmatched_gt,16,,,no LV-DOT estimate within 1.5 m
1789354180.737897635,dynamic,14,unmatched_gt,17,,,no LV-DOT estimate within 1.5 m
1789354180.737897635,dynamic,14,unmatched_gt,19,,,no LV-DOT estimate within 1.5 m
1789354180.839684248,dynamic,15,track_created,,12,,collector track created
1789354180.839684248,dynamic,15,id_switch,19,12,2,previous tracking_id=3
1789354180.839684248,dynamic,15,unmatched_gt,0,,,no LV-DOT estimate within 1.5 m
1789354180.839684248,dynamic,15,unmatched_gt,1,,,no LV-DOT estimate within 1.5 m
1789354180.839684248,dynamic,15,unmatched_gt,2,,,no LV-DOT estimate within 1.5 m
1789354180.839684248,dynamic,15,unmatched_gt,3,,,no LV-DOT estimate within 1.5 m
1789354180.839684248,dynamic,15,unmatched_gt,4,,,no LV-DOT estimate within 1.5 m
1789354180.839684248,dynamic,15,unmatched_gt,5,,,no LV-DOT estimate within 1.5 m
1789354180.839684248,dynamic,15,unmatched_gt,7,,,no LV-DOT estimate within 1.5 m
1789354180.839684248,dynamic,15,unmatched_gt,8,,,no LV-DOT estimate within 1.5 m
1789354180.839684248,dynamic,15,unmatched_gt,9,,,no LV-DOT estimate within 1.5 m
1789354180.839684248,dynamic,15,unmatched_gt,10,,,no LV-DOT estimate within 1.5 m
1789354180.839684248,dynamic,15,unmatched_gt,11,,,no LV-DOT estimate within 1.5 m
1789354180.839684248,dynamic,15,unmatched_gt,12,,,no LV-DOT estimate within 1.5 m
1789354180.839684248,dynamic,15,unmatched_gt,13,,,no LV-DOT estimate within 1.5 m
1789354180.839684248,dynamic,15,unmatched_gt,14,,,no LV-DOT estimate within 1.5 m
1789354180.839684248,dynamic,15,unmatched_gt,15,,,no LV-DOT estimate within 1.5 m
1789354180.839684248,dynamic,15,unmatched_gt,16,,,no LV-DOT estimate within 1.5 m
1789354180.839684248,dynamic,15,unmatched_gt,17,,,no LV-DOT estimate within 1.5 m
1789354180.856085539,dynamic,15,gt_teleport,0,,,same MARSIM ID moved more than 1.0 m between GT messages
1789354180.939530134,dynamic,16,unmatched_gt,0,,,no LV-DOT estimate within 1.5 m
1789354180.939530134,dynamic,16,unmatched_gt,1,,,no LV-DOT estimate within 1.5 m
1789354180.939530134,dynamic,16,unmatched_gt,2,,,no LV-DOT estimate within 1.5 m
1789354180.939530134,dynamic,16,unmatched_gt,4,,,no LV-DOT estimate within 1.5 m
1789354180.939530134,dynamic,16,unmatched_gt,5,,,no LV-DOT estimate within 1.5 m
1789354180.939530134,dynamic,16,unmatched_gt,7,,,no LV-DOT estimate within 1.5 m
1789354180.939530134,dynamic,16,unmatched_gt,8,,,no LV-DOT estimate within 1.5 m
1789354180.939530134,dynamic,16,unmatched_gt,9,,,no LV-DOT estimate within 1.5 m
1789354180.939530134,dynamic,16,unmatched_gt,10,,,no LV-DOT estimate within 1.5 m
1789354180.939530134,dynamic,16,unmatched_gt,11,,,no LV-DOT estimate within 1.5 m
1789354180.939530134,dynamic,16,unmatched_gt,12,,,no LV-DOT estimate within 1.5 m
1789354180.939530134,dynamic,16,unmatched_gt,13,,,no LV-DOT estimate within 1.5 m
1789354180.939530134,dynamic,16,unmatched_gt,14,,,no LV-DOT estimate within 1.5 m
1789354180.939530134,dynamic,16,unmatched_gt,15,,,no LV-DOT estimate within 1.5 m
1789354180.939530134,dynamic,16,unmatched_gt,16,,,no LV-DOT estimate within 1.5 m
1789354180.939530134,dynamic,16,unmatched_gt,17,,,no LV-DOT estimate within 1.5 m
1789354180.939530134,dynamic,16,unmatched_gt,19,,,no LV-DOT estimate within 1.5 m
1789354181.037834167,dynamic,17,track_lost,,1,,collector track exceeded missed-frame limit
1789354181.037834167,dynamic,17,track_lost,,8,,collector track exceeded missed-frame limit
1789354181.037834167,dynamic,17,track_lost,,11,,collector track exceeded missed-frame limit
1789354181.037834167,dynamic,17,unmatched_gt,0,,,no LV-DOT estimate within 1.5 m
1789354181.037834167,dynamic,17,unmatched_gt,1,,,no LV-DOT estimate within 1.5 m
1789354181.037834167,dynamic,17,unmatched_gt,2,,,no LV-DOT estimate within 1.5 m
1789354181.037834167,dynamic,17,unmatched_gt,3,,,no LV-DOT estimate within 1.5 m
1789354181.037834167,dynamic,17,unmatched_gt,4,,,no LV-DOT estimate within 1.5 m
1789354181.037834167,dynamic,17,unmatched_gt,5,,,no LV-DOT estimate within 1.5 m
1789354181.037834167,dynamic,17,unmatched_gt,7,,,no LV-DOT estimate within 1.5 m
1789354181.037834167,dynamic,17,unmatched_gt,8,,,no LV-DOT estimate within 1.5 m
1789354181.037834167,dynamic,17,unmatched_gt,9,,,no LV-DOT estimate within 1.5 m
1789354181.037834167,dynamic,17,unmatched_gt,10,,,no LV-DOT estimate within 1.5 m
1789354181.037834167,dynamic,17,unmatched_gt,11,,,no LV-DOT estimate within 1.5 m
1789354181.037834167,dynamic,17,unmatched_gt,12,,,no LV-DOT estimate within 1.5 m
1789354181.037834167,dynamic,17,unmatched_gt,13,,,no LV-DOT estimate within 1.5 m
1789354181.037834167,dynamic,17,unmatched_gt,14,,,no LV-DOT estimate within 1.5 m
1789354181.037834167,dynamic,17,unmatched_gt,15,,,no LV-DOT estimate within 1.5 m
1789354181.037834167,dynamic,17,unmatched_gt,16,,,no LV-DOT estimate within 1.5 m
1789354181.037834167,dynamic,17,unmatched_gt,17,,,no LV-DOT estimate within 1.5 m
1789354181.055934429,dynamic,17,gt_teleport,5,,,same MARSIM ID moved more than 1.0 m between GT messages
1789354181.139638186,dynamic,18,unmatched_gt,0,,,no LV-DOT estimate within 1.5 m
1789354181.139638186,dynamic,18,unmatched_gt,1,,,no LV-DOT estimate within 1.5 m
1789354181.139638186,dynamic,18,unmatched_gt,2,,,no LV-DOT estimate within 1.5 m
1789354181.139638186,dynamic,18,unmatched_gt,4,,,no LV-DOT estimate within 1.5 m
1789354181.139638186,dynamic,18,unmatched_gt,5,,,no LV-DOT estimate within 1.5 m
1789354181.139638186,dynamic,18,unmatched_gt,7,,,no LV-DOT estimate within 1.5 m
1789354181.139638186,dynamic,18,unmatched_gt,8,,,no LV-DOT estimate within 1.5 m
1789354181.139638186,dynamic,18,unmatched_gt,9,,,no LV-DOT estimate within 1.5 m
1789354181.139638186,dynamic,18,unmatched_gt,10,,,no LV-DOT estimate within 1.5 m
1789354181.139638186,dynamic,18,unmatched_gt,11,,,no LV-DOT estimate within 1.5 m
1789354181.139638186,dynamic,18,unmatched_gt,12,,,no LV-DOT estimate within 1.5 m
1789354181.139638186,dynamic,18,unmatched_gt,13,,,no LV-DOT estimate within 1.5 m
1789354181.139638186,dynamic,18,unmatched_gt,14,,,no LV-DOT estimate within 1.5 m
1789354181.139638186,dynamic,18,unmatched_gt,15,,,no LV-DOT estimate within 1.5 m
1789354181.139638186,dynamic,18,unmatched_gt,16,,,no LV-DOT estimate within 1.5 m
1789354181.139638186,dynamic,18,unmatched_gt,17,,,no LV-DOT estimate within 1.5 m
1789354181.156039476,dynamic,18,gt_teleport,5,,,same MARSIM ID moved more than 1.0 m between GT messages
1789354181.156039476,dynamic,18,gt_teleport,12,,,same MARSIM ID moved more than 1.0 m between GT messages
1789354181.156039476,dynamic,18,gt_teleport,13,,,same MARSIM ID moved more than 1.0 m between GT messages
1789354181.240103960,dynamic,19,unmatched_gt,0,,,no LV-DOT estimate within 1.5 m
1789354181.240103960,dynamic,19,unmatched_gt,1,,,no LV-DOT estimate within 1.5 m
1789354181.240103960,dynamic,19,unmatched_gt,2,,,no LV-DOT estimate within 1.5 m
1789354181.240103960,dynamic,19,unmatched_gt,4,,,no LV-DOT estimate within 1.5 m
1789354181.240103960,dynamic,19,unmatched_gt,5,,,no LV-DOT estimate within 1.5 m
1789354181.240103960,dynamic,19,unmatched_gt,7,,,no LV-DOT estimate within 1.5 m
1789354181.240103960,dynamic,19,unmatched_gt,8,,,no LV-DOT estimate within 1.5 m
1789354181.240103960,dynamic,19,unmatched_gt,9,,,no LV-DOT estimate within 1.5 m
1789354181.240103960,dynamic,19,unmatched_gt,10,,,no LV-DOT estimate within 1.5 m
1789354181.240103960,dynamic,19,unmatched_gt,11,,,no LV-DOT estimate within 1.5 m
1789354181.240103960,dynamic,19,unmatched_gt,12,,,no LV-DOT estimate within 1.5 m
1789354181.240103960,dynamic,19,unmatched_gt,13,,,no LV-DOT estimate within 1.5 m
1789354181.240103960,dynamic,19,unmatched_gt,14,,,no LV-DOT estimate within 1.5 m
1789354181.240103960,dynamic,19,unmatched_gt,15,,,no LV-DOT estimate within 1.5 m
1789354181.240103960,dynamic,19,unmatched_gt,16,,,no LV-DOT estimate within 1.5 m
1789354181.240103960,dynamic,19,unmatched_gt,17,,,no LV-DOT estimate within 1.5 m
1789354181.256072998,dynamic,19,gt_teleport,7,,,same MARSIM ID moved more than 1.0 m between GT messages
1789354181.351503849,dynamic,20,track_created,,13,,collector track created
1789354181.351503849,dynamic,20,unmatched_gt,1,,,no LV-DOT estimate within 1.5 m
1789354181.351503849,dynamic,20,unmatched_gt,2,,,no LV-DOT estimate within 1.5 m
1789354181.351503849,dynamic,20,unmatched_gt,4,,,no LV-DOT estimate within 1.5 m
1789354181.351503849,dynamic,20,unmatched_gt,5,,,no LV-DOT estimate within 1.5 m
1789354181.351503849,dynamic,20,unmatched_gt,7,,,no LV-DOT estimate within 1.5 m
1789354181.351503849,dynamic,20,unmatched_gt,8,,,no LV-DOT estimate within 1.5 m
1789354181.351503849,dynamic,20,unmatched_gt,9,,,no LV-DOT estimate within 1.5 m
1789354181.351503849,dynamic,20,unmatched_gt,10,,,no LV-DOT estimate within 1.5 m
1789354181.351503849,dynamic,20,unmatched_gt,11,,,no LV-DOT estimate within 1.5 m
1789354181.351503849,dynamic,20,unmatched_gt,12,,,no LV-DOT estimate within 1.5 m
1789354181.351503849,dynamic,20,unmatched_gt,13,,,no LV-DOT estimate within 1.5 m
1789354181.351503849,dynamic,20,unmatched_gt,14,,,no LV-DOT estimate within 1.5 m
1789354181.351503849,dynamic,20,unmatched_gt,15,,,no LV-DOT estimate within 1.5 m
1789354181.351503849,dynamic,20,unmatched_gt,16,,,no LV-DOT estimate within 1.5 m
1789354181.351503849,dynamic,20,unmatched_gt,17,,,no LV-DOT estimate within 1.5 m
1789354181.351503849,dynamic,20,unmatched_gt,18,,,no LV-DOT estimate within 1.5 m
1789354181.356001377,dynamic,20,gt_teleport,18,,,same MARSIM ID moved more than 1.0 m between GT messages
1789354181.451272011,dynamic,21,track_created,,14,,collector track created
1789354181.451272011,dynamic,21,id_switch,12,14,1,previous tracking_id=8
1789354181.451272011,dynamic,21,unmatched_gt,0,,,no LV-DOT estimate within 1.5 m
1789354181.451272011,dynamic,21,unmatched_gt,1,,,no LV-DOT estimate within 1.5 m
1789354181.451272011,dynamic,21,unmatched_gt,2,,,no LV-DOT estimate within 1.5 m
1789354181.451272011,dynamic,21,unmatched_gt,4,,,no LV-DOT estimate within 1.5 m
1789354181.451272011,dynamic,21,unmatched_gt,5,,,no LV-DOT estimate within 1.5 m
1789354181.451272011,dynamic,21,unmatched_gt,7,,,no LV-DOT estimate within 1.5 m
1789354181.451272011,dynamic,21,unmatched_gt,8,,,no LV-DOT estimate within 1.5 m
1789354181.451272011,dynamic,21,unmatched_gt,9,,,no LV-DOT estimate within 1.5 m
1789354181.451272011,dynamic,21,unmatched_gt,10,,,no LV-DOT estimate within 1.5 m
1789354181.451272011,dynamic,21,unmatched_gt,11,,,no LV-DOT estimate within 1.5 m
1789354181.451272011,dynamic,21,unmatched_gt,13,,,no LV-DOT estimate within 1.5 m
1789354181.451272011,dynamic,21,unmatched_gt,14,,,no LV-DOT estimate within 1.5 m
1789354181.451272011,dynamic,21,unmatched_gt,15,,,no LV-DOT estimate within 1.5 m
1789354181.451272011,dynamic,21,unmatched_gt,16,,,no LV-DOT estimate within 1.5 m
1789354181.451272011,dynamic,21,unmatched_gt,17,,,no LV-DOT estimate within 1.5 m
1789354181.451272011,dynamic,21,unmatched_gt,18,,,no LV-DOT estimate within 1.5 m
1789354181.556761026,dynamic,22,unmatched_gt,0,,,no LV-DOT estimate within 1.5 m
1789354181.556761026,dynamic,22,unmatched_gt,1,,,no LV-DOT estimate within 1.5 m
1789354181.556761026,dynamic,22,unmatched_gt,2,,,no LV-DOT estimate within 1.5 m
1789354181.556761026,dynamic,22,unmatched_gt,4,,,no LV-DOT estimate within 1.5 m
1789354181.556761026,dynamic,22,unmatched_gt,5,,,no LV-DOT estimate within 1.5 m
1789354181.556761026,dynamic,22,unmatched_gt,7,,,no LV-DOT estimate within 1.5 m
1789354181.556761026,dynamic,22,unmatched_gt,8,,,no LV-DOT estimate within 1.5 m
1789354181.556761026,dynamic,22,unmatched_gt,9,,,no LV-DOT estimate within 1.5 m
1789354181.556761026,dynamic,22,unmatched_gt,10,,,no LV-DOT estimate within 1.5 m
1789354181.556761026,dynamic,22,unmatched_gt,11,,,no LV-DOT estimate within 1.5 m
1789354181.556761026,dynamic,22,unmatched_gt,13,,,no LV-DOT estimate within 1.5 m
1789354181.556761026,dynamic,22,unmatched_gt,14,,,no LV-DOT estimate within 1.5 m
1789354181.556761026,dynamic,22,unmatched_gt,15,,,no LV-DOT estimate within 1.5 m
1789354181.556761026,dynamic,22,unmatched_gt,16,,,no LV-DOT estimate within 1.5 m
1789354181.556761026,dynamic,22,unmatched_gt,17,,,no LV-DOT estimate within 1.5 m
1789354181.556761026,dynamic,22,unmatched_gt,18,,,no LV-DOT estimate within 1.5 m
1789354181.556761026,dynamic,22,unmatched_gt,19,,,no LV-DOT estimate within 1.5 m
1789354181.555975437,dynamic,22,gt_teleport,1,,,same MARSIM ID moved more than 1.0 m between GT messages
1789354181.643681049,dynamic,23,track_lost,,7,,collector track exceeded missed-frame limit
1789354181.643681049,dynamic,23,track_created,,15,,collector track created
1789354181.643681049,dynamic,23,id_switch,18,15,1,previous tracking_id=7
1789354181.643681049,dynamic,23,unmatched_gt,0,,,no LV-DOT estimate within 1.5 m
1789354181.643681049,dynamic,23,unmatched_gt,1,,,no LV-DOT estimate within 1.5 m
1789354181.643681049,dynamic,23,unmatched_gt,2,,,no LV-DOT estimate within 1.5 m
1789354181.643681049,dynamic,23,unmatched_gt,4,,,no LV-DOT estimate within 1.5 m
1789354181.643681049,dynamic,23,unmatched_gt,5,,,no LV-DOT estimate within 1.5 m
1789354181.643681049,dynamic,23,unmatched_gt,7,,,no LV-DOT estimate within 1.5 m
1789354181.643681049,dynamic,23,unmatched_gt,8,,,no LV-DOT estimate within 1.5 m
1789354181.643681049,dynamic,23,unmatched_gt,9,,,no LV-DOT estimate within 1.5 m
1789354181.643681049,dynamic,23,unmatched_gt,10,,,no LV-DOT estimate within 1.5 m
1789354181.643681049,dynamic,23,unmatched_gt,11,,,no LV-DOT estimate within 1.5 m
1789354181.643681049,dynamic,23,unmatched_gt,13,,,no LV-DOT estimate within 1.5 m
1789354181.643681049,dynamic,23,unmatched_gt,14,,,no LV-DOT estimate within 1.5 m
1789354181.643681049,dynamic,23,unmatched_gt,15,,,no LV-DOT estimate within 1.5 m
1789354181.643681049,dynamic,23,unmatched_gt,16,,,no LV-DOT estimate within 1.5 m
1789354181.643681049,dynamic,23,unmatched_gt,17,,,no LV-DOT estimate within 1.5 m
1789354181.655959845,dynamic,23,gt_teleport,8,,,same MARSIM ID moved more than 1.0 m between GT messages
1789354181.743862391,dynamic,24,track_lost,,13,,collector track exceeded missed-frame limit
1789354181.743862391,dynamic,24,unmatched_gt,0,,,no LV-DOT estimate within 1.5 m
1789354181.743862391,dynamic,24,unmatched_gt,1,,,no LV-DOT estimate within 1.5 m
1789354181.743862391,dynamic,24,unmatched_gt,2,,,no LV-DOT estimate within 1.5 m
1789354181.743862391,dynamic,24,unmatched_gt,3,,,no LV-DOT estimate within 1.5 m
1789354181.743862391,dynamic,24,unmatched_gt,4,,,no LV-DOT estimate within 1.5 m
1789354181.743862391,dynamic,24,unmatched_gt,5,,,no LV-DOT estimate within 1.5 m
1789354181.743862391,dynamic,24,unmatched_gt,7,,,no LV-DOT estimate within 1.5 m
1789354181.743862391,dynamic,24,unmatched_gt,8,,,no LV-DOT estimate within 1.5 m
1789354181.743862391,dynamic,24,unmatched_gt,9,,,no LV-DOT estimate within 1.5 m
1789354181.743862391,dynamic,24,unmatched_gt,10,,,no LV-DOT estimate within 1.5 m
1789354181.743862391,dynamic,24,unmatched_gt,11,,,no LV-DOT estimate within 1.5 m
1789354181.743862391,dynamic,24,unmatched_gt,13,,,no LV-DOT estimate within 1.5 m
1789354181.743862391,dynamic,24,unmatched_gt,14,,,no LV-DOT estimate within 1.5 m
1789354181.743862391,dynamic,24,unmatched_gt,15,,,no LV-DOT estimate within 1.5 m
1789354181.743862391,dynamic,24,unmatched_gt,16,,,no LV-DOT estimate within 1.5 m
1789354181.743862391,dynamic,24,unmatched_gt,17,,,no LV-DOT estimate within 1.5 m
1789354181.755903006,dynamic,24,gt_teleport,9,,,same MARSIM ID moved more than 1.0 m between GT messages
1789354181.865746975,dynamic,25,track_created,,16,,collector track created
1789354181.865746975,dynamic,25,id_switch,17,16,3,previous tracking_id=11
1789354181.865746975,dynamic,25,unmatched_gt,0,,,no LV-DOT estimate within 1.5 m
1789354181.865746975,dynamic,25,unmatched_gt,1,,,no LV-DOT estimate within 1.5 m
1789354181.865746975,dynamic,25,unmatched_gt,2,,,no LV-DOT estimate within 1.5 m
1789354181.865746975,dynamic,25,unmatched_gt,3,,,no LV-DOT estimate within 1.5 m
1789354181.865746975,dynamic,25,unmatched_gt,4,,,no LV-DOT estimate within 1.5 m
1789354181.865746975,dynamic,25,unmatched_gt,5,,,no LV-DOT estimate within 1.5 m
1789354181.865746975,dynamic,25,unmatched_gt,7,,,no LV-DOT estimate within 1.5 m
1789354181.865746975,dynamic,25,unmatched_gt,8,,,no LV-DOT estimate within 1.5 m
1789354181.865746975,dynamic,25,unmatched_gt,9,,,no LV-DOT estimate within 1.5 m
1789354181.865746975,dynamic,25,unmatched_gt,10,,,no LV-DOT estimate within 1.5 m
1789354181.865746975,dynamic,25,unmatched_gt,11,,,no LV-DOT estimate within 1.5 m
1789354181.865746975,dynamic,25,unmatched_gt,13,,,no LV-DOT estimate within 1.5 m
1789354181.865746975,dynamic,25,unmatched_gt,14,,,no LV-DOT estimate within 1.5 m
1789354181.865746975,dynamic,25,unmatched_gt,15,,,no LV-DOT estimate within 1.5 m
1789354181.865746975,dynamic,25,unmatched_gt,16,,,no LV-DOT estimate within 1.5 m
1789354181.865746975,dynamic,25,unmatched_gt,19,,,no LV-DOT estimate within 1.5 m
1789354181.965993404,dynamic,26,track_created,,17,,collector track created
1789354181.965993404,dynamic,26,id_switch,8,17,3,previous tracking_id=4
1789354181.965993404,dynamic,26,unmatched_gt,0,,,no LV-DOT estimate within 1.5 m
1789354181.965993404,dynamic,26,unmatched_gt,1,,,no LV-DOT estimate within 1.5 m
1789354181.965993404,dynamic,26,unmatched_gt,2,,,no LV-DOT estimate within 1.5 m
1789354181.965993404,dynamic,26,unmatched_gt,4,,,no LV-DOT estimate within 1.5 m
1789354181.965993404,dynamic,26,unmatched_gt,5,,,no LV-DOT estimate within 1.5 m
1789354181.965993404,dynamic,26,unmatched_gt,6,,,no LV-DOT estimate within 1.5 m
1789354181.965993404,dynamic,26,unmatched_gt,7,,,no LV-DOT estimate within 1.5 m
1789354181.965993404,dynamic,26,unmatched_gt,9,,,no LV-DOT estimate within 1.5 m
1789354181.965993404,dynamic,26,unmatched_gt,10,,,no LV-DOT estimate within 1.5 m
1789354181.965993404,dynamic,26,unmatched_gt,11,,,no LV-DOT estimate within 1.5 m
1789354181.965993404,dynamic,26,unmatched_gt,13,,,no LV-DOT estimate within 1.5 m
1789354181.965993404,dynamic,26,unmatched_gt,14,,,no LV-DOT estimate within 1.5 m
1789354181.965993404,dynamic,26,unmatched_gt,15,,,no LV-DOT estimate within 1.5 m
1789354181.965993404,dynamic,26,unmatched_gt,16,,,no LV-DOT estimate within 1.5 m
1789354181.955991507,dynamic,26,gt_teleport,3,,,same MARSIM ID moved more than 1.0 m between GT messages
1789354182.066051245,dynamic,27,track_created,,18,,collector track created
1789354182.066051245,dynamic,27,unmatched_gt,0,,,no LV-DOT estimate within 1.5 m
1789354182.066051245,dynamic,27,unmatched_gt,1,,,no LV-DOT estimate within 1.5 m
1789354182.066051245,dynamic,27,unmatched_gt,2,,,no LV-DOT estimate within 1.5 m
1789354182.066051245,dynamic,27,unmatched_gt,3,,,no LV-DOT estimate within 1.5 m
1789354182.066051245,dynamic,27,unmatched_gt,4,,,no LV-DOT estimate within 1.5 m
1789354182.066051245,dynamic,27,unmatched_gt,5,,,no LV-DOT estimate within 1.5 m
1789354182.066051245,dynamic,27,unmatched_gt,6,,,no LV-DOT estimate within 1.5 m
1789354182.066051245,dynamic,27,unmatched_gt,7,,,no LV-DOT estimate within 1.5 m
1789354182.066051245,dynamic,27,unmatched_gt,10,,,no LV-DOT estimate within 1.5 m
1789354182.066051245,dynamic,27,unmatched_gt,11,,,no LV-DOT estimate within 1.5 m
1789354182.066051245,dynamic,27,unmatched_gt,13,,,no LV-DOT estimate within 1.5 m
1789354182.066051245,dynamic,27,unmatched_gt,14,,,no LV-DOT estimate within 1.5 m
1789354182.066051245,dynamic,27,unmatched_gt,15,,,no LV-DOT estimate within 1.5 m
1789354182.066051245,dynamic,27,unmatched_gt,16,,,no LV-DOT estimate within 1.5 m
1789354182.163295269,dynamic,28,unmatched_gt,0,,,no LV-DOT estimate within 1.5 m
1789354182.163295269,dynamic,28,unmatched_gt,1,,,no LV-DOT estimate within 1.5 m
1789354182.163295269,dynamic,28,unmatched_gt,2,,,no LV-DOT estimate within 1.5 m
1789354182.163295269,dynamic,28,unmatched_gt,3,,,no LV-DOT estimate within 1.5 m
1789354182.163295269,dynamic,28,unmatched_gt,4,,,no LV-DOT estimate within 1.5 m
1789354182.163295269,dynamic,28,unmatched_gt,5,,,no LV-DOT estimate within 1.5 m
1789354182.163295269,dynamic,28,unmatched_gt,6,,,no LV-DOT estimate within 1.5 m
1789354182.163295269,dynamic,28,unmatched_gt,7,,,no LV-DOT estimate within 1.5 m
1789354182.163295269,dynamic,28,unmatched_gt,10,,,no LV-DOT estimate within 1.5 m
1789354182.163295269,dynamic,28,unmatched_gt,11,,,no LV-DOT estimate within 1.5 m
1789354182.163295269,dynamic,28,unmatched_gt,13,,,no LV-DOT estimate within 1.5 m
1789354182.163295269,dynamic,28,unmatched_gt,14,,,no LV-DOT estimate within 1.5 m
1789354182.163295269,dynamic,28,unmatched_gt,15,,,no LV-DOT estimate within 1.5 m
1789354182.163295269,dynamic,28,unmatched_gt,16,,,no LV-DOT estimate within 1.5 m
1789354182.163295269,dynamic,28,unmatched_gt,17,,,no LV-DOT estimate within 1.5 m
1789354182.155957460,dynamic,28,gt_teleport,6,,,same MARSIM ID moved more than 1.0 m between GT messages
1789354182.262551308,dynamic,29,track_lost,,9,,collector track exceeded missed-frame limit
1789354182.262551308,dynamic,29,track_created,,19,,collector track created
1789354182.262551308,dynamic,29,track_created,,20,,collector track created
1789354182.262551308,dynamic,29,id_switch,9,19,0,previous tracking_id=18
1789354182.262551308,dynamic,29,id_switch,6,18,2,previous tracking_id=9
1789354182.262551308,dynamic,29,id_switch,7,20,4,previous tracking_id=5
1789354182.262551308,dynamic,29,unmatched_gt,0,,,no LV-DOT estimate within 1.5 m
1789354182.262551308,dynamic,29,unmatched_gt,1,,,no LV-DOT estimate within 1.5 m
1789354182.262551308,dynamic,29,unmatched_gt,2,,,no LV-DOT estimate within 1.5 m
1789354182.262551308,dynamic,29,unmatched_gt,3,,,no LV-DOT estimate within 1.5 m
1789354182.262551308,dynamic,29,unmatched_gt,4,,,no LV-DOT estimate within 1.5 m
1789354182.262551308,dynamic,29,unmatched_gt,5,,,no LV-DOT estimate within 1.5 m
1789354182.262551308,dynamic,29,unmatched_gt,10,,,no LV-DOT estimate within 1.5 m
1789354182.262551308,dynamic,29,unmatched_gt,11,,,no LV-DOT estimate within 1.5 m
1789354182.262551308,dynamic,29,unmatched_gt,13,,,no LV-DOT estimate within 1.5 m
1789354182.262551308,dynamic,29,unmatched_gt,14,,,no LV-DOT estimate within 1.5 m
1789354182.262551308,dynamic,29,unmatched_gt,15,,,no LV-DOT estimate within 1.5 m
1789354182.262551308,dynamic,29,unmatched_gt,16,,,no LV-DOT estimate within 1.5 m
1789354182.262551308,dynamic,29,unmatched_gt,17,,,no LV-DOT estimate within 1.5 m
1789354182.262551308,dynamic,29,unmatched_gt,19,,,no LV-DOT estimate within 1.5 m
1789354182.358812809,dynamic,30,track_lost,,10,,collector track exceeded missed-frame limit
1789354182.358812809,dynamic,30,track_created,,21,,collector track created
1789354182.358812809,dynamic,30,id_switch,5,21,2,previous tracking_id=1
1789354182.358812809,dynamic,30,unmatched_gt,0,,,no LV-DOT estimate within 1.5 m
1789354182.358812809,dynamic,30,unmatched_gt,1,,,no LV-DOT estimate within 1.5 m
1789354182.358812809,dynamic,30,unmatched_gt,2,,,no LV-DOT estimate within 1.5 m
1789354182.358812809,dynamic,30,unmatched_gt,3,,,no LV-DOT estimate within 1.5 m
1789354182.358812809,dynamic,30,unmatched_gt,4,,,no LV-DOT estimate within 1.5 m
1789354182.358812809,dynamic,30,unmatched_gt,6,,,no LV-DOT estimate within 1.5 m
1789354182.358812809,dynamic,30,unmatched_gt,7,,,no LV-DOT estimate within 1.5 m
1789354182.358812809,dynamic,30,unmatched_gt,10,,,no LV-DOT estimate within 1.5 m
1789354182.358812809,dynamic,30,unmatched_gt,11,,,no LV-DOT estimate within 1.5 m
1789354182.358812809,dynamic,30,unmatched_gt,13,,,no LV-DOT estimate within 1.5 m
1789354182.358812809,dynamic,30,unmatched_gt,14,,,no LV-DOT estimate within 1.5 m
1789354182.358812809,dynamic,30,unmatched_gt,15,,,no LV-DOT estimate within 1.5 m
1789354182.358812809,dynamic,30,unmatched_gt,16,,,no LV-DOT estimate within 1.5 m
1789354182.358812809,dynamic,30,unmatched_gt,17,,,no LV-DOT estimate within 1.5 m
1789354182.456476688,dynamic,31,track_lost,,16,,collector track exceeded missed-frame limit
1789354182.456476688,dynamic,31,unmatched_gt,0,,,no LV-DOT estimate within 1.5 m
1789354182.456476688,dynamic,31,unmatched_gt,1,,,no LV-DOT estimate within 1.5 m
1789354182.456476688,dynamic,31,unmatched_gt,2,,,no LV-DOT estimate within 1.5 m
1789354182.456476688,dynamic,31,unmatched_gt,3,,,no LV-DOT estimate within 1.5 m
1789354182.456476688,dynamic,31,unmatched_gt,4,,,no LV-DOT estimate within 1.5 m
1789354182.456476688,dynamic,31,unmatched_gt,6,,,no LV-DOT estimate within 1.5 m
1789354182.456476688,dynamic,31,unmatched_gt,7,,,no LV-DOT estimate within 1.5 m
1789354182.456476688,dynamic,31,unmatched_gt,10,,,no LV-DOT estimate within 1.5 m
1789354182.456476688,dynamic,31,unmatched_gt,11,,,no LV-DOT estimate within 1.5 m
1789354182.456476688,dynamic,31,unmatched_gt,13,,,no LV-DOT estimate within 1.5 m
1789354182.456476688,dynamic,31,unmatched_gt,14,,,no LV-DOT estimate within 1.5 m
1789354182.456476688,dynamic,31,unmatched_gt,15,,,no LV-DOT estimate within 1.5 m
1789354182.456476688,dynamic,31,unmatched_gt,16,,,no LV-DOT estimate within 1.5 m
1789354182.456476688,dynamic,31,unmatched_gt,17,,,no LV-DOT estimate within 1.5 m
1789354182.547257423,dynamic,32,unmatched_gt,0,,,no LV-DOT estimate within 1.5 m
1789354182.547257423,dynamic,32,unmatched_gt,1,,,no LV-DOT estimate within 1.5 m
1789354182.547257423,dynamic,32,unmatched_gt,2,,,no LV-DOT estimate within 1.5 m
1789354182.547257423,dynamic,32,unmatched_gt,3,,,no LV-DOT estimate within 1.5 m
1789354182.547257423,dynamic,32,unmatched_gt,4,,,no LV-DOT estimate within 1.5 m
1789354182.547257423,dynamic,32,unmatched_gt,6,,,no LV-DOT estimate within 1.5 m
1789354182.547257423,dynamic,32,unmatched_gt,9,,,no LV-DOT estimate within 1.5 m
1789354182.547257423,dynamic,32,unmatched_gt,10,,,no LV-DOT estimate within 1.5 m
1789354182.547257423,dynamic,32,unmatched_gt,11,,,no LV-DOT estimate within 1.5 m
1789354182.547257423,dynamic,32,unmatched_gt,13,,,no LV-DOT estimate within 1.5 m
1789354182.547257423,dynamic,32,unmatched_gt,14,,,no LV-DOT estimate within 1.5 m
1789354182.547257423,dynamic,32,unmatched_gt,15,,,no LV-DOT estimate within 1.5 m
1789354182.547257423,dynamic,32,unmatched_gt,16,,,no LV-DOT estimate within 1.5 m
1789354182.547257423,dynamic,32,unmatched_gt,17,,,no LV-DOT estimate within 1.5 m
1789354182.547257423,dynamic,32,unmatched_gt,18,,,no LV-DOT estimate within 1.5 m
1789354182.647921085,dynamic,33,track_lost,,18,,collector track exceeded missed-frame limit
1789354182.647921085,dynamic,33,unmatched_gt,0,,,no LV-DOT estimate within 1.5 m
1789354182.647921085,dynamic,33,unmatched_gt,1,,,no LV-DOT estimate within 1.5 m
1789354182.647921085,dynamic,33,unmatched_gt,2,,,no LV-DOT estimate within 1.5 m
1789354182.647921085,dynamic,33,unmatched_gt,3,,,no LV-DOT estimate within 1.5 m
1789354182.647921085,dynamic,33,unmatched_gt,4,,,no LV-DOT estimate within 1.5 m
1789354182.647921085,dynamic,33,unmatched_gt,6,,,no LV-DOT estimate within 1.5 m
1789354182.647921085,dynamic,33,unmatched_gt,9,,,no LV-DOT estimate within 1.5 m
1789354182.647921085,dynamic,33,unmatched_gt,10,,,no LV-DOT estimate within 1.5 m
1789354182.647921085,dynamic,33,unmatched_gt,11,,,no LV-DOT estimate within 1.5 m
1789354182.647921085,dynamic,33,unmatched_gt,13,,,no LV-DOT estimate within 1.5 m
1789354182.647921085,dynamic,33,unmatched_gt,14,,,no LV-DOT estimate within 1.5 m
1789354182.647921085,dynamic,33,unmatched_gt,15,,,no LV-DOT estimate within 1.5 m
1789354182.647921085,dynamic,33,unmatched_gt,16,,,no LV-DOT estimate within 1.5 m
1789354182.647921085,dynamic,33,unmatched_gt,17,,,no LV-DOT estimate within 1.5 m
1789354182.647921085,dynamic,33,unmatched_gt,18,,,no LV-DOT estimate within 1.5 m
1789354182.748215437,dynamic,34,unmatched_gt,0,,,no LV-DOT estimate within 1.5 m
1789354182.748215437,dynamic,34,unmatched_gt,1,,,no LV-DOT estimate within 1.5 m
1789354182.748215437,dynamic,34,unmatched_gt,2,,,no LV-DOT estimate within 1.5 m
1789354182.748215437,dynamic,34,unmatched_gt,3,,,no LV-DOT estimate within 1.5 m
1789354182.748215437,dynamic,34,unmatched_gt,4,,,no LV-DOT estimate within 1.5 m
1789354182.748215437,dynamic,34,unmatched_gt,6,,,no LV-DOT estimate within 1.5 m
1789354182.748215437,dynamic,34,unmatched_gt,9,,,no LV-DOT estimate within 1.5 m
1789354182.748215437,dynamic,34,unmatched_gt,10,,,no LV-DOT estimate within 1.5 m
1789354182.748215437,dynamic,34,unmatched_gt,11,,,no LV-DOT estimate within 1.5 m
1789354182.748215437,dynamic,34,unmatched_gt,13,,,no LV-DOT estimate within 1.5 m
1789354182.748215437,dynamic,34,unmatched_gt,14,,,no LV-DOT estimate within 1.5 m
1789354182.748215437,dynamic,34,unmatched_gt,15,,,no LV-DOT estimate within 1.5 m
1789354182.748215437,dynamic,34,unmatched_gt,16,,,no LV-DOT estimate within 1.5 m
1789354182.748215437,dynamic,34,unmatched_gt,17,,,no LV-DOT estimate within 1.5 m
1789354182.748215437,dynamic,34,unmatched_gt,18,,,no LV-DOT estimate within 1.5 m
1789354182.756016016,dynamic,34,gt_teleport,6,,,same MARSIM ID moved more than 1.0 m between GT messages
1789354182.844149351,dynamic,35,track_lost,,15,,collector track exceeded missed-frame limit
1789354182.844149351,dynamic,35,track_lost,,19,,collector track exceeded missed-frame limit
1789354182.844149351,dynamic,35,unmatched_gt,0,,,no LV-DOT estimate within 1.5 m
1789354182.844149351,dynamic,35,unmatched_gt,1,,,no LV-DOT estimate within 1.5 m
1789354182.844149351,dynamic,35,unmatched_gt,2,,,no LV-DOT estimate within 1.5 m
1789354182.844149351,dynamic,35,unmatched_gt,3,,,no LV-DOT estimate within 1.5 m
1789354182.844149351,dynamic,35,unmatched_gt,4,,,no LV-DOT estimate within 1.5 m
1789354182.844149351,dynamic,35,unmatched_gt,6,,,no LV-DOT estimate within 1.5 m
1789354182.844149351,dynamic,35,unmatched_gt,9,,,no LV-DOT estimate within 1.5 m
1789354182.844149351,dynamic,35,unmatched_gt,10,,,no LV-DOT estimate within 1.5 m
1789354182.844149351,dynamic,35,unmatched_gt,11,,,no LV-DOT estimate within 1.5 m
1789354182.844149351,dynamic,35,unmatched_gt,12,,,no LV-DOT estimate within 1.5 m
1789354182.844149351,dynamic,35,unmatched_gt,13,,,no LV-DOT estimate within 1.5 m
1789354182.844149351,dynamic,35,unmatched_gt,14,,,no LV-DOT estimate within 1.5 m
1789354182.844149351,dynamic,35,unmatched_gt,15,,,no LV-DOT estimate within 1.5 m
1789354182.844149351,dynamic,35,unmatched_gt,16,,,no LV-DOT estimate within 1.5 m
1789354182.844149351,dynamic,35,unmatched_gt,17,,,no LV-DOT estimate within 1.5 m
1789354182.844149351,dynamic,35,unmatched_gt,18,,,no LV-DOT estimate within 1.5 m
1789354182.856006384,dynamic,35,gt_teleport,2,,,same MARSIM ID moved more than 1.0 m between GT messages
1789354182.941679239,dynamic,36,track_created,,22,,collector track created
1789354182.941679239,dynamic,36,unmatched_gt,0,,,no LV-DOT estimate within 1.5 m
1789354182.941679239,dynamic,36,unmatched_gt,1,,,no LV-DOT estimate within 1.5 m
1789354182.941679239,dynamic,36,unmatched_gt,3,,,no LV-DOT estimate within 1.5 m
1789354182.941679239,dynamic,36,unmatched_gt,4,,,no LV-DOT estimate within 1.5 m
1789354182.941679239,dynamic,36,unmatched_gt,6,,,no LV-DOT estimate within 1.5 m
1789354182.941679239,dynamic,36,unmatched_gt,9,,,no LV-DOT estimate within 1.5 m
1789354182.941679239,dynamic,36,unmatched_gt,10,,,no LV-DOT estimate within 1.5 m
1789354182.941679239,dynamic,36,unmatched_gt,11,,,no LV-DOT estimate within 1.5 m
1789354182.941679239,dynamic,36,unmatched_gt,12,,,no LV-DOT estimate within 1.5 m
1789354182.941679239,dynamic,36,unmatched_gt,13,,,no LV-DOT estimate within 1.5 m
1789354182.941679239,dynamic,36,unmatched_gt,14,,,no LV-DOT estimate within 1.5 m
1789354182.941679239,dynamic,36,unmatched_gt,15,,,no LV-DOT estimate within 1.5 m
1789354182.941679239,dynamic,36,unmatched_gt,16,,,no LV-DOT estimate within 1.5 m
1789354182.941679239,dynamic,36,unmatched_gt,17,,,no LV-DOT estimate within 1.5 m
1789354182.941679239,dynamic,36,unmatched_gt,18,,,no LV-DOT estimate within 1.5 m
1789354182.956001282,dynamic,36,gt_teleport,1,,,same MARSIM ID moved more than 1.0 m between GT messages
1789354182.956001282,dynamic,36,gt_teleport,18,,,same MARSIM ID moved more than 1.0 m between GT messages
1789354183.040057182,dynamic,37,id_switch,7,22,0,previous tracking_id=20
1789354183.040057182,dynamic,37,unmatched_gt,0,,,no LV-DOT estimate within 1.5 m
1789354183.040057182,dynamic,37,unmatched_gt,1,,,no LV-DOT estimate within 1.5 m
1789354183.040057182,dynamic,37,unmatched_gt,2,,,no LV-DOT estimate within 1.5 m
1789354183.040057182,dynamic,37,unmatched_gt,3,,,no LV-DOT estimate within 1.5 m
1789354183.040057182,dynamic,37,unmatched_gt,4,,,no LV-DOT estimate within 1.5 m
1789354183.040057182,dynamic,37,unmatched_gt,6,,,no LV-DOT estimate within 1.5 m
1789354183.040057182,dynamic,37,unmatched_gt,8,,,no LV-DOT estimate within 1.5 m
1789354183.040057182,dynamic,37,unmatched_gt,9,,,no LV-DOT estimate within 1.5 m
1789354183.040057182,dynamic,37,unmatched_gt,10,,,no LV-DOT estimate within 1.5 m
1789354183.040057182,dynamic,37,unmatched_gt,11,,,no LV-DOT estimate within 1.5 m
1789354183.040057182,dynamic,37,unmatched_gt,12,,,no LV-DOT estimate within 1.5 m
1789354183.040057182,dynamic,37,unmatched_gt,13,,,no LV-DOT estimate within 1.5 m
1789354183.040057182,dynamic,37,unmatched_gt,14,,,no LV-DOT estimate within 1.5 m
1789354183.040057182,dynamic,37,unmatched_gt,15,,,no LV-DOT estimate within 1.5 m
1789354183.040057182,dynamic,37,unmatched_gt,16,,,no LV-DOT estimate within 1.5 m
1789354183.040057182,dynamic,37,unmatched_gt,17,,,no LV-DOT estimate within 1.5 m
1789354183.040057182,dynamic,37,unmatched_gt,18,,,no LV-DOT estimate within 1.5 m
1789354183.139310598,dynamic,38,track_lost,,14,,collector track exceeded missed-frame limit
1789354183.139310598,dynamic,38,track_created,,23,,collector track created
1789354183.139310598,dynamic,38,id_switch,17,23,0,previous tracking_id=16
1789354183.139310598,dynamic,38,unmatched_gt,0,,,no LV-DOT estimate within 1.5 m
1789354183.139310598,dynamic,38,unmatched_gt,1,,,no LV-DOT estimate within 1.5 m
1789354183.139310598,dynamic,38,unmatched_gt,2,,,no LV-DOT estimate within 1.5 m
1789354183.139310598,dynamic,38,unmatched_gt,3,,,no LV-DOT estimate within 1.5 m
1789354183.139310598,dynamic,38,unmatched_gt,4,,,no LV-DOT estimate within 1.5 m
1789354183.139310598,dynamic,38,unmatched_gt,6,,,no LV-DOT estimate within 1.5 m
1789354183.139310598,dynamic,38,unmatched_gt,8,,,no LV-DOT estimate within 1.5 m
1789354183.139310598,dynamic,38,unmatched_gt,9,,,no LV-DOT estimate within 1.5 m
1789354183.139310598,dynamic,38,unmatched_gt,10,,,no LV-DOT estimate within 1.5 m
1789354183.139310598,dynamic,38,unmatched_gt,11,,,no LV-DOT estimate within 1.5 m
1789354183.139310598,dynamic,38,unmatched_gt,12,,,no LV-DOT estimate within 1.5 m
1789354183.139310598,dynamic,38,unmatched_gt,13,,,no LV-DOT estimate within 1.5 m
1789354183.139310598,dynamic,38,unmatched_gt,14,,,no LV-DOT estimate within 1.5 m
1789354183.139310598,dynamic,38,unmatched_gt,15,,,no LV-DOT estimate within 1.5 m
1789354183.139310598,dynamic,38,unmatched_gt,16,,,no LV-DOT estimate within 1.5 m
1789354183.139310598,dynamic,38,unmatched_gt,18,,,no LV-DOT estimate within 1.5 m
1789354183.238842010,dynamic,39,track_created,,24,,collector track created
1789354183.238842010,dynamic,39,track_created,,25,,collector track created
1789354183.238842010,dynamic,39,id_switch,1,24,1,previous tracking_id=0
1789354183.238842010,dynamic,39,id_switch,2,25,3,previous tracking_id=22
1789354183.238842010,dynamic,39,unmatched_gt,0,,,no LV-DOT estimate within 1.5 m
1789354183.238842010,dynamic,39,unmatched_gt,3,,,no LV-DOT estimate within 1.5 m
1789354183.238842010,dynamic,39,unmatched_gt,4,,,no LV-DOT estimate within 1.5 m
1789354183.238842010,dynamic,39,unmatched_gt,5,,,no LV-DOT estimate within 1.5 m
1789354183.238842010,dynamic,39,unmatched_gt,6,,,no LV-DOT estimate within 1.5 m
1789354183.238842010,dynamic,39,unmatched_gt,8,,,no LV-DOT estimate within 1.5 m
1789354183.238842010,dynamic,39,unmatched_gt,9,,,no LV-DOT estimate within 1.5 m
1789354183.238842010,dynamic,39,unmatched_gt,10,,,no LV-DOT estimate within 1.5 m
1789354183.238842010,dynamic,39,unmatched_gt,11,,,no LV-DOT estimate within 1.5 m
1789354183.238842010,dynamic,39,unmatched_gt,12,,,no LV-DOT estimate within 1.5 m
1789354183.238842010,dynamic,39,unmatched_gt,13,,,no LV-DOT estimate within 1.5 m
1789354183.238842010,dynamic,39,unmatched_gt,14,,,no LV-DOT estimate within 1.5 m
1789354183.238842010,dynamic,39,unmatched_gt,15,,,no LV-DOT estimate within 1.5 m
1789354183.238842010,dynamic,39,unmatched_gt,16,,,no LV-DOT estimate within 1.5 m
1789354183.238842010,dynamic,39,unmatched_gt,17,,,no LV-DOT estimate within 1.5 m
1789354183.238842010,dynamic,39,unmatched_gt,18,,,no LV-DOT estimate within 1.5 m
1789354183.256073236,dynamic,39,gt_teleport,8,,,same MARSIM ID moved more than 1.0 m between GT messages
1789354183.337857485,dynamic,40,track_lost,,17,,collector track exceeded missed-frame limit
1789354183.337857485,dynamic,40,track_lost,,20,,collector track exceeded missed-frame limit
1789354183.337857485,dynamic,40,unmatched_gt,0,,,no LV-DOT estimate within 1.5 m
1789354183.337857485,dynamic,40,unmatched_gt,2,,,no LV-DOT estimate within 1.5 m
1789354183.337857485,dynamic,40,unmatched_gt,3,,,no LV-DOT estimate within 1.5 m
1789354183.337857485,dynamic,40,unmatched_gt,4,,,no LV-DOT estimate within 1.5 m
1789354183.337857485,dynamic,40,unmatched_gt,5,,,no LV-DOT estimate within 1.5 m
1789354183.337857485,dynamic,40,unmatched_gt,6,,,no LV-DOT estimate within 1.5 m
1789354183.337857485,dynamic,40,unmatched_gt,8,,,no LV-DOT estimate within 1.5 m
1789354183.337857485,dynamic,40,unmatched_gt,9,,,no LV-DOT estimate within 1.5 m
1789354183.337857485,dynamic,40,unmatched_gt,10,,,no LV-DOT estimate within 1.5 m
1789354183.337857485,dynamic,40,unmatched_gt,11,,,no LV-DOT estimate within 1.5 m
1789354183.337857485,dynamic,40,unmatched_gt,12,,,no LV-DOT estimate within 1.5 m
1789354183.337857485,dynamic,40,unmatched_gt,13,,,no LV-DOT estimate within 1.5 m
1789354183.337857485,dynamic,40,unmatched_gt,14,,,no LV-DOT estimate within 1.5 m
1789354183.337857485,dynamic,40,unmatched_gt,15,,,no LV-DOT estimate within 1.5 m
1789354183.337857485,dynamic,40,unmatched_gt,16,,,no LV-DOT estimate within 1.5 m
1789354183.337857485,dynamic,40,unmatched_gt,18,,,no LV-DOT estimate within 1.5 m
1789354183.438564777,dynamic,41,unmatched_gt,0,,,no LV-DOT estimate within 1.5 m
1789354183.438564777,dynamic,41,unmatched_gt,3,,,no LV-DOT estimate within 1.5 m
1789354183.438564777,dynamic,41,unmatched_gt,4,,,no LV-DOT estimate within 1.5 m
1789354183.438564777,dynamic,41,unmatched_gt,5,,,no LV-DOT estimate within 1.5 m
1789354183.438564777,dynamic,41,unmatched_gt,6,,,no LV-DOT estimate within 1.5 m
1789354183.438564777,dynamic,41,unmatched_gt,7,,,no LV-DOT estimate within 1.5 m
1789354183.438564777,dynamic,41,unmatched_gt,8,,,no LV-DOT estimate within 1.5 m
1789354183.438564777,dynamic,41,unmatched_gt,9,,,no LV-DOT estimate within 1.5 m
1789354183.438564777,dynamic,41,unmatched_gt,10,,,no LV-DOT estimate within 1.5 m
1789354183.438564777,dynamic,41,unmatched_gt,11,,,no LV-DOT estimate within 1.5 m
1789354183.438564777,dynamic,41,unmatched_gt,12,,,no LV-DOT estimate within 1.5 m
1789354183.438564777,dynamic,41,unmatched_gt,13,,,no LV-DOT estimate within 1.5 m
1789354183.438564777,dynamic,41,unmatched_gt,14,,,no LV-DOT estimate within 1.5 m
1789354183.438564777,dynamic,41,unmatched_gt,15,,,no LV-DOT estimate within 1.5 m
1789354183.438564777,dynamic,41,unmatched_gt,16,,,no LV-DOT estimate within 1.5 m
1789354183.438564777,dynamic,41,unmatched_gt,18,,,no LV-DOT estimate within 1.5 m
1789354183.456043005,dynamic,41,gt_teleport,5,,,same MARSIM ID moved more than 1.0 m between GT messages
1789354183.456043005,dynamic,41,gt_teleport,10,,,same MARSIM ID moved more than 1.0 m between GT messages
1789354183.538828373,dynamic,42,track_lost,,21,,collector track exceeded missed-frame limit
1789354183.538828373,dynamic,42,track_created,,26,,collector track created
1789354183.538828373,dynamic,42,track_created,,27,,collector track created
1789354183.538828373,dynamic,42,id_switch,8,26,3,previous tracking_id=17
1789354183.538828373,dynamic,42,unmatched_detection,,27,4,no GT within 1.5 m
1789354183.538828373,dynamic,42,unmatched_gt,0,,,no LV-DOT estimate within 1.5 m
1789354183.538828373,dynamic,42,unmatched_gt,3,,,no LV-DOT estimate within 1.5 m
1789354183.538828373,dynamic,42,unmatched_gt,4,,,no LV-DOT estimate within 1.5 m
1789354183.538828373,dynamic,42,unmatched_gt,5,,,no LV-DOT estimate within 1.5 m
1789354183.538828373,dynamic,42,unmatched_gt,6,,,no LV-DOT estimate within 1.5 m
1789354183.538828373,dynamic,42,unmatched_gt,7,,,no LV-DOT estimate within 1.5 m
1789354183.538828373,dynamic,42,unmatched_gt,9,,,no LV-DOT estimate within 1.5 m
1789354183.538828373,dynamic,42,unmatched_gt,10,,,no LV-DOT estimate within 1.5 m
1789354183.538828373,dynamic,42,unmatched_gt,11,,,no LV-DOT estimate within 1.5 m
1789354183.538828373,dynamic,42,unmatched_gt,12,,,no LV-DOT estimate within 1.5 m
1789354183.538828373,dynamic,42,unmatched_gt,13,,,no LV-DOT estimate within 1.5 m
1789354183.538828373,dynamic,42,unmatched_gt,14,,,no LV-DOT estimate within 1.5 m
1789354183.538828373,dynamic,42,unmatched_gt,15,,,no LV-DOT estimate within 1.5 m
1789354183.538828373,dynamic,42,unmatched_gt,16,,,no LV-DOT estimate within 1.5 m
1789354183.538828373,dynamic,42,unmatched_gt,18,,,no LV-DOT estimate within 1.5 m
1789354183.555999517,dynamic,42,gt_teleport,9,,,same MARSIM ID moved more than 1.0 m between GT messages
1789354183.555999517,dynamic,42,gt_teleport,15,,,same MARSIM ID moved more than 1.0 m between GT messages
1789354183.638064861,dynamic,43,unmatched_gt,0,,,no LV-DOT estimate within 1.5 m
1789354183.638064861,dynamic,43,unmatched_gt,2,,,no LV-DOT estimate within 1.5 m
1789354183.638064861,dynamic,43,unmatched_gt,3,,,no LV-DOT estimate within 1.5 m
1789354183.638064861,dynamic,43,unmatched_gt,4,,,no LV-DOT estimate within 1.5 m
1789354183.638064861,dynamic,43,unmatched_gt,5,,,no LV-DOT estimate within 1.5 m
1789354183.638064861,dynamic,43,unmatched_gt,6,,,no LV-DOT estimate within 1.5 m
1789354183.638064861,dynamic,43,unmatched_gt,7,,,no LV-DOT estimate within 1.5 m
1789354183.638064861,dynamic,43,unmatched_gt,9,,,no LV-DOT estimate within 1.5 m
1789354183.638064861,dynamic,43,unmatched_gt,10,,,no LV-DOT estimate within 1.5 m
1789354183.638064861,dynamic,43,unmatched_gt,11,,,no LV-DOT estimate within 1.5 m
1789354183.638064861,dynamic,43,unmatched_gt,12,,,no LV-DOT estimate within 1.5 m
1789354183.638064861,dynamic,43,unmatched_gt,13,,,no LV-DOT estimate within 1.5 m
1789354183.638064861,dynamic,43,unmatched_gt,14,,,no LV-DOT estimate within 1.5 m
1789354183.638064861,dynamic,43,unmatched_gt,15,,,no LV-DOT estimate within 1.5 m
1789354183.638064861,dynamic,43,unmatched_gt,16,,,no LV-DOT estimate within 1.5 m
1789354183.638064861,dynamic,43,unmatched_gt,17,,,no LV-DOT estimate within 1.5 m
1789354183.638064861,dynamic,43,unmatched_gt,18,,,no LV-DOT estimate within 1.5 m
1789354183.655917645,dynamic,43,gt_teleport,3,,,same MARSIM ID moved more than 1.0 m between GT messages
1789354183.655917645,dynamic,43,gt_teleport,6,,,same MARSIM ID moved more than 1.0 m between GT messages
1789354183.655917645,dynamic,43,gt_teleport,7,,,same MARSIM ID moved more than 1.0 m between GT messages
1789354183.739177704,dynamic,44,track_lost,,22,,collector track exceeded missed-frame limit
1789354183.739177704,dynamic,44,unmatched_gt,0,,,no LV-DOT estimate within 1.5 m
1789354183.739177704,dynamic,44,unmatched_gt,2,,,no LV-DOT estimate within 1.5 m
1789354183.739177704,dynamic,44,unmatched_gt,3,,,no LV-DOT estimate within 1.5 m
1789354183.739177704,dynamic,44,unmatched_gt,4,,,no LV-DOT estimate within 1.5 m
1789354183.739177704,dynamic,44,unmatched_gt,5,,,no LV-DOT estimate within 1.5 m
1789354183.739177704,dynamic,44,unmatched_gt,6,,,no LV-DOT estimate within 1.5 m
1789354183.739177704,dynamic,44,unmatched_gt,7,,,no LV-DOT estimate within 1.5 m
1789354183.739177704,dynamic,44,unmatched_gt,9,,,no LV-DOT estimate within 1.5 m
1789354183.739177704,dynamic,44,unmatched_gt,10,,,no LV-DOT estimate within 1.5 m
1789354183.739177704,dynamic,44,unmatched_gt,11,,,no LV-DOT estimate within 1.5 m
1789354183.739177704,dynamic,44,unmatched_gt,12,,,no LV-DOT estimate within 1.5 m
1789354183.739177704,dynamic,44,unmatched_gt,13,,,no LV-DOT estimate within 1.5 m
1789354183.739177704,dynamic,44,unmatched_gt,14,,,no LV-DOT estimate within 1.5 m
1789354183.739177704,dynamic,44,unmatched_gt,15,,,no LV-DOT estimate within 1.5 m
1789354183.739177704,dynamic,44,unmatched_gt,16,,,no LV-DOT estimate within 1.5 m
1789354183.739177704,dynamic,44,unmatched_gt,18,,,no LV-DOT estimate within 1.5 m
1789354183.756004095,dynamic,44,gt_teleport,6,,,same MARSIM ID moved more than 1.0 m between GT messages
1789354183.839422464,dynamic,45,track_created,,28,,collector track created
1789354183.839422464,dynamic,45,id_switch,9,28,4,previous tracking_id=19
1789354183.839422464,dynamic,45,unmatched_gt,0,,,no LV-DOT estimate within 1.5 m
1789354183.839422464,dynamic,45,unmatched_gt,2,,,no LV-DOT estimate within 1.5 m
1789354183.839422464,dynamic,45,unmatched_gt,3,,,no LV-DOT estimate within 1.5 m
1789354183.839422464,dynamic,45,unmatched_gt,4,,,no LV-DOT estimate within 1.5 m
1789354183.839422464,dynamic,45,unmatched_gt,5,,,no LV-DOT estimate within 1.5 m
1789354183.839422464,dynamic,45,unmatched_gt,6,,,no LV-DOT estimate within 1.5 m
1789354183.839422464,dynamic,45,unmatched_gt,7,,,no LV-DOT estimate within 1.5 m
1789354183.839422464,dynamic,45,unmatched_gt,10,,,no LV-DOT estimate within 1.5 m
1789354183.839422464,dynamic,45,unmatched_gt,11,,,no LV-DOT estimate within 1.5 m
1789354183.839422464,dynamic,45,unmatched_gt,12,,,no LV-DOT estimate within 1.5 m
1789354183.839422464,dynamic,45,unmatched_gt,13,,,no LV-DOT estimate within 1.5 m
1789354183.839422464,dynamic,45,unmatched_gt,14,,,no LV-DOT estimate within 1.5 m
1789354183.839422464,dynamic,45,unmatched_gt,15,,,no LV-DOT estimate within 1.5 m
1789354183.839422464,dynamic,45,unmatched_gt,16,,,no LV-DOT estimate within 1.5 m
1789354183.839422464,dynamic,45,unmatched_gt,18,,,no LV-DOT estimate within 1.5 m
1789354183.939998388,dynamic,46,track_lost,,25,,collector track exceeded missed-frame limit
1789354183.939998388,dynamic,46,track_lost,,27,,collector track exceeded missed-frame limit
1789354183.939998388,dynamic,46,track_created,,29,,collector track created
1789354183.939998388,dynamic,46,track_created,,30,,collector track created
1789354183.939998388,dynamic,46,id_switch,3,29,3,previous tracking_id=10
1789354183.939998388,dynamic,46,id_switch,18,30,5,previous tracking_id=15
1789354183.939998388,dynamic,46,unmatched_gt,0,,,no LV-DOT estimate within 1.5 m
1789354183.939998388,dynamic,46,unmatched_gt,2,,,no LV-DOT estimate within 1.5 m
1789354183.939998388,dynamic,46,unmatched_gt,4,,,no LV-DOT estimate within 1.5 m
1789354183.939998388,dynamic,46,unmatched_gt,5,,,no LV-DOT estimate within 1.5 m
1789354183.939998388,dynamic,46,unmatched_gt,6,,,no LV-DOT estimate within 1.5 m
1789354183.939998388,dynamic,46,unmatched_gt,7,,,no LV-DOT estimate within 1.5 m
1789354183.939998388,dynamic,46,unmatched_gt,10,,,no LV-DOT estimate within 1.5 m
1789354183.939998388,dynamic,46,unmatched_gt,11,,,no LV-DOT estimate within 1.5 m
1789354183.939998388,dynamic,46,unmatched_gt,12,,,no LV-DOT estimate within 1.5 m
1789354183.939998388,dynamic,46,unmatched_gt,13,,,no LV-DOT estimate within 1.5 m
1789354183.939998388,dynamic,46,unmatched_gt,14,,,no LV-DOT estimate within 1.5 m
1789354183.939998388,dynamic,46,unmatched_gt,15,,,no LV-DOT estimate within 1.5 m
1789354183.939998388,dynamic,46,unmatched_gt,16,,,no LV-DOT estimate within 1.5 m
1789354183.939998388,dynamic,46,unmatched_gt,17,,,no LV-DOT estimate within 1.5 m
1789354184.039960861,dynamic,47,unmatched_gt,0,,,no LV-DOT estimate within 1.5 m
1789354184.039960861,dynamic,47,unmatched_gt,2,,,no LV-DOT estimate within 1.5 m
1789354184.039960861,dynamic,47,unmatched_gt,4,,,no LV-DOT estimate within 1.5 m
1789354184.039960861,dynamic,47,unmatched_gt,5,,,no LV-DOT estimate within 1.5 m
1789354184.039960861,dynamic,47,unmatched_gt,6,,,no LV-DOT estimate within 1.5 m
1789354184.039960861,dynamic,47,unmatched_gt,7,,,no LV-DOT estimate within 1.5 m
1789354184.039960861,dynamic,47,unmatched_gt,10,,,no LV-DOT estimate within 1.5 m
1789354184.039960861,dynamic,47,unmatched_gt,11,,,no LV-DOT estimate within 1.5 m
1789354184.039960861,dynamic,47,unmatched_gt,12,,,no LV-DOT estimate within 1.5 m
1789354184.039960861,dynamic,47,unmatched_gt,13,,,no LV-DOT estimate within 1.5 m
1789354184.039960861,dynamic,47,unmatched_gt,14,,,no LV-DOT estimate within 1.5 m
1789354184.039960861,dynamic,47,unmatched_gt,15,,,no LV-DOT estimate within 1.5 m
1789354184.039960861,dynamic,47,unmatched_gt,16,,,no LV-DOT estimate within 1.5 m
1789354184.039960861,dynamic,47,unmatched_gt,17,,,no LV-DOT estimate within 1.5 m
1789354184.039960861,dynamic,47,unmatched_gt,18,,,no LV-DOT estimate within 1.5 m
1789354184.056214571,dynamic,47,gt_teleport,12,,,same MARSIM ID moved more than 1.0 m between GT messages
1789354184.141813993,dynamic,48,track_created,,31,,collector track created
1789354184.141813993,dynamic,48,track_created,,32,,collector track created
1789354184.141813993,dynamic,48,id_switch,6,31,3,previous tracking_id=18
1789354184.141813993,dynamic,48,id_switch,2,32,7,previous tracking_id=25
1789354184.141813993,dynamic,48,unmatched_gt,0,,,no LV-DOT estimate within 1.5 m
1789354184.141813993,dynamic,48,unmatched_gt,4,,,no LV-DOT estimate within 1.5 m
1789354184.141813993,dynamic,48,unmatched_gt,5,,,no LV-DOT estimate within 1.5 m
1789354184.141813993,dynamic,48,unmatched_gt,7,,,no LV-DOT estimate within 1.5 m
1789354184.141813993,dynamic,48,unmatched_gt,10,,,no LV-DOT estimate within 1.5 m
1789354184.141813993,dynamic,48,unmatched_gt,11,,,no LV-DOT estimate within 1.5 m
1789354184.141813993,dynamic,48,unmatched_gt,12,,,no LV-DOT estimate within 1.5 m
1789354184.141813993,dynamic,48,unmatched_gt,13,,,no LV-DOT estimate within 1.5 m
1789354184.141813993,dynamic,48,unmatched_gt,14,,,no LV-DOT estimate within 1.5 m
1789354184.141813993,dynamic,48,unmatched_gt,15,,,no LV-DOT estimate within 1.5 m
1789354184.141813993,dynamic,48,unmatched_gt,16,,,no LV-DOT estimate within 1.5 m
1789354184.141813993,dynamic,48,unmatched_gt,18,,,no LV-DOT estimate within 1.5 m
1789354184.238888979,dynamic,49,unmatched_gt,0,,,no LV-DOT estimate within 1.5 m
1789354184.238888979,dynamic,49,unmatched_gt,2,,,no LV-DOT estimate within 1.5 m
1789354184.238888979,dynamic,49,unmatched_gt,4,,,no LV-DOT estimate within 1.5 m
1789354184.238888979,dynamic,49,unmatched_gt,5,,,no LV-DOT estimate within 1.5 m
1789354184.238888979,dynamic,49,unmatched_gt,7,,,no LV-DOT estimate within 1.5 m
1789354184.238888979,dynamic,49,unmatched_gt,10,,,no LV-DOT estimate within 1.5 m
1789354184.238888979,dynamic,49,unmatched_gt,11,,,no LV-DOT estimate within 1.5 m
1789354184.238888979,dynamic,49,unmatched_gt,12,,,no LV-DOT estimate within 1.5 m
1789354184.238888979,dynamic,49,unmatched_gt,13,,,no LV-DOT estimate within 1.5 m
1789354184.238888979,dynamic,49,unmatched_gt,14,,,no LV-DOT estimate within 1.5 m
1789354184.238888979,dynamic,49,unmatched_gt,15,,,no LV-DOT estimate within 1.5 m
1789354184.238888979,dynamic,49,unmatched_gt,16,,,no LV-DOT estimate within 1.5 m
1789354184.238888979,dynamic,49,unmatched_gt,17,,,no LV-DOT estimate within 1.5 m
1789354184.238888979,dynamic,49,unmatched_gt,18,,,no LV-DOT estimate within 1.5 m
1789354184.338784695,dynamic,50,track_lost,,30,,collector track exceeded missed-frame limit
1789354184.338784695,dynamic,50,unmatched_gt,0,,,no LV-DOT estimate within 1.5 m
1789354184.338784695,dynamic,50,unmatched_gt,3,,,no LV-DOT estimate within 1.5 m
1789354184.338784695,dynamic,50,unmatched_gt,4,,,no LV-DOT estimate within 1.5 m
1789354184.338784695,dynamic,50,unmatched_gt,5,,,no LV-DOT estimate within 1.5 m
1789354184.338784695,dynamic,50,unmatched_gt,6,,,no LV-DOT estimate within 1.5 m
1789354184.338784695,dynamic,50,unmatched_gt,7,,,no LV-DOT estimate within 1.5 m
1789354184.338784695,dynamic,50,unmatched_gt,10,,,no LV-DOT estimate within 1.5 m
1789354184.338784695,dynamic,50,unmatched_gt,11,,,no LV-DOT estimate within 1.5 m
1789354184.338784695,dynamic,50,unmatched_gt,12,,,no LV-DOT estimate within 1.5 m
1789354184.338784695,dynamic,50,unmatched_gt,13,,,no LV-DOT estimate within 1.5 m
1789354184.338784695,dynamic,50,unmatched_gt,14,,,no LV-DOT estimate within 1.5 m
1789354184.338784695,dynamic,50,unmatched_gt,15,,,no LV-DOT estimate within 1.5 m
1789354184.338784695,dynamic,50,unmatched_gt,16,,,no LV-DOT estimate within 1.5 m
1789354184.338784695,dynamic,50,unmatched_gt,18,,,no LV-DOT estimate within 1.5 m
1789354184.439840555,dynamic,51,unmatched_gt,0,,,no LV-DOT estimate within 1.5 m
1789354184.439840555,dynamic,51,unmatched_gt,3,,,no LV-DOT estimate within 1.5 m
1789354184.439840555,dynamic,51,unmatched_gt,4,,,no LV-DOT estimate within 1.5 m
1789354184.439840555,dynamic,51,unmatched_gt,5,,,no LV-DOT estimate within 1.5 m
1789354184.439840555,dynamic,51,unmatched_gt,7,,,no LV-DOT estimate within 1.5 m
1789354184.439840555,dynamic,51,unmatched_gt,10,,,no LV-DOT estimate within 1.5 m
1789354184.439840555,dynamic,51,unmatched_gt,11,,,no LV-DOT estimate within 1.5 m
1789354184.439840555,dynamic,51,unmatched_gt,12,,,no LV-DOT estimate within 1.5 m
1789354184.439840555,dynamic,51,unmatched_gt,13,,,no LV-DOT estimate within 1.5 m
1789354184.439840555,dynamic,51,unmatched_gt,14,,,no LV-DOT estimate within 1.5 m
1789354184.439840555,dynamic,51,unmatched_gt,15,,,no LV-DOT estimate within 1.5 m
1789354184.439840555,dynamic,51,unmatched_gt,16,,,no LV-DOT estimate within 1.5 m
1789354184.439840555,dynamic,51,unmatched_gt,18,,,no LV-DOT estimate within 1.5 m
1789354184.539324522,dynamic,52,unmatched_gt,0,,,no LV-DOT estimate within 1.5 m
1789354184.539324522,dynamic,52,unmatched_gt,2,,,no LV-DOT estimate within 1.5 m
1789354184.539324522,dynamic,52,unmatched_gt,3,,,no LV-DOT estimate within 1.5 m
1789354184.539324522,dynamic,52,unmatched_gt,4,,,no LV-DOT estimate within 1.5 m
1789354184.539324522,dynamic,52,unmatched_gt,5,,,no LV-DOT estimate within 1.5 m
1789354184.539324522,dynamic,52,unmatched_gt,6,,,no LV-DOT estimate within 1.5 m
1789354184.539324522,dynamic,52,unmatched_gt,7,,,no LV-DOT estimate within 1.5 m
1789354184.539324522,dynamic,52,unmatched_gt,10,,,no LV-DOT estimate within 1.5 m
1789354184.539324522,dynamic,52,unmatched_gt,11,,,no LV-DOT estimate within 1.5 m
1789354184.539324522,dynamic,52,unmatched_gt,12,,,no LV-DOT estimate within 1.5 m
1789354184.539324522,dynamic,52,unmatched_gt,13,,,no LV-DOT estimate within 1.5 m
1789354184.539324522,dynamic,52,unmatched_gt,14,,,no LV-DOT estimate within 1.5 m
1789354184.539324522,dynamic,52,unmatched_gt,15,,,no LV-DOT estimate within 1.5 m
1789354184.539324522,dynamic,52,unmatched_gt,16,,,no LV-DOT estimate within 1.5 m
1789354184.539324522,dynamic,52,unmatched_gt,17,,,no LV-DOT estimate within 1.5 m
1789354184.539324522,dynamic,52,unmatched_gt,18,,,no LV-DOT estimate within 1.5 m
1789354184.556041956,dynamic,52,gt_teleport,0,,,same MARSIM ID moved more than 1.0 m between GT messages
1789354184.638498783,dynamic,53,track_lost,,29,,collector track exceeded missed-frame limit
1789354184.638498783,dynamic,53,unmatched_gt,0,,,no LV-DOT estimate within 1.5 m
1789354184.638498783,dynamic,53,unmatched_gt,1,,,no LV-DOT estimate within 1.5 m
1789354184.638498783,dynamic,53,unmatched_gt,2,,,no LV-DOT estimate within 1.5 m
1789354184.638498783,dynamic,53,unmatched_gt,3,,,no LV-DOT estimate within 1.5 m
1789354184.638498783,dynamic,53,unmatched_gt,4,,,no LV-DOT estimate within 1.5 m
1789354184.638498783,dynamic,53,unmatched_gt,5,,,no LV-DOT estimate within 1.5 m
1789354184.638498783,dynamic,53,unmatched_gt,7,,,no LV-DOT estimate within 1.5 m
1789354184.638498783,dynamic,53,unmatched_gt,10,,,no LV-DOT estimate within 1.5 m
1789354184.638498783,dynamic,53,unmatched_gt,11,,,no LV-DOT estimate within 1.5 m
1789354184.638498783,dynamic,53,unmatched_gt,12,,,no LV-DOT estimate within 1.5 m
1789354184.638498783,dynamic,53,unmatched_gt,13,,,no LV-DOT estimate within 1.5 m
1789354184.638498783,dynamic,53,unmatched_gt,14,,,no LV-DOT estimate within 1.5 m
1789354184.638498783,dynamic,53,unmatched_gt,15,,,no LV-DOT estimate within 1.5 m
1789354184.638498783,dynamic,53,unmatched_gt,16,,,no LV-DOT estimate within 1.5 m
1789354184.638498783,dynamic,53,unmatched_gt,18,,,no LV-DOT estimate within 1.5 m
1789354184.740278482,dynamic,54,track_created,,33,,collector track created
1789354184.740278482,dynamic,54,id_switch,3,33,2,previous tracking_id=29
1789354184.740278482,dynamic,54,unmatched_gt,0,,,no LV-DOT estimate within 1.5 m
1789354184.740278482,dynamic,54,unmatched_gt,1,,,no LV-DOT estimate within 1.5 m
1789354184.740278482,dynamic,54,unmatched_gt,2,,,no LV-DOT estimate within 1.5 m
1789354184.740278482,dynamic,54,unmatched_gt,4,,,no LV-DOT estimate within 1.5 m
1789354184.740278482,dynamic,54,unmatched_gt,5,,,no LV-DOT estimate within 1.5 m
1789354184.740278482,dynamic,54,unmatched_gt,6,,,no LV-DOT estimate within 1.5 m
1789354184.740278482,dynamic,54,unmatched_gt,7,,,no LV-DOT estimate within 1.5 m
1789354184.740278482,dynamic,54,unmatched_gt,10,,,no LV-DOT estimate within 1.5 m
1789354184.740278482,dynamic,54,unmatched_gt,11,,,no LV-DOT estimate within 1.5 m
1789354184.740278482,dynamic,54,unmatched_gt,12,,,no LV-DOT estimate within 1.5 m
1789354184.740278482,dynamic,54,unmatched_gt,13,,,no LV-DOT estimate within 1.5 m
1789354184.740278482,dynamic,54,unmatched_gt,14,,,no LV-DOT estimate within 1.5 m
1789354184.740278482,dynamic,54,unmatched_gt,15,,,no LV-DOT estimate within 1.5 m
1789354184.740278482,dynamic,54,unmatched_gt,16,,,no LV-DOT estimate within 1.5 m
1789354184.740278482,dynamic,54,unmatched_gt,18,,,no LV-DOT estimate within 1.5 m
1789354184.756069422,dynamic,54,gt_teleport,1,,,same MARSIM ID moved more than 1.0 m between GT messages
1789354184.840055466,dynamic,55,track_lost,,32,,collector track exceeded missed-frame limit
1789354184.840055466,dynamic,55,track_created,,34,,collector track created
1789354184.840055466,dynamic,55,unmatched_detection,,34,3,no GT within 1.5 m
1789354184.840055466,dynamic,55,unmatched_gt,0,,,no LV-DOT estimate within 1.5 m
1789354184.840055466,dynamic,55,unmatched_gt,1,,,no LV-DOT estimate within 1.5 m
1789354184.840055466,dynamic,55,unmatched_gt,2,,,no LV-DOT estimate within 1.5 m
1789354184.840055466,dynamic,55,unmatched_gt,3,,,no LV-DOT estimate within 1.5 m
1789354184.840055466,dynamic,55,unmatched_gt,4,,,no LV-DOT estimate within 1.5 m
1789354184.840055466,dynamic,55,unmatched_gt,5,,,no LV-DOT estimate within 1.5 m
1789354184.840055466,dynamic,55,unmatched_gt,7,,,no LV-DOT estimate within 1.5 m
1789354184.840055466,dynamic,55,unmatched_gt,10,,,no LV-DOT estimate within 1.5 m
1789354184.840055466,dynamic,55,unmatched_gt,11,,,no LV-DOT estimate within 1.5 m
1789354184.840055466,dynamic,55,unmatched_gt,12,,,no LV-DOT estimate within 1.5 m
1789354184.840055466,dynamic,55,unmatched_gt,13,,,no LV-DOT estimate within 1.5 m
1789354184.840055466,dynamic,55,unmatched_gt,14,,,no LV-DOT estimate within 1.5 m
1789354184.840055466,dynamic,55,unmatched_gt,15,,,no LV-DOT estimate within 1.5 m
1789354184.840055466,dynamic,55,unmatched_gt,16,,,no LV-DOT estimate within 1.5 m
1789354184.840055466,dynamic,55,unmatched_gt,18,,,no LV-DOT estimate within 1.5 m
1789354184.856056929,dynamic,55,gt_teleport,5,,,same MARSIM ID moved more than 1.0 m between GT messages
1789354184.856056929,dynamic,55,gt_teleport,18,,,same MARSIM ID moved more than 1.0 m between GT messages
1789354184.939803123,dynamic,56,track_lost,,24,,collector track exceeded missed-frame limit
1789354184.939803123,dynamic,56,track_created,,35,,collector track created
1789354184.939803123,dynamic,56,id_switch,2,35,2,previous tracking_id=32
1789354184.939803123,dynamic,56,unmatched_gt,0,,,no LV-DOT estimate within 1.5 m
1789354184.939803123,dynamic,56,unmatched_gt,1,,,no LV-DOT estimate within 1.5 m
1789354184.939803123,dynamic,56,unmatched_gt,3,,,no LV-DOT estimate within 1.5 m
1789354184.939803123,dynamic,56,unmatched_gt,4,,,no LV-DOT estimate within 1.5 m
1789354184.939803123,dynamic,56,unmatched_gt,5,,,no LV-DOT estimate within 1.5 m
1789354184.939803123,dynamic,56,unmatched_gt,7,,,no LV-DOT estimate within 1.5 m
1789354184.939803123,dynamic,56,unmatched_gt,10,,,no LV-DOT estimate within 1.5 m
1789354184.939803123,dynamic,56,unmatched_gt,11,,,no LV-DOT estimate within 1.5 m
1789354184.939803123,dynamic,56,unmatched_gt,12,,,no LV-DOT estimate within 1.5 m
1789354184.939803123,dynamic,56,unmatched_gt,13,,,no LV-DOT estimate within 1.5 m
1789354184.939803123,dynamic,56,unmatched_gt,14,,,no LV-DOT estimate within 1.5 m
1789354184.939803123,dynamic,56,unmatched_gt,15,,,no LV-DOT estimate within 1.5 m
1789354184.939803123,dynamic,56,unmatched_gt,16,,,no LV-DOT estimate within 1.5 m
1789354184.939803123,dynamic,56,unmatched_gt,17,,,no LV-DOT estimate within 1.5 m
1789354184.939803123,dynamic,56,unmatched_gt,18,,,no LV-DOT estimate within 1.5 m
1789354185.040764809,dynamic,57,track_created,,36,,collector track created
1789354185.040764809,dynamic,57,id_switch,6,34,2,previous tracking_id=31
1789354185.040764809,dynamic,57,id_switch,1,36,4,previous tracking_id=24
1789354185.040764809,dynamic,57,unmatched_gt,0,,,no LV-DOT estimate within 1.5 m
1789354185.040764809,dynamic,57,unmatched_gt,2,,,no LV-DOT estimate within 1.5 m
1789354185.040764809,dynamic,57,unmatched_gt,3,,,no LV-DOT estimate within 1.5 m
1789354185.040764809,dynamic,57,unmatched_gt,4,,,no LV-DOT estimate within 1.5 m
1789354185.040764809,dynamic,57,unmatched_gt,5,,,no LV-DOT estimate within 1.5 m
1789354185.040764809,dynamic,57,unmatched_gt,7,,,no LV-DOT estimate within 1.5 m
1789354185.040764809,dynamic,57,unmatched_gt,8,,,no LV-DOT estimate within 1.5 m
1789354185.040764809,dynamic,57,unmatched_gt,10,,,no LV-DOT estimate within 1.5 m
1789354185.040764809,dynamic,57,unmatched_gt,11,,,no LV-DOT estimate within 1.5 m
1789354185.040764809,dynamic,57,unmatched_gt,12,,,no LV-DOT estimate within 1.5 m
1789354185.040764809,dynamic,57,unmatched_gt,13,,,no LV-DOT estimate within 1.5 m
1789354185.040764809,dynamic,57,unmatched_gt,14,,,no LV-DOT estimate within 1.5 m
1789354185.040764809,dynamic,57,unmatched_gt,15,,,no LV-DOT estimate within 1.5 m
1789354185.040764809,dynamic,57,unmatched_gt,16,,,no LV-DOT estimate within 1.5 m
1789354185.040764809,dynamic,57,unmatched_gt,18,,,no LV-DOT estimate within 1.5 m
1789354185.139517069,dynamic,58,track_lost,,33,,collector track exceeded missed-frame limit
1789354185.139517069,dynamic,58,track_created,,37,,collector track created
1789354185.139517069,dynamic,58,track_created,,38,,collector track created
1789354185.139517069,dynamic,58,id_switch,5,37,1,previous tracking_id=21
1789354185.139517069,dynamic,58,unmatched_detection,,38,5,no GT within 1.5 m
1789354185.139517069,dynamic,58,unmatched_gt,0,,,no LV-DOT estimate within 1.5 m
1789354185.139517069,dynamic,58,unmatched_gt,3,,,no LV-DOT estimate within 1.5 m
1789354185.139517069,dynamic,58,unmatched_gt,4,,,no LV-DOT estimate within 1.5 m
1789354185.139517069,dynamic,58,unmatched_gt,7,,,no LV-DOT estimate within 1.5 m
1789354185.139517069,dynamic,58,unmatched_gt,8,,,no LV-DOT estimate within 1.5 m
1789354185.139517069,dynamic,58,unmatched_gt,10,,,no LV-DOT estimate within 1.5 m
1789354185.139517069,dynamic,58,unmatched_gt,11,,,no LV-DOT estimate within 1.5 m
1789354185.139517069,dynamic,58,unmatched_gt,12,,,no LV-DOT estimate within 1.5 m
1789354185.139517069,dynamic,58,unmatched_gt,13,,,no LV-DOT estimate within 1.5 m
1789354185.139517069,dynamic,58,unmatched_gt,14,,,no LV-DOT estimate within 1.5 m
1789354185.139517069,dynamic,58,unmatched_gt,15,,,no LV-DOT estimate within 1.5 m
1789354185.139517069,dynamic,58,unmatched_gt,16,,,no LV-DOT estimate within 1.5 m
1789354185.139517069,dynamic,58,unmatched_gt,17,,,no LV-DOT estimate within 1.5 m
1789354185.139517069,dynamic,58,unmatched_gt,18,,,no LV-DOT estimate within 1.5 m
1789354185.156031132,dynamic,58,gt_teleport,8,,,same MARSIM ID moved more than 1.0 m between GT messages
1789354185.239560604,dynamic,59,track_created,,39,,collector track created
1789354185.239560604,dynamic,59,id_switch,3,39,4,previous tracking_id=33
1789354185.239560604,dynamic,59,id_switch,9,38,5,previous tracking_id=28
1789354185.239560604,dynamic,59,unmatched_gt,0,,,no LV-DOT estimate within 1.5 m
1789354185.239560604,dynamic,59,unmatched_gt,4,,,no LV-DOT estimate within 1.5 m
1789354185.239560604,dynamic,59,unmatched_gt,7,,,no LV-DOT estimate within 1.5 m
1789354185.239560604,dynamic,59,unmatched_gt,8,,,no LV-DOT estimate within 1.5 m
1789354185.239560604,dynamic,59,unmatched_gt,10,,,no LV-DOT estimate within 1.5 m
1789354185.239560604,dynamic,59,unmatched_gt,11,,,no LV-DOT estimate within 1.5 m
1789354185.239560604,dynamic,59,unmatched_gt,12,,,no LV-DOT estimate within 1.5 m
1789354185.239560604,dynamic,59,unmatched_gt,13,,,no LV-DOT estimate within 1.5 m
1789354185.239560604,dynamic,59,unmatched_gt,14,,,no LV-DOT estimate within 1.5 m
1789354185.239560604,dynamic,59,unmatched_gt,15,,,no LV-DOT estimate within 1.5 m
1789354185.239560604,dynamic,59,unmatched_gt,16,,,no LV-DOT estimate within 1.5 m
1789354185.239560604,dynamic,59,unmatched_gt,18,,,no LV-DOT estimate within 1.5 m
1789354185.256018877,dynamic,59,gt_teleport,7,,,same MARSIM ID moved more than 1.0 m between GT messages
1789354185.256018877,dynamic,59,gt_teleport,13,,,same MARSIM ID moved more than 1.0 m between GT messages
1789354185.339733362,dynamic,60,track_lost,,26,,collector track exceeded missed-frame limit
1789354185.339733362,dynamic,60,track_lost,,31,,collector track exceeded missed-frame limit
1789354185.339733362,dynamic,60,unmatched_gt,0,,,no LV-DOT estimate within 1.5 m
1789354185.339733362,dynamic,60,unmatched_gt,1,,,no LV-DOT estimate within 1.5 m
1789354185.339733362,dynamic,60,unmatched_gt,3,,,no LV-DOT estimate within 1.5 m
1789354185.339733362,dynamic,60,unmatched_gt,4,,,no LV-DOT estimate within 1.5 m
1789354185.339733362,dynamic,60,unmatched_gt,7,,,no LV-DOT estimate within 1.5 m
1789354185.339733362,dynamic,60,unmatched_gt,8,,,no LV-DOT estimate within 1.5 m
1789354185.339733362,dynamic,60,unmatched_gt,10,,,no LV-DOT estimate within 1.5 m
1789354185.339733362,dynamic,60,unmatched_gt,11,,,no LV-DOT estimate within 1.5 m
1789354185.339733362,dynamic,60,unmatched_gt,12,,,no LV-DOT estimate within 1.5 m
1789354185.339733362,dynamic,60,unmatched_gt,13,,,no LV-DOT estimate within 1.5 m
1789354185.339733362,dynamic,60,unmatched_gt,14,,,no LV-DOT estimate within 1.5 m
1789354185.339733362,dynamic,60,unmatched_gt,15,,,no LV-DOT estimate within 1.5 m
1789354185.339733362,dynamic,60,unmatched_gt,17,,,no LV-DOT estimate within 1.5 m
1789354185.339733362,dynamic,60,unmatched_gt,18,,,no LV-DOT estimate within 1.5 m
1789354185.356002569,dynamic,60,gt_teleport,10,,,same MARSIM ID moved more than 1.0 m between GT messages
1789354185.439611435,dynamic,61,unmatched_gt,0,,,no LV-DOT estimate within 1.5 m
1789354185.439611435,dynamic,61,unmatched_gt,1,,,no LV-DOT estimate within 1.5 m
1789354185.439611435,dynamic,61,unmatched_gt,3,,,no LV-DOT estimate within 1.5 m
1789354185.439611435,dynamic,61,unmatched_gt,4,,,no LV-DOT estimate within 1.5 m
1789354185.439611435,dynamic,61,unmatched_gt,7,,,no LV-DOT estimate within 1.5 m
1789354185.439611435,dynamic,61,unmatched_gt,8,,,no LV-DOT estimate within 1.5 m
1789354185.439611435,dynamic,61,unmatched_gt,10,,,no LV-DOT estimate within 1.5 m
1789354185.439611435,dynamic,61,unmatched_gt,11,,,no LV-DOT estimate within 1.5 m
1789354185.439611435,dynamic,61,unmatched_gt,12,,,no LV-DOT estimate within 1.5 m
1789354185.439611435,dynamic,61,unmatched_gt,13,,,no LV-DOT estimate within 1.5 m
1789354185.439611435,dynamic,61,unmatched_gt,14,,,no LV-DOT estimate within 1.5 m
1789354185.439611435,dynamic,61,unmatched_gt,15,,,no LV-DOT estimate within 1.5 m
1789354185.439611435,dynamic,61,unmatched_gt,17,,,no LV-DOT estimate within 1.5 m
1789354185.439611435,dynamic,61,unmatched_gt,18,,,no LV-DOT estimate within 1.5 m
1789354185.456012964,dynamic,61,gt_teleport,8,,,same MARSIM ID moved more than 1.0 m between GT messages
1789354185.456012964,dynamic,61,gt_teleport,12,,,same MARSIM ID moved more than 1.0 m between GT messages
1789354185.540253639,dynamic,62,track_lost,,28,,collector track exceeded missed-frame limit
1789354185.540253639,dynamic,62,unmatched_gt,0,,,no LV-DOT estimate within 1.5 m
1789354185.540253639,dynamic,62,unmatched_gt,1,,,no LV-DOT estimate within 1.5 m
1789354185.540253639,dynamic,62,unmatched_gt,4,,,no LV-DOT estimate within 1.5 m
1789354185.540253639,dynamic,62,unmatched_gt,7,,,no LV-DOT estimate within 1.5 m
1789354185.540253639,dynamic,62,unmatched_gt,8,,,no LV-DOT estimate within 1.5 m
1789354185.540253639,dynamic,62,unmatched_gt,10,,,no LV-DOT estimate within 1.5 m
1789354185.540253639,dynamic,62,unmatched_gt,11,,,no LV-DOT estimate within 1.5 m
1789354185.540253639,dynamic,62,unmatched_gt,12,,,no LV-DOT estimate within 1.5 m
1789354185.540253639,dynamic,62,unmatched_gt,13,,,no LV-DOT estimate within 1.5 m
1789354185.540253639,dynamic,62,unmatched_gt,14,,,no LV-DOT estimate within 1.5 m
1789354185.540253639,dynamic,62,unmatched_gt,15,,,no LV-DOT estimate within 1.5 m
1789354185.540253639,dynamic,62,unmatched_gt,17,,,no LV-DOT estimate within 1.5 m
1789354185.540253639,dynamic,62,unmatched_gt,18,,,no LV-DOT estimate within 1.5 m
1789354185.639750481,dynamic,63,track_lost,,23,,collector track exceeded missed-frame limit
1789354185.639750481,dynamic,63,unmatched_gt,0,,,no LV-DOT estimate within 1.5 m
1789354185.639750481,dynamic,63,unmatched_gt,1,,,no LV-DOT estimate within 1.5 m
1789354185.639750481,dynamic,63,unmatched_gt,3,,,no LV-DOT estimate within 1.5 m
1789354185.639750481,dynamic,63,unmatched_gt,4,,,no LV-DOT estimate within 1.5 m
1789354185.639750481,dynamic,63,unmatched_gt,7,,,no LV-DOT estimate within 1.5 m
1789354185.639750481,dynamic,63,unmatched_gt,8,,,no LV-DOT estimate within 1.5 m
1789354185.639750481,dynamic,63,unmatched_gt,10,,,no LV-DOT estimate within 1.5 m
1789354185.639750481,dynamic,63,unmatched_gt,11,,,no LV-DOT estimate within 1.5 m
1789354185.639750481,dynamic,63,unmatched_gt,12,,,no LV-DOT estimate within 1.5 m
1789354185.639750481,dynamic,63,unmatched_gt,13,,,no LV-DOT estimate within 1.5 m
1789354185.639750481,dynamic,63,unmatched_gt,14,,,no LV-DOT estimate within 1.5 m
1789354185.639750481,dynamic,63,unmatched_gt,15,,,no LV-DOT estimate within 1.5 m
1789354185.639750481,dynamic,63,unmatched_gt,17,,,no LV-DOT estimate within 1.5 m
1789354185.639750481,dynamic,63,unmatched_gt,18,,,no LV-DOT estimate within 1.5 m
1789354185.656044006,dynamic,63,gt_teleport,18,,,same MARSIM ID moved more than 1.0 m between GT messages
1789354185.739607334,dynamic,64,track_created,,40,,collector track created
1789354185.739607334,dynamic,64,track_created,,41,,collector track created
1789354185.739607334,dynamic,64,track_created,,42,,collector track created
1789354185.739607334,dynamic,64,id_switch,17,40,7,previous tracking_id=23
1789354185.739607334,dynamic,64,id_switch,8,41,8,previous tracking_id=26
1789354185.739607334,dynamic,64,id_switch,12,42,9,previous tracking_id=14
1789354185.739607334,dynamic,64,unmatched_gt,0,,,no LV-DOT estimate within 1.5 m
1789354185.739607334,dynamic,64,unmatched_gt,1,,,no LV-DOT estimate within 1.5 m
1789354185.739607334,dynamic,64,unmatched_gt,4,,,no LV-DOT estimate within 1.5 m
1789354185.739607334,dynamic,64,unmatched_gt,7,,,no LV-DOT estimate within 1.5 m
1789354185.739607334,dynamic,64,unmatched_gt,10,,,no LV-DOT estimate within 1.5 m
1789354185.739607334,dynamic,64,unmatched_gt,11,,,no LV-DOT estimate within 1.5 m
1789354185.739607334,dynamic,64,unmatched_gt,13,,,no LV-DOT estimate within 1.5 m
1789354185.739607334,dynamic,64,unmatched_gt,14,,,no LV-DOT estimate within 1.5 m
1789354185.739607334,dynamic,64,unmatched_gt,15,,,no LV-DOT estimate within 1.5 m
1789354185.739607334,dynamic,64,unmatched_gt,18,,,no LV-DOT estimate within 1.5 m
1789354185.840728045,dynamic,65,track_created,,43,,collector track created
1789354185.840728045,dynamic,65,unmatched_detection,,43,4,no GT within 1.5 m
1789354185.840728045,dynamic,65,unmatched_gt,0,,,no LV-DOT estimate within 1.5 m
1789354185.840728045,dynamic,65,unmatched_gt,1,,,no LV-DOT estimate within 1.5 m
1789354185.840728045,dynamic,65,unmatched_gt,4,,,no LV-DOT estimate within 1.5 m
1789354185.840728045,dynamic,65,unmatched_gt,6,,,no LV-DOT estimate within 1.5 m
1789354185.840728045,dynamic,65,unmatched_gt,7,,,no LV-DOT estimate within 1.5 m
1789354185.840728045,dynamic,65,unmatched_gt,8,,,no LV-DOT estimate within 1.5 m
1789354185.840728045,dynamic,65,unmatched_gt,10,,,no LV-DOT estimate within 1.5 m
1789354185.840728045,dynamic,65,unmatched_gt,11,,,no LV-DOT estimate within 1.5 m
1789354185.840728045,dynamic,65,unmatched_gt,12,,,no LV-DOT estimate within 1.5 m
1789354185.840728045,dynamic,65,unmatched_gt,13,,,no LV-DOT estimate within 1.5 m
1789354185.840728045,dynamic,65,unmatched_gt,14,,,no LV-DOT estimate within 1.5 m
1789354185.840728045,dynamic,65,unmatched_gt,15,,,no LV-DOT estimate within 1.5 m
1789354185.840728045,dynamic,65,unmatched_gt,17,,,no LV-DOT estimate within 1.5 m
1789354185.840728045,dynamic,65,unmatched_gt,18,,,no LV-DOT estimate within 1.5 m
1789354185.939239025,dynamic,66,unmatched_gt,0,,,no LV-DOT estimate within 1.5 m
1789354185.939239025,dynamic,66,unmatched_gt,1,,,no LV-DOT estimate within 1.5 m
1789354185.939239025,dynamic,66,unmatched_gt,2,,,no LV-DOT estimate within 1.5 m
1789354185.939239025,dynamic,66,unmatched_gt,3,,,no LV-DOT estimate within 1.5 m
1789354185.939239025,dynamic,66,unmatched_gt,4,,,no LV-DOT estimate within 1.5 m
1789354185.939239025,dynamic,66,unmatched_gt,6,,,no LV-DOT estimate within 1.5 m
1789354185.939239025,dynamic,66,unmatched_gt,7,,,no LV-DOT estimate within 1.5 m
1789354185.939239025,dynamic,66,unmatched_gt,8,,,no LV-DOT estimate within 1.5 m
1789354185.939239025,dynamic,66,unmatched_gt,10,,,no LV-DOT estimate within 1.5 m
1789354185.939239025,dynamic,66,unmatched_gt,11,,,no LV-DOT estimate within 1.5 m
1789354185.939239025,dynamic,66,unmatched_gt,12,,,no LV-DOT estimate within 1.5 m
1789354185.939239025,dynamic,66,unmatched_gt,13,,,no LV-DOT estimate within 1.5 m
1789354185.939239025,dynamic,66,unmatched_gt,14,,,no LV-DOT estimate within 1.5 m
1789354185.939239025,dynamic,66,unmatched_gt,15,,,no LV-DOT estimate within 1.5 m
1789354185.939239025,dynamic,66,unmatched_gt,16,,,no LV-DOT estimate within 1.5 m
1789354185.939239025,dynamic,66,unmatched_gt,18,,,no LV-DOT estimate within 1.5 m
1789354185.956061363,dynamic,66,gt_teleport,6,,,same MARSIM ID moved more than 1.0 m between GT messages
1789354186.040142298,dynamic,67,unmatched_gt,0,,,no LV-DOT estimate within 1.5 m
1789354186.040142298,dynamic,67,unmatched_gt,1,,,no LV-DOT estimate within 1.5 m
1789354186.040142298,dynamic,67,unmatched_gt,3,,,no LV-DOT estimate within 1.5 m
1789354186.040142298,dynamic,67,unmatched_gt,4,,,no LV-DOT estimate within 1.5 m
1789354186.040142298,dynamic,67,unmatched_gt,6,,,no LV-DOT estimate within 1.5 m
1789354186.040142298,dynamic,67,unmatched_gt,7,,,no LV-DOT estimate within 1.5 m
1789354186.040142298,dynamic,67,unmatched_gt,10,,,no LV-DOT estimate within 1.5 m
1789354186.040142298,dynamic,67,unmatched_gt,11,,,no LV-DOT estimate within 1.5 m
1789354186.040142298,dynamic,67,unmatched_gt,12,,,no LV-DOT estimate within 1.5 m
1789354186.040142298,dynamic,67,unmatched_gt,13,,,no LV-DOT estimate within 1.5 m
1789354186.040142298,dynamic,67,unmatched_gt,14,,,no LV-DOT estimate within 1.5 m
1789354186.040142298,dynamic,67,unmatched_gt,15,,,no LV-DOT estimate within 1.5 m
1789354186.040142298,dynamic,67,unmatched_gt,16,,,no LV-DOT estimate within 1.5 m
1789354186.040142298,dynamic,67,unmatched_gt,17,,,no LV-DOT estimate within 1.5 m
1789354186.040142298,dynamic,67,unmatched_gt,18,,,no LV-DOT estimate within 1.5 m
1789354186.056058168,dynamic,67,gt_teleport,3,,,same MARSIM ID moved more than 1.0 m between GT messages
1789354186.140102625,dynamic,68,track_lost,,34,,collector track exceeded missed-frame limit
1789354186.140102625,dynamic,68,track_lost,,42,,collector track exceeded missed-frame limit
1789354186.140102625,dynamic,68,unmatched_gt,0,,,no LV-DOT estimate within 1.5 m
1789354186.140102625,dynamic,68,unmatched_gt,1,,,no LV-DOT estimate within 1.5 m
1789354186.140102625,dynamic,68,unmatched_gt,3,,,no LV-DOT estimate within 1.5 m
1789354186.140102625,dynamic,68,unmatched_gt,4,,,no LV-DOT estimate within 1.5 m
1789354186.140102625,dynamic,68,unmatched_gt,6,,,no LV-DOT estimate within 1.5 m
1789354186.140102625,dynamic,68,unmatched_gt,7,,,no LV-DOT estimate within 1.5 m
1789354186.140102625,dynamic,68,unmatched_gt,8,,,no LV-DOT estimate within 1.5 m
1789354186.140102625,dynamic,68,unmatched_gt,10,,,no LV-DOT estimate within 1.5 m
1789354186.140102625,dynamic,68,unmatched_gt,11,,,no LV-DOT estimate within 1.5 m
1789354186.140102625,dynamic,68,unmatched_gt,12,,,no LV-DOT estimate within 1.5 m
1789354186.140102625,dynamic,68,unmatched_gt,13,,,no LV-DOT estimate within 1.5 m
1789354186.140102625,dynamic,68,unmatched_gt,14,,,no LV-DOT estimate within 1.5 m
1789354186.140102625,dynamic,68,unmatched_gt,15,,,no LV-DOT estimate within 1.5 m
1789354186.140102625,dynamic,68,unmatched_gt,16,,,no LV-DOT estimate within 1.5 m
1789354186.140102625,dynamic,68,unmatched_gt,17,,,no LV-DOT estimate within 1.5 m
1789354186.140102625,dynamic,68,unmatched_gt,18,,,no LV-DOT estimate within 1.5 m
1789354186.155940056,dynamic,68,gt_teleport,7,,,same MARSIM ID moved more than 1.0 m between GT messages
1789354186.239892721,dynamic,69,track_lost,,36,,collector track exceeded missed-frame limit
1789354186.239892721,dynamic,69,track_lost,,39,,collector track exceeded missed-frame limit
1789354186.239892721,dynamic,69,track_lost,,43,,collector track exceeded missed-frame limit
1789354186.239892721,dynamic,69,unmatched_gt,0,,,no LV-DOT estimate within 1.5 m
1789354186.239892721,dynamic,69,unmatched_gt,1,,,no LV-DOT estimate within 1.5 m
1789354186.239892721,dynamic,69,unmatched_gt,2,,,no LV-DOT estimate within 1.5 m
1789354186.239892721,dynamic,69,unmatched_gt,3,,,no LV-DOT estimate within 1.5 m
1789354186.239892721,dynamic,69,unmatched_gt,4,,,no LV-DOT estimate within 1.5 m
1789354186.239892721,dynamic,69,unmatched_gt,6,,,no LV-DOT estimate within 1.5 m
1789354186.239892721,dynamic,69,unmatched_gt,7,,,no LV-DOT estimate within 1.5 m
1789354186.239892721,dynamic,69,unmatched_gt,10,,,no LV-DOT estimate within 1.5 m
1789354186.239892721,dynamic,69,unmatched_gt,11,,,no LV-DOT estimate within 1.5 m
1789354186.239892721,dynamic,69,unmatched_gt,12,,,no LV-DOT estimate within 1.5 m
1789354186.239892721,dynamic,69,unmatched_gt,13,,,no LV-DOT estimate within 1.5 m
1789354186.239892721,dynamic,69,unmatched_gt,14,,,no LV-DOT estimate within 1.5 m
1789354186.239892721,dynamic,69,unmatched_gt,15,,,no LV-DOT estimate within 1.5 m
1789354186.239892721,dynamic,69,unmatched_gt,16,,,no LV-DOT estimate within 1.5 m
1789354186.239892721,dynamic,69,unmatched_gt,17,,,no LV-DOT estimate within 1.5 m
1789354186.239892721,dynamic,69,unmatched_gt,18,,,no LV-DOT estimate within 1.5 m
1789354186.338840008,dynamic,70,track_lost,,40,,collector track exceeded missed-frame limit
1789354186.338840008,dynamic,70,unmatched_gt,0,,,no LV-DOT estimate within 1.5 m
1789354186.338840008,dynamic,70,unmatched_gt,1,,,no LV-DOT estimate within 1.5 m
1789354186.338840008,dynamic,70,unmatched_gt,3,,,no LV-DOT estimate within 1.5 m
1789354186.338840008,dynamic,70,unmatched_gt,4,,,no LV-DOT estimate within 1.5 m
1789354186.338840008,dynamic,70,unmatched_gt,6,,,no LV-DOT estimate within 1.5 m
1789354186.338840008,dynamic,70,unmatched_gt,7,,,no LV-DOT estimate within 1.5 m
1789354186.338840008,dynamic,70,unmatched_gt,8,,,no LV-DOT estimate within 1.5 m
1789354186.338840008,dynamic,70,unmatched_gt,10,,,no LV-DOT estimate within 1.5 m
1789354186.338840008,dynamic,70,unmatched_gt,11,,,no LV-DOT estimate within 1.5 m
1789354186.338840008,dynamic,70,unmatched_gt,12,,,no LV-DOT estimate within 1.5 m
1789354186.338840008,dynamic,70,unmatched_gt,13,,,no LV-DOT estimate within 1.5 m
1789354186.338840008,dynamic,70,unmatched_gt,14,,,no LV-DOT estimate within 1.5 m
1789354186.338840008,dynamic,70,unmatched_gt,15,,,no LV-DOT estimate within 1.5 m
1789354186.338840008,dynamic,70,unmatched_gt,16,,,no LV-DOT estimate within 1.5 m
1789354186.338840008,dynamic,70,unmatched_gt,17,,,no LV-DOT estimate within 1.5 m
1789354186.338840008,dynamic,70,unmatched_gt,18,,,no LV-DOT estimate within 1.5 m
1789354186.438728571,dynamic,71,unmatched_gt,0,,,no LV-DOT estimate within 1.5 m
1789354186.438728571,dynamic,71,unmatched_gt,1,,,no LV-DOT estimate within 1.5 m
1789354186.438728571,dynamic,71,unmatched_gt,2,,,no LV-DOT estimate within 1.5 m
1789354186.438728571,dynamic,71,unmatched_gt,3,,,no LV-DOT estimate within 1.5 m
1789354186.438728571,dynamic,71,unmatched_gt,4,,,no LV-DOT estimate within 1.5 m
1789354186.438728571,dynamic,71,unmatched_gt,6,,,no LV-DOT estimate within 1.5 m
1789354186.438728571,dynamic,71,unmatched_gt,7,,,no LV-DOT estimate within 1.5 m
1789354186.438728571,dynamic,71,unmatched_gt,8,,,no LV-DOT estimate within 1.5 m
1789354186.438728571,dynamic,71,unmatched_gt,10,,,no LV-DOT estimate within 1.5 m
1789354186.438728571,dynamic,71,unmatched_gt,11,,,no LV-DOT estimate within 1.5 m
1789354186.438728571,dynamic,71,unmatched_gt,12,,,no LV-DOT estimate within 1.5 m
1789354186.438728571,dynamic,71,unmatched_gt,13,,,no LV-DOT estimate within 1.5 m
1789354186.438728571,dynamic,71,unmatched_gt,14,,,no LV-DOT estimate within 1.5 m
1789354186.438728571,dynamic,71,unmatched_gt,15,,,no LV-DOT estimate within 1.5 m
1789354186.438728571,dynamic,71,unmatched_gt,16,,,no LV-DOT estimate within 1.5 m
1789354186.438728571,dynamic,71,unmatched_gt,17,,,no LV-DOT estimate within 1.5 m
1789354186.438728571,dynamic,71,unmatched_gt,18,,,no LV-DOT estimate within 1.5 m
1789354186.456061602,dynamic,71,gt_teleport,1,,,same MARSIM ID moved more than 1.0 m between GT messages
1789354186.538713932,dynamic,72,track_created,,44,,collector track created
1789354186.538713932,dynamic,72,id_switch,18,44,2,previous tracking_id=30
1789354186.538713932,dynamic,72,unmatched_gt,0,,,no LV-DOT estimate within 1.5 m
1789354186.538713932,dynamic,72,unmatched_gt,1,,,no LV-DOT estimate within 1.5 m
1789354186.538713932,dynamic,72,unmatched_gt,2,,,no LV-DOT estimate within 1.5 m
1789354186.538713932,dynamic,72,unmatched_gt,3,,,no LV-DOT estimate within 1.5 m
1789354186.538713932,dynamic,72,unmatched_gt,4,,,no LV-DOT estimate within 1.5 m
1789354186.538713932,dynamic,72,unmatched_gt,6,,,no LV-DOT estimate within 1.5 m
1789354186.538713932,dynamic,72,unmatched_gt,7,,,no LV-DOT estimate within 1.5 m
1789354186.538713932,dynamic,72,unmatched_gt,8,,,no LV-DOT estimate within 1.5 m
1789354186.538713932,dynamic,72,unmatched_gt,9,,,no LV-DOT estimate within 1.5 m
1789354186.538713932,dynamic,72,unmatched_gt,10,,,no LV-DOT estimate within 1.5 m
1789354186.538713932,dynamic,72,unmatched_gt,11,,,no LV-DOT estimate within 1.5 m
1789354186.538713932,dynamic,72,unmatched_gt,12,,,no LV-DOT estimate within 1.5 m
1789354186.538713932,dynamic,72,unmatched_gt,13,,,no LV-DOT estimate within 1.5 m
1789354186.538713932,dynamic,72,unmatched_gt,14,,,no LV-DOT estimate within 1.5 m
1789354186.538713932,dynamic,72,unmatched_gt,15,,,no LV-DOT estimate within 1.5 m
1789354186.538713932,dynamic,72,unmatched_gt,16,,,no LV-DOT estimate within 1.5 m
1789354186.538713932,dynamic,72,unmatched_gt,17,,,no LV-DOT estimate within 1.5 m
1789354186.556128263,dynamic,72,gt_teleport,9,,,same MARSIM ID moved more than 1.0 m between GT messages
1789354186.556128263,dynamic,72,gt_teleport,12,,,same MARSIM ID moved more than 1.0 m between GT messages
1789354186.638735771,dynamic,73,track_lost,,41,,collector track exceeded missed-frame limit
1789354186.638735771,dynamic,73,unmatched_gt,0,,,no LV-DOT estimate within 1.5 m
1789354186.638735771,dynamic,73,unmatched_gt,1,,,no LV-DOT estimate within 1.5 m
1789354186.638735771,dynamic,73,unmatched_gt,3,,,no LV-DOT estimate within 1.5 m
1789354186.638735771,dynamic,73,unmatched_gt,4,,,no LV-DOT estimate within 1.5 m
1789354186.638735771,dynamic,73,unmatched_gt,6,,,no LV-DOT estimate within 1.5 m
1789354186.638735771,dynamic,73,unmatched_gt,7,,,no LV-DOT estimate within 1.5 m
1789354186.638735771,dynamic,73,unmatched_gt,8,,,no LV-DOT estimate within 1.5 m
1789354186.638735771,dynamic,73,unmatched_gt,9,,,no LV-DOT estimate within 1.5 m
1789354186.638735771,dynamic,73,unmatched_gt,10,,,no LV-DOT estimate within 1.5 m
1789354186.638735771,dynamic,73,unmatched_gt,11,,,no LV-DOT estimate within 1.5 m
1789354186.638735771,dynamic,73,unmatched_gt,12,,,no LV-DOT estimate within 1.5 m
1789354186.638735771,dynamic,73,unmatched_gt,13,,,no LV-DOT estimate within 1.5 m
1789354186.638735771,dynamic,73,unmatched_gt,14,,,no LV-DOT estimate within 1.5 m
1789354186.638735771,dynamic,73,unmatched_gt,15,,,no LV-DOT estimate within 1.5 m
1789354186.638735771,dynamic,73,unmatched_gt,16,,,no LV-DOT estimate within 1.5 m
1789354186.638735771,dynamic,73,unmatched_gt,17,,,no LV-DOT estimate within 1.5 m
1789354186.638735771,dynamic,73,unmatched_gt,18,,,no LV-DOT estimate within 1.5 m
1789354186.738734961,dynamic,74,unmatched_gt,0,,,no LV-DOT estimate within 1.5 m
1789354186.738734961,dynamic,74,unmatched_gt,1,,,no LV-DOT estimate within 1.5 m
1789354186.738734961,dynamic,74,unmatched_gt,2,,,no LV-DOT estimate within 1.5 m
1789354186.738734961,dynamic,74,unmatched_gt,3,,,no LV-DOT estimate within 1.5 m
1789354186.738734961,dynamic,74,unmatched_gt,4,,,no LV-DOT estimate within 1.5 m
1789354186.738734961,dynamic,74,unmatched_gt,6,,,no LV-DOT estimate within 1.5 m
1789354186.738734961,dynamic,74,unmatched_gt,7,,,no LV-DOT estimate within 1.5 m
1789354186.738734961,dynamic,74,unmatched_gt,8,,,no LV-DOT estimate within 1.5 m
1789354186.738734961,dynamic,74,unmatched_gt,9,,,no LV-DOT estimate within 1.5 m
1789354186.738734961,dynamic,74,unmatched_gt,10,,,no LV-DOT estimate within 1.5 m
1789354186.738734961,dynamic,74,unmatched_gt,11,,,no LV-DOT estimate within 1.5 m
1789354186.738734961,dynamic,74,unmatched_gt,12,,,no LV-DOT estimate within 1.5 m
1789354186.738734961,dynamic,74,unmatched_gt,13,,,no LV-DOT estimate within 1.5 m
1789354186.738734961,dynamic,74,unmatched_gt,14,,,no LV-DOT estimate within 1.5 m
1789354186.738734961,dynamic,74,unmatched_gt,15,,,no LV-DOT estimate within 1.5 m
1789354186.738734961,dynamic,74,unmatched_gt,16,,,no LV-DOT estimate within 1.5 m
1789354186.738734961,dynamic,74,unmatched_gt,17,,,no LV-DOT estimate within 1.5 m
1789354186.738734961,dynamic,74,unmatched_gt,18,,,no LV-DOT estimate within 1.5 m
1789354186.838732004,dynamic,75,track_lost,,38,,collector track exceeded missed-frame limit
1789354186.838732004,dynamic,75,track_created,,45,,collector track created
1789354186.838732004,dynamic,75,id_switch,12,45,3,previous tracking_id=42
1789354186.838732004,dynamic,75,unmatched_gt,0,,,no LV-DOT estimate within 1.5 m
1789354186.838732004,dynamic,75,unmatched_gt,1,,,no LV-DOT estimate within 1.5 m
1789354186.838732004,dynamic,75,unmatched_gt,3,,,no LV-DOT estimate within 1.5 m
1789354186.838732004,dynamic,75,unmatched_gt,4,,,no LV-DOT estimate within 1.5 m
1789354186.838732004,dynamic,75,unmatched_gt,6,,,no LV-DOT estimate within 1.5 m
1789354186.838732004,dynamic,75,unmatched_gt,7,,,no LV-DOT estimate within 1.5 m
1789354186.838732004,dynamic,75,unmatched_gt,8,,,no LV-DOT estimate within 1.5 m
1789354186.838732004,dynamic,75,unmatched_gt,9,,,no LV-DOT estimate within 1.5 m
1789354186.838732004,dynamic,75,unmatched_gt,10,,,no LV-DOT estimate within 1.5 m
1789354186.838732004,dynamic,75,unmatched_gt,11,,,no LV-DOT estimate within 1.5 m
1789354186.838732004,dynamic,75,unmatched_gt,13,,,no LV-DOT estimate within 1.5 m
1789354186.838732004,dynamic,75,unmatched_gt,14,,,no LV-DOT estimate within 1.5 m
1789354186.838732004,dynamic,75,unmatched_gt,15,,,no LV-DOT estimate within 1.5 m
1789354186.838732004,dynamic,75,unmatched_gt,16,,,no LV-DOT estimate within 1.5 m
1789354186.838732004,dynamic,75,unmatched_gt,17,,,no LV-DOT estimate within 1.5 m
1789354186.838732004,dynamic,75,unmatched_gt,18,,,no LV-DOT estimate within 1.5 m
1789354186.856040478,dynamic,75,gt_teleport,8,,,same MARSIM ID moved more than 1.0 m between GT messages
1789354186.938750505,dynamic,76,track_lost,,44,,collector track exceeded missed-frame limit
1789354186.938750505,dynamic,76,unmatched_gt,0,,,no LV-DOT estimate within 1.5 m
1789354186.938750505,dynamic,76,unmatched_gt,1,,,no LV-DOT estimate within 1.5 m
1789354186.938750505,dynamic,76,unmatched_gt,2,,,no LV-DOT estimate within 1.5 m
1789354186.938750505,dynamic,76,unmatched_gt,3,,,no LV-DOT estimate within 1.5 m
1789354186.938750505,dynamic,76,unmatched_gt,4,,,no LV-DOT estimate within 1.5 m
1789354186.938750505,dynamic,76,unmatched_gt,6,,,no LV-DOT estimate within 1.5 m
1789354186.938750505,dynamic,76,unmatched_gt,7,,,no LV-DOT estimate within 1.5 m
1789354186.938750505,dynamic,76,unmatched_gt,8,,,no LV-DOT estimate within 1.5 m
1789354186.938750505,dynamic,76,unmatched_gt,9,,,no LV-DOT estimate within 1.5 m
1789354186.938750505,dynamic,76,unmatched_gt,10,,,no LV-DOT estimate within 1.5 m
1789354186.938750505,dynamic,76,unmatched_gt,11,,,no LV-DOT estimate within 1.5 m
1789354186.938750505,dynamic,76,unmatched_gt,13,,,no LV-DOT estimate within 1.5 m
1789354186.938750505,dynamic,76,unmatched_gt,14,,,no LV-DOT estimate within 1.5 m
1789354186.938750505,dynamic,76,unmatched_gt,15,,,no LV-DOT estimate within 1.5 m
1789354186.938750505,dynamic,76,unmatched_gt,16,,,no LV-DOT estimate within 1.5 m
1789354186.938750505,dynamic,76,unmatched_gt,17,,,no LV-DOT estimate within 1.5 m
1789354186.938750505,dynamic,76,unmatched_gt,18,,,no LV-DOT estimate within 1.5 m
1789354187.039619207,dynamic,77,track_created,,46,,collector track created
1789354187.039619207,dynamic,77,id_switch,1,46,0,previous tracking_id=36
1789354187.039619207,dynamic,77,unmatched_gt,0,,,no LV-DOT estimate within 1.5 m
1789354187.039619207,dynamic,77,unmatched_gt,3,,,no LV-DOT estimate within 1.5 m
1789354187.039619207,dynamic,77,unmatched_gt,4,,,no LV-DOT estimate within 1.5 m
1789354187.039619207,dynamic,77,unmatched_gt,5,,,no LV-DOT estimate within 1.5 m
1789354187.039619207,dynamic,77,unmatched_gt,6,,,no LV-DOT estimate within 1.5 m
1789354187.039619207,dynamic,77,unmatched_gt,7,,,no LV-DOT estimate within 1.5 m
1789354187.039619207,dynamic,77,unmatched_gt,8,,,no LV-DOT estimate within 1.5 m
1789354187.039619207,dynamic,77,unmatched_gt,9,,,no LV-DOT estimate within 1.5 m
1789354187.039619207,dynamic,77,unmatched_gt,10,,,no LV-DOT estimate within 1.5 m
1789354187.039619207,dynamic,77,unmatched_gt,11,,,no LV-DOT estimate within 1.5 m
1789354187.039619207,dynamic,77,unmatched_gt,12,,,no LV-DOT estimate within 1.5 m
1789354187.039619207,dynamic,77,unmatched_gt,13,,,no LV-DOT estimate within 1.5 m
1789354187.039619207,dynamic,77,unmatched_gt,14,,,no LV-DOT estimate within 1.5 m
1789354187.039619207,dynamic,77,unmatched_gt,15,,,no LV-DOT estimate within 1.5 m
1789354187.039619207,dynamic,77,unmatched_gt,16,,,no LV-DOT estimate within 1.5 m
1789354187.039619207,dynamic,77,unmatched_gt,17,,,no LV-DOT estimate within 1.5 m
1789354187.039619207,dynamic,77,unmatched_gt,18,,,no LV-DOT estimate within 1.5 m
1789354187.056032181,dynamic,77,gt_teleport,3,,,same MARSIM ID moved more than 1.0 m between GT messages
1789354187.141638756,dynamic,78,track_created,,47,,collector track created
1789354187.141638756,dynamic,78,track_created,,48,,collector track created
1789354187.141638756,dynamic,78,id_switch,8,47,2,previous tracking_id=41
1789354187.141638756,dynamic,78,id_switch,12,48,4,previous tracking_id=45
1789354187.141638756,dynamic,78,unmatched_detection,,45,3,no GT within 1.5 m
1789354187.141638756,dynamic,78,unmatched_gt,0,,,no LV-DOT estimate within 1.5 m
1789354187.141638756,dynamic,78,unmatched_gt,1,,,no LV-DOT estimate within 1.5 m
1789354187.141638756,dynamic,78,unmatched_gt,3,,,no LV-DOT estimate within 1.5 m
1789354187.141638756,dynamic,78,unmatched_gt,4,,,no LV-DOT estimate within 1.5 m
1789354187.141638756,dynamic,78,unmatched_gt,5,,,no LV-DOT estimate within 1.5 m
1789354187.141638756,dynamic,78,unmatched_gt,6,,,no LV-DOT estimate within 1.5 m
1789354187.141638756,dynamic,78,unmatched_gt,7,,,no LV-DOT estimate within 1.5 m
1789354187.141638756,dynamic,78,unmatched_gt,9,,,no LV-DOT estimate within 1.5 m
1789354187.141638756,dynamic,78,unmatched_gt,10,,,no LV-DOT estimate within 1.5 m
1789354187.141638756,dynamic,78,unmatched_gt,11,,,no LV-DOT estimate within 1.5 m
1789354187.141638756,dynamic,78,unmatched_gt,13,,,no LV-DOT estimate within 1.5 m
1789354187.141638756,dynamic,78,unmatched_gt,14,,,no LV-DOT estimate within 1.5 m
1789354187.141638756,dynamic,78,unmatched_gt,15,,,no LV-DOT estimate within 1.5 m
1789354187.141638756,dynamic,78,unmatched_gt,16,,,no LV-DOT estimate within 1.5 m
1789354187.141638756,dynamic,78,unmatched_gt,17,,,no LV-DOT estimate within 1.5 m
1789354187.141638756,dynamic,78,unmatched_gt,18,,,no LV-DOT estimate within 1.5 m
1789354187.156017780,dynamic,78,gt_teleport,5,,,same MARSIM ID moved more than 1.0 m between GT messages
1789354187.241743803,dynamic,79,track_created,,49,,collector track created
1789354187.241743803,dynamic,79,id_switch,18,49,2,previous tracking_id=44
1789354187.241743803,dynamic,79,unmatched_gt,0,,,no LV-DOT estimate within 1.5 m
1789354187.241743803,dynamic,79,unmatched_gt,1,,,no LV-DOT estimate within 1.5 m
1789354187.241743803,dynamic,79,unmatched_gt,2,,,no LV-DOT estimate within 1.5 m
1789354187.241743803,dynamic,79,unmatched_gt,3,,,no LV-DOT estimate within 1.5 m
1789354187.241743803,dynamic,79,unmatched_gt,4,,,no LV-DOT estimate within 1.5 m
1789354187.241743803,dynamic,79,unmatched_gt,5,,,no LV-DOT estimate within 1.5 m
1789354187.241743803,dynamic,79,unmatched_gt,6,,,no LV-DOT estimate within 1.5 m
1789354187.241743803,dynamic,79,unmatched_gt,7,,,no LV-DOT estimate within 1.5 m
1789354187.241743803,dynamic,79,unmatched_gt,9,,,no LV-DOT estimate within 1.5 m
1789354187.241743803,dynamic,79,unmatched_gt,10,,,no LV-DOT estimate within 1.5 m
1789354187.241743803,dynamic,79,unmatched_gt,11,,,no LV-DOT estimate within 1.5 m
1789354187.241743803,dynamic,79,unmatched_gt,12,,,no LV-DOT estimate within 1.5 m
1789354187.241743803,dynamic,79,unmatched_gt,13,,,no LV-DOT estimate within 1.5 m
1789354187.241743803,dynamic,79,unmatched_gt,14,,,no LV-DOT estimate within 1.5 m
1789354187.241743803,dynamic,79,unmatched_gt,15,,,no LV-DOT estimate within 1.5 m
1789354187.241743803,dynamic,79,unmatched_gt,16,,,no LV-DOT estimate within 1.5 m
1789354187.241743803,dynamic,79,unmatched_gt,17,,,no LV-DOT estimate within 1.5 m
1789354187.341993570,dynamic,80,track_lost,,37,,collector track exceeded missed-frame limit
1789354187.341993570,dynamic,80,unmatched_gt,0,,,no LV-DOT estimate within 1.5 m
1789354187.341993570,dynamic,80,unmatched_gt,1,,,no LV-DOT estimate within 1.5 m
1789354187.341993570,dynamic,80,unmatched_gt,3,,,no LV-DOT estimate within 1.5 m
1789354187.341993570,dynamic,80,unmatched_gt,4,,,no LV-DOT estimate within 1.5 m
1789354187.341993570,dynamic,80,unmatched_gt,5,,,no LV-DOT estimate within 1.5 m
1789354187.341993570,dynamic,80,unmatched_gt,6,,,no LV-DOT estimate within 1.5 m
1789354187.341993570,dynamic,80,unmatched_gt,7,,,no LV-DOT estimate within 1.5 m
1789354187.341993570,dynamic,80,unmatched_gt,9,,,no LV-DOT estimate within 1.5 m
1789354187.341993570,dynamic,80,unmatched_gt,10,,,no LV-DOT estimate within 1.5 m
1789354187.341993570,dynamic,80,unmatched_gt,11,,,no LV-DOT estimate within 1.5 m
1789354187.341993570,dynamic,80,unmatched_gt,13,,,no LV-DOT estimate within 1.5 m
1789354187.341993570,dynamic,80,unmatched_gt,14,,,no LV-DOT estimate within 1.5 m
1789354187.341993570,dynamic,80,unmatched_gt,15,,,no LV-DOT estimate within 1.5 m
1789354187.341993570,dynamic,80,unmatched_gt,16,,,no LV-DOT estimate within 1.5 m
1789354187.341993570,dynamic,80,unmatched_gt,17,,,no LV-DOT estimate within 1.5 m
1789354187.355989695,dynamic,80,gt_teleport,7,,,same MARSIM ID moved more than 1.0 m between GT messages
1789354187.441083670,dynamic,81,track_lost,,46,,collector track exceeded missed-frame limit
1789354187.441083670,dynamic,81,unmatched_gt,0,,,no LV-DOT estimate within 1.5 m
1789354187.441083670,dynamic,81,unmatched_gt,1,,,no LV-DOT estimate within 1.5 m
1789354187.441083670,dynamic,81,unmatched_gt,2,,,no LV-DOT estimate within 1.5 m
1789354187.441083670,dynamic,81,unmatched_gt,3,,,no LV-DOT estimate within 1.5 m
1789354187.441083670,dynamic,81,unmatched_gt,4,,,no LV-DOT estimate within 1.5 m
1789354187.441083670,dynamic,81,unmatched_gt,5,,,no LV-DOT estimate within 1.5 m
1789354187.441083670,dynamic,81,unmatched_gt,6,,,no LV-DOT estimate within 1.5 m
1789354187.441083670,dynamic,81,unmatched_gt,7,,,no LV-DOT estimate within 1.5 m
1789354187.441083670,dynamic,81,unmatched_gt,9,,,no LV-DOT estimate within 1.5 m
1789354187.441083670,dynamic,81,unmatched_gt,10,,,no LV-DOT estimate within 1.5 m
1789354187.441083670,dynamic,81,unmatched_gt,11,,,no LV-DOT estimate within 1.5 m
1789354187.441083670,dynamic,81,unmatched_gt,13,,,no LV-DOT estimate within 1.5 m
1789354187.441083670,dynamic,81,unmatched_gt,14,,,no LV-DOT estimate within 1.5 m
1789354187.441083670,dynamic,81,unmatched_gt,15,,,no LV-DOT estimate within 1.5 m
1789354187.441083670,dynamic,81,unmatched_gt,16,,,no LV-DOT estimate within 1.5 m
1789354187.441083670,dynamic,81,unmatched_gt,17,,,no LV-DOT estimate within 1.5 m
1789354187.455979347,dynamic,81,gt_teleport,6,,,same MARSIM ID moved more than 1.0 m between GT messages
1789354187.540799618,dynamic,82,track_lost,,45,,collector track exceeded missed-frame limit
1789354187.540799618,dynamic,82,unmatched_gt,0,,,no LV-DOT estimate within 1.5 m
1789354187.540799618,dynamic,82,unmatched_gt,1,,,no LV-DOT estimate within 1.5 m
1789354187.540799618,dynamic,82,unmatched_gt,3,,,no LV-DOT estimate within 1.5 m
1789354187.540799618,dynamic,82,unmatched_gt,4,,,no LV-DOT estimate within 1.5 m
1789354187.540799618,dynamic,82,unmatched_gt,5,,,no LV-DOT estimate within 1.5 m
1789354187.540799618,dynamic,82,unmatched_gt,6,,,no LV-DOT estimate within 1.5 m
1789354187.540799618,dynamic,82,unmatched_gt,7,,,no LV-DOT estimate within 1.5 m
1789354187.540799618,dynamic,82,unmatched_gt,9,,,no LV-DOT estimate within 1.5 m
1789354187.540799618,dynamic,82,unmatched_gt,10,,,no LV-DOT estimate within 1.5 m
1789354187.540799618,dynamic,82,unmatched_gt,11,,,no LV-DOT estimate within 1.5 m
1789354187.540799618,dynamic,82,unmatched_gt,13,,,no LV-DOT estimate within 1.5 m
1789354187.540799618,dynamic,82,unmatched_gt,14,,,no LV-DOT estimate within 1.5 m
1789354187.540799618,dynamic,82,unmatched_gt,15,,,no LV-DOT estimate within 1.5 m
1789354187.540799618,dynamic,82,unmatched_gt,16,,,no LV-DOT estimate within 1.5 m
1789354187.540799618,dynamic,82,unmatched_gt,17,,,no LV-DOT estimate within 1.5 m
1789354187.639287233,dynamic,83,unmatched_gt,0,,,no LV-DOT estimate within 1.5 m
1789354187.639287233,dynamic,83,unmatched_gt,1,,,no LV-DOT estimate within 1.5 m
1789354187.639287233,dynamic,83,unmatched_gt,2,,,no LV-DOT estimate within 1.5 m
1789354187.639287233,dynamic,83,unmatched_gt,3,,,no LV-DOT estimate within 1.5 m
1789354187.639287233,dynamic,83,unmatched_gt,4,,,no LV-DOT estimate within 1.5 m
1789354187.639287233,dynamic,83,unmatched_gt,5,,,no LV-DOT estimate within 1.5 m
1789354187.639287233,dynamic,83,unmatched_gt,6,,,no LV-DOT estimate within 1.5 m
1789354187.639287233,dynamic,83,unmatched_gt,7,,,no LV-DOT estimate within 1.5 m
1789354187.639287233,dynamic,83,unmatched_gt,9,,,no LV-DOT estimate within 1.5 m
1789354187.639287233,dynamic,83,unmatched_gt,10,,,no LV-DOT estimate within 1.5 m
1789354187.639287233,dynamic,83,unmatched_gt,11,,,no LV-DOT estimate within 1.5 m
1789354187.639287233,dynamic,83,unmatched_gt,12,,,no LV-DOT estimate within 1.5 m
1789354187.639287233,dynamic,83,unmatched_gt,13,,,no LV-DOT estimate within 1.5 m
1789354187.639287233,dynamic,83,unmatched_gt,14,,,no LV-DOT estimate within 1.5 m
1789354187.639287233,dynamic,83,unmatched_gt,15,,,no LV-DOT estimate within 1.5 m
1789354187.639287233,dynamic,83,unmatched_gt,16,,,no LV-DOT estimate within 1.5 m
1789354187.639287233,dynamic,83,unmatched_gt,17,,,no LV-DOT estimate within 1.5 m
1789354187.639287233,dynamic,83,unmatched_gt,18,,,no LV-DOT estimate within 1.5 m
1789354187.740744114,dynamic,84,unmatched_gt,0,,,no LV-DOT estimate within 1.5 m
1789354187.740744114,dynamic,84,unmatched_gt,1,,,no LV-DOT estimate within 1.5 m
1789354187.740744114,dynamic,84,unmatched_gt,2,,,no LV-DOT estimate within 1.5 m
1789354187.740744114,dynamic,84,unmatched_gt,3,,,no LV-DOT estimate within 1.5 m
1789354187.740744114,dynamic,84,unmatched_gt,4,,,no LV-DOT estimate within 1.5 m
1789354187.740744114,dynamic,84,unmatched_gt,5,,,no LV-DOT estimate within 1.5 m
1789354187.740744114,dynamic,84,unmatched_gt,6,,,no LV-DOT estimate within 1.5 m
1789354187.740744114,dynamic,84,unmatched_gt,7,,,no LV-DOT estimate within 1.5 m
1789354187.740744114,dynamic,84,unmatched_gt,9,,,no LV-DOT estimate within 1.5 m
1789354187.740744114,dynamic,84,unmatched_gt,10,,,no LV-DOT estimate within 1.5 m
1789354187.740744114,dynamic,84,unmatched_gt,11,,,no LV-DOT estimate within 1.5 m
1789354187.740744114,dynamic,84,unmatched_gt,13,,,no LV-DOT estimate within 1.5 m
1789354187.740744114,dynamic,84,unmatched_gt,14,,,no LV-DOT estimate within 1.5 m
1789354187.740744114,dynamic,84,unmatched_gt,15,,,no LV-DOT estimate within 1.5 m
1789354187.740744114,dynamic,84,unmatched_gt,16,,,no LV-DOT estimate within 1.5 m
1789354187.740744114,dynamic,84,unmatched_gt,17,,,no LV-DOT estimate within 1.5 m
1789354187.740744114,dynamic,84,unmatched_gt,18,,,no LV-DOT estimate within 1.5 m
1789354187.840450048,dynamic,85,unmatched_gt,0,,,no LV-DOT estimate within 1.5 m
1789354187.840450048,dynamic,85,unmatched_gt,1,,,no LV-DOT estimate within 1.5 m
1789354187.840450048,dynamic,85,unmatched_gt,3,,,no LV-DOT estimate within 1.5 m
1789354187.840450048,dynamic,85,unmatched_gt,4,,,no LV-DOT estimate within 1.5 m
1789354187.840450048,dynamic,85,unmatched_gt,5,,,no LV-DOT estimate within 1.5 m
1789354187.840450048,dynamic,85,unmatched_gt,6,,,no LV-DOT estimate within 1.5 m
1789354187.840450048,dynamic,85,unmatched_gt,7,,,no LV-DOT estimate within 1.5 m
1789354187.840450048,dynamic,85,unmatched_gt,9,,,no LV-DOT estimate within 1.5 m
1789354187.840450048,dynamic,85,unmatched_gt,10,,,no LV-DOT estimate within 1.5 m
1789354187.840450048,dynamic,85,unmatched_gt,11,,,no LV-DOT estimate within 1.5 m
1789354187.840450048,dynamic,85,unmatched_gt,13,,,no LV-DOT estimate within 1.5 m
1789354187.840450048,dynamic,85,unmatched_gt,14,,,no LV-DOT estimate within 1.5 m
1789354187.840450048,dynamic,85,unmatched_gt,15,,,no LV-DOT estimate within 1.5 m
1789354187.840450048,dynamic,85,unmatched_gt,16,,,no LV-DOT estimate within 1.5 m
1789354187.840450048,dynamic,85,unmatched_gt,17,,,no LV-DOT estimate within 1.5 m
1789354187.840450048,dynamic,85,unmatched_gt,18,,,no LV-DOT estimate within 1.5 m
1789354187.856046915,dynamic,85,gt_teleport,18,,,same MARSIM ID moved more than 1.0 m between GT messages
1789354187.939195395,dynamic,86,track_lost,,49,,collector track exceeded missed-frame limit
1789354187.939195395,dynamic,86,unmatched_gt,0,,,no LV-DOT estimate within 1.5 m
1789354187.939195395,dynamic,86,unmatched_gt,1,,,no LV-DOT estimate within 1.5 m
1789354187.939195395,dynamic,86,unmatched_gt,3,,,no LV-DOT estimate within 1.5 m
1789354187.939195395,dynamic,86,unmatched_gt,4,,,no LV-DOT estimate within 1.5 m
1789354187.939195395,dynamic,86,unmatched_gt,5,,,no LV-DOT estimate within 1.5 m
1789354187.939195395,dynamic,86,unmatched_gt,6,,,no LV-DOT estimate within 1.5 m
1789354187.939195395,dynamic,86,unmatched_gt,7,,,no LV-DOT estimate within 1.5 m
1789354187.939195395,dynamic,86,unmatched_gt,9,,,no LV-DOT estimate within 1.5 m
1789354187.939195395,dynamic,86,unmatched_gt,10,,,no LV-DOT estimate within 1.5 m
1789354187.939195395,dynamic,86,unmatched_gt,11,,,no LV-DOT estimate within 1.5 m
1789354187.939195395,dynamic,86,unmatched_gt,13,,,no LV-DOT estimate within 1.5 m
1789354187.939195395,dynamic,86,unmatched_gt,14,,,no LV-DOT estimate within 1.5 m
1789354187.939195395,dynamic,86,unmatched_gt,15,,,no LV-DOT estimate within 1.5 m
1789354187.939195395,dynamic,86,unmatched_gt,16,,,no LV-DOT estimate within 1.5 m
1789354187.939195395,dynamic,86,unmatched_gt,17,,,no LV-DOT estimate within 1.5 m
1789354187.939195395,dynamic,86,unmatched_gt,18,,,no LV-DOT estimate within 1.5 m
1789354187.956000328,dynamic,86,gt_teleport,0,,,same MARSIM ID moved more than 1.0 m between GT messages
1789354187.956000328,dynamic,86,gt_teleport,17,,,same MARSIM ID moved more than 1.0 m between GT messages
1789354188.038899422,dynamic,87,track_created,,50,,collector track created
1789354188.038899422,dynamic,87,id_switch,5,50,3,previous tracking_id=37
1789354188.038899422,dynamic,87,unmatched_gt,0,,,no LV-DOT estimate within 1.5 m
1789354188.038899422,dynamic,87,unmatched_gt,1,,,no LV-DOT estimate within 1.5 m
1789354188.038899422,dynamic,87,unmatched_gt,2,,,no LV-DOT estimate within 1.5 m
1789354188.038899422,dynamic,87,unmatched_gt,3,,,no LV-DOT estimate within 1.5 m
1789354188.038899422,dynamic,87,unmatched_gt,4,,,no LV-DOT estimate within 1.5 m
1789354188.038899422,dynamic,87,unmatched_gt,6,,,no LV-DOT estimate within 1.5 m
1789354188.038899422,dynamic,87,unmatched_gt,7,,,no LV-DOT estimate within 1.5 m
1789354188.038899422,dynamic,87,unmatched_gt,9,,,no LV-DOT estimate within 1.5 m
1789354188.038899422,dynamic,87,unmatched_gt,10,,,no LV-DOT estimate within 1.5 m
1789354188.038899422,dynamic,87,unmatched_gt,11,,,no LV-DOT estimate within 1.5 m
1789354188.038899422,dynamic,87,unmatched_gt,13,,,no LV-DOT estimate within 1.5 m
1789354188.038899422,dynamic,87,unmatched_gt,14,,,no LV-DOT estimate within 1.5 m
1789354188.038899422,dynamic,87,unmatched_gt,15,,,no LV-DOT estimate within 1.5 m
1789354188.038899422,dynamic,87,unmatched_gt,16,,,no LV-DOT estimate within 1.5 m
1789354188.038899422,dynamic,87,unmatched_gt,17,,,no LV-DOT estimate within 1.5 m
1789354188.038899422,dynamic,87,unmatched_gt,18,,,no LV-DOT estimate within 1.5 m
1789354188.056183100,dynamic,87,gt_teleport,1,,,same MARSIM ID moved more than 1.0 m between GT messages
1789354188.056183100,dynamic,87,gt_teleport,7,,,same MARSIM ID moved more than 1.0 m between GT messages
1789354188.056183100,dynamic,87,gt_teleport,9,,,same MARSIM ID moved more than 1.0 m between GT messages
1789354188.138906956,dynamic,88,unmatched_gt,0,,,no LV-DOT estimate within 1.5 m
1789354188.138906956,dynamic,88,unmatched_gt,1,,,no LV-DOT estimate within 1.5 m
1789354188.138906956,dynamic,88,unmatched_gt,3,,,no LV-DOT estimate within 1.5 m
1789354188.138906956,dynamic,88,unmatched_gt,4,,,no LV-DOT estimate within 1.5 m
1789354188.138906956,dynamic,88,unmatched_gt,5,,,no LV-DOT estimate within 1.5 m
1789354188.138906956,dynamic,88,unmatched_gt,6,,,no LV-DOT estimate within 1.5 m
1789354188.138906956,dynamic,88,unmatched_gt,7,,,no LV-DOT estimate within 1.5 m
1789354188.138906956,dynamic,88,unmatched_gt,9,,,no LV-DOT estimate within 1.5 m
1789354188.138906956,dynamic,88,unmatched_gt,10,,,no LV-DOT estimate within 1.5 m
1789354188.138906956,dynamic,88,unmatched_gt,11,,,no LV-DOT estimate within 1.5 m
1789354188.138906956,dynamic,88,unmatched_gt,13,,,no LV-DOT estimate within 1.5 m
1789354188.138906956,dynamic,88,unmatched_gt,14,,,no LV-DOT estimate within 1.5 m
1789354188.138906956,dynamic,88,unmatched_gt,15,,,no LV-DOT estimate within 1.5 m
1789354188.138906956,dynamic,88,unmatched_gt,16,,,no LV-DOT estimate within 1.5 m
1789354188.138906956,dynamic,88,unmatched_gt,17,,,no LV-DOT estimate within 1.5 m
1789354188.138906956,dynamic,88,unmatched_gt,18,,,no LV-DOT estimate within 1.5 m
1789354188.156194210,dynamic,88,gt_teleport,4,,,same MARSIM ID moved more than 1.0 m between GT messages
1789354188.239087343,dynamic,89,track_created,,51,,collector track created
1789354188.239087343,dynamic,89,id_switch,17,51,0,previous tracking_id=40
1789354188.239087343,dynamic,89,unmatched_gt,0,,,no LV-DOT estimate within 1.5 m
1789354188.239087343,dynamic,89,unmatched_gt,1,,,no LV-DOT estimate within 1.5 m
1789354188.239087343,dynamic,89,unmatched_gt,3,,,no LV-DOT estimate within 1.5 m
1789354188.239087343,dynamic,89,unmatched_gt,4,,,no LV-DOT estimate within 1.5 m
1789354188.239087343,dynamic,89,unmatched_gt,6,,,no LV-DOT estimate within 1.5 m
1789354188.239087343,dynamic,89,unmatched_gt,7,,,no LV-DOT estimate within 1.5 m
1789354188.239087343,dynamic,89,unmatched_gt,9,,,no LV-DOT estimate within 1.5 m
1789354188.239087343,dynamic,89,unmatched_gt,10,,,no LV-DOT estimate within 1.5 m
1789354188.239087343,dynamic,89,unmatched_gt,11,,,no LV-DOT estimate within 1.5 m
1789354188.239087343,dynamic,89,unmatched_gt,12,,,no LV-DOT estimate within 1.5 m
1789354188.239087343,dynamic,89,unmatched_gt,13,,,no LV-DOT estimate within 1.5 m
1789354188.239087343,dynamic,89,unmatched_gt,14,,,no LV-DOT estimate within 1.5 m
1789354188.239087343,dynamic,89,unmatched_gt,15,,,no LV-DOT estimate within 1.5 m
1789354188.239087343,dynamic,89,unmatched_gt,16,,,no LV-DOT estimate within 1.5 m
1789354188.239087343,dynamic,89,unmatched_gt,18,,,no LV-DOT estimate within 1.5 m
1789354188.339283466,dynamic,90,track_created,,52,,collector track created
1789354188.339283466,dynamic,90,id_switch,7,52,0,previous tracking_id=22
1789354188.339283466,dynamic,90,unmatched_gt,0,,,no LV-DOT estimate within 1.5 m
1789354188.339283466,dynamic,90,unmatched_gt,1,,,no LV-DOT estimate within 1.5 m
1789354188.339283466,dynamic,90,unmatched_gt,2,,,no LV-DOT estimate within 1.5 m
1789354188.339283466,dynamic,90,unmatched_gt,3,,,no LV-DOT estimate within 1.5 m
1789354188.339283466,dynamic,90,unmatched_gt,4,,,no LV-DOT estimate within 1.5 m
1789354188.339283466,dynamic,90,unmatched_gt,6,,,no LV-DOT estimate within 1.5 m
1789354188.339283466,dynamic,90,unmatched_gt,8,,,no LV-DOT estimate within 1.5 m
1789354188.339283466,dynamic,90,unmatched_gt,9,,,no LV-DOT estimate within 1.5 m
1789354188.339283466,dynamic,90,unmatched_gt,10,,,no LV-DOT estimate within 1.5 m
1789354188.339283466,dynamic,90,unmatched_gt,11,,,no LV-DOT estimate within 1.5 m
1789354188.339283466,dynamic,90,unmatched_gt,13,,,no LV-DOT estimate within 1.5 m
1789354188.339283466,dynamic,90,unmatched_gt,14,,,no LV-DOT estimate within 1.5 m
1789354188.339283466,dynamic,90,unmatched_gt,15,,,no LV-DOT estimate within 1.5 m
1789354188.339283466,dynamic,90,unmatched_gt,16,,,no LV-DOT estimate within 1.5 m
1789354188.339283466,dynamic,90,unmatched_gt,18,,,no LV-DOT estimate within 1.5 m
1789354188.439234495,dynamic,91,track_created,,53,,collector track created
1789354188.439234495,dynamic,91,id_switch,6,48,1,previous tracking_id=34
1789354188.439234495,dynamic,91,id_switch,12,53,2,previous tracking_id=48
1789354188.439234495,dynamic,91,unmatched_gt,0,,,no LV-DOT estimate within 1.5 m
1789354188.439234495,dynamic,91,unmatched_gt,1,,,no LV-DOT estimate within 1.5 m
1789354188.439234495,dynamic,91,unmatched_gt,3,,,no LV-DOT estimate within 1.5 m
1789354188.439234495,dynamic,91,unmatched_gt,4,,,no LV-DOT estimate within 1.5 m
1789354188.439234495,dynamic,91,unmatched_gt,8,,,no LV-DOT estimate within 1.5 m
1789354188.439234495,dynamic,91,unmatched_gt,9,,,no LV-DOT estimate within 1.5 m
1789354188.439234495,dynamic,91,unmatched_gt,10,,,no LV-DOT estimate within 1.5 m
1789354188.439234495,dynamic,91,unmatched_gt,11,,,no LV-DOT estimate within 1.5 m
1789354188.439234495,dynamic,91,unmatched_gt,13,,,no LV-DOT estimate within 1.5 m
1789354188.439234495,dynamic,91,unmatched_gt,14,,,no LV-DOT estimate within 1.5 m
1789354188.439234495,dynamic,91,unmatched_gt,15,,,no LV-DOT estimate within 1.5 m
1789354188.439234495,dynamic,91,unmatched_gt,16,,,no LV-DOT estimate within 1.5 m
1789354188.439234495,dynamic,91,unmatched_gt,18,,,no LV-DOT estimate within 1.5 m
1789354188.539193869,dynamic,92,unmatched_gt,0,,,no LV-DOT estimate within 1.5 m
1789354188.539193869,dynamic,92,unmatched_gt,1,,,no LV-DOT estimate within 1.5 m
1789354188.539193869,dynamic,92,unmatched_gt,3,,,no LV-DOT estimate within 1.5 m
1789354188.539193869,dynamic,92,unmatched_gt,4,,,no LV-DOT estimate within 1.5 m
1789354188.539193869,dynamic,92,unmatched_gt,5,,,no LV-DOT estimate within 1.5 m
1789354188.539193869,dynamic,92,unmatched_gt,6,,,no LV-DOT estimate within 1.5 m
1789354188.539193869,dynamic,92,unmatched_gt,8,,,no LV-DOT estimate within 1.5 m
1789354188.539193869,dynamic,92,unmatched_gt,9,,,no LV-DOT estimate within 1.5 m
1789354188.539193869,dynamic,92,unmatched_gt,10,,,no LV-DOT estimate within 1.5 m
1789354188.539193869,dynamic,92,unmatched_gt,11,,,no LV-DOT estimate within 1.5 m
1789354188.539193869,dynamic,92,unmatched_gt,13,,,no LV-DOT estimate within 1.5 m
1789354188.539193869,dynamic,92,unmatched_gt,14,,,no LV-DOT estimate within 1.5 m
1789354188.539193869,dynamic,92,unmatched_gt,15,,,no LV-DOT estimate within 1.5 m
1789354188.539193869,dynamic,92,unmatched_gt,16,,,no LV-DOT estimate within 1.5 m
1789354188.539193869,dynamic,92,unmatched_gt,18,,,no LV-DOT estimate within 1.5 m
1789354188.555970192,dynamic,92,gt_teleport,3,,,same MARSIM ID moved more than 1.0 m between GT messages
1789354188.639125586,dynamic,93,track_lost,,47,,collector track exceeded missed-frame limit
1789354188.639125586,dynamic,93,unmatched_gt,0,,,no LV-DOT estimate within 1.5 m
1789354188.639125586,dynamic,93,unmatched_gt,1,,,no LV-DOT estimate within 1.5 m
1789354188.639125586,dynamic,93,unmatched_gt,2,,,no LV-DOT estimate within 1.5 m
1789354188.639125586,dynamic,93,unmatched_gt,3,,,no LV-DOT estimate within 1.5 m
1789354188.639125586,dynamic,93,unmatched_gt,4,,,no LV-DOT estimate within 1.5 m
1789354188.639125586,dynamic,93,unmatched_gt,6,,,no LV-DOT estimate within 1.5 m
1789354188.639125586,dynamic,93,unmatched_gt,8,,,no LV-DOT estimate within 1.5 m
1789354188.639125586,dynamic,93,unmatched_gt,9,,,no LV-DOT estimate within 1.5 m
1789354188.639125586,dynamic,93,unmatched_gt,10,,,no LV-DOT estimate within 1.5 m
1789354188.639125586,dynamic,93,unmatched_gt,11,,,no LV-DOT estimate within 1.5 m
1789354188.639125586,dynamic,93,unmatched_gt,13,,,no LV-DOT estimate within 1.5 m
1789354188.639125586,dynamic,93,unmatched_gt,14,,,no LV-DOT estimate within 1.5 m
1789354188.639125586,dynamic,93,unmatched_gt,15,,,no LV-DOT estimate within 1.5 m
1789354188.639125586,dynamic,93,unmatched_gt,16,,,no LV-DOT estimate within 1.5 m
1789354188.639125586,dynamic,93,unmatched_gt,18,,,no LV-DOT estimate within 1.5 m
1789354188.655979156,dynamic,93,gt_teleport,8,,,same MARSIM ID moved more than 1.0 m between GT messages
1789354188.738805771,dynamic,94,unmatched_gt,0,,,no LV-DOT estimate within 1.5 m
1789354188.738805771,dynamic,94,unmatched_gt,1,,,no LV-DOT estimate within 1.5 m
1789354188.738805771,dynamic,94,unmatched_gt,2,,,no LV-DOT estimate within 1.5 m
1789354188.738805771,dynamic,94,unmatched_gt,3,,,no LV-DOT estimate within 1.5 m
1789354188.738805771,dynamic,94,unmatched_gt,4,,,no LV-DOT estimate within 1.5 m
1789354188.738805771,dynamic,94,unmatched_gt,8,,,no LV-DOT estimate within 1.5 m
1789354188.738805771,dynamic,94,unmatched_gt,9,,,no LV-DOT estimate within 1.5 m
1789354188.738805771,dynamic,94,unmatched_gt,10,,,no LV-DOT estimate within 1.5 m
1789354188.738805771,dynamic,94,unmatched_gt,11,,,no LV-DOT estimate within 1.5 m
1789354188.738805771,dynamic,94,unmatched_gt,13,,,no LV-DOT estimate within 1.5 m
1789354188.738805771,dynamic,94,unmatched_gt,14,,,no LV-DOT estimate within 1.5 m
1789354188.738805771,dynamic,94,unmatched_gt,15,,,no LV-DOT estimate within 1.5 m
1789354188.738805771,dynamic,94,unmatched_gt,16,,,no LV-DOT estimate within 1.5 m
1789354188.738805771,dynamic,94,unmatched_gt,18,,,no LV-DOT estimate within 1.5 m
1789354188.839478493,dynamic,95,track_created,,54,,collector track created
1789354188.839478493,dynamic,95,track_created,,55,,collector track created
1789354188.839478493,dynamic,95,id_switch,2,54,2,previous tracking_id=35
1789354188.839478493,dynamic,95,id_switch,3,55,3,previous tracking_id=39
1789354188.839478493,dynamic,95,unmatched_gt,0,,,no LV-DOT estimate within 1.5 m
1789354188.839478493,dynamic,95,unmatched_gt,1,,,no LV-DOT estimate within 1.5 m
1789354188.839478493,dynamic,95,unmatched_gt,4,,,no LV-DOT estimate within 1.5 m
1789354188.839478493,dynamic,95,unmatched_gt,5,,,no LV-DOT estimate within 1.5 m
1789354188.839478493,dynamic,95,unmatched_gt,6,,,no LV-DOT estimate within 1.5 m
1789354188.839478493,dynamic,95,unmatched_gt,8,,,no LV-DOT estimate within 1.5 m
1789354188.839478493,dynamic,95,unmatched_gt,9,,,no LV-DOT estimate within 1.5 m
1789354188.839478493,dynamic,95,unmatched_gt,10,,,no LV-DOT estimate within 1.5 m
1789354188.839478493,dynamic,95,unmatched_gt,11,,,no LV-DOT estimate within 1.5 m
1789354188.839478493,dynamic,95,unmatched_gt,13,,,no LV-DOT estimate within 1.5 m
1789354188.839478493,dynamic,95,unmatched_gt,14,,,no LV-DOT estimate within 1.5 m
1789354188.839478493,dynamic,95,unmatched_gt,15,,,no LV-DOT estimate within 1.5 m
1789354188.839478493,dynamic,95,unmatched_gt,16,,,no LV-DOT estimate within 1.5 m
1789354188.839478493,dynamic,95,unmatched_gt,18,,,no LV-DOT estimate within 1.5 m
1789354188.939252853,dynamic,96,track_lost,,35,,collector track exceeded missed-frame limit
1789354188.939252853,dynamic,96,unmatched_gt,0,,,no LV-DOT estimate within 1.5 m
1789354188.939252853,dynamic,96,unmatched_gt,1,,,no LV-DOT estimate within 1.5 m
1789354188.939252853,dynamic,96,unmatched_gt,2,,,no LV-DOT estimate within 1.5 m
1789354188.939252853,dynamic,96,unmatched_gt,4,,,no LV-DOT estimate within 1.5 m
1789354188.939252853,dynamic,96,unmatched_gt,5,,,no LV-DOT estimate within 1.5 m
1789354188.939252853,dynamic,96,unmatched_gt,6,,,no LV-DOT estimate within 1.5 m
1789354188.939252853,dynamic,96,unmatched_gt,8,,,no LV-DOT estimate within 1.5 m
1789354188.939252853,dynamic,96,unmatched_gt,9,,,no LV-DOT estimate within 1.5 m
1789354188.939252853,dynamic,96,unmatched_gt,10,,,no LV-DOT estimate within 1.5 m
1789354188.939252853,dynamic,96,unmatched_gt,11,,,no LV-DOT estimate within 1.5 m
1789354188.939252853,dynamic,96,unmatched_gt,12,,,no LV-DOT estimate within 1.5 m
1789354188.939252853,dynamic,96,unmatched_gt,13,,,no LV-DOT estimate within 1.5 m
1789354188.939252853,dynamic,96,unmatched_gt,14,,,no LV-DOT estimate within 1.5 m
1789354188.939252853,dynamic,96,unmatched_gt,15,,,no LV-DOT estimate within 1.5 m
1789354188.939252853,dynamic,96,unmatched_gt,16,,,no LV-DOT estimate within 1.5 m
1789354188.939252853,dynamic,96,unmatched_gt,18,,,no LV-DOT estimate within 1.5 m
1789354189.039247751,dynamic,97,unmatched_gt,0,,,no LV-DOT estimate within 1.5 m
1789354189.039247751,dynamic,97,unmatched_gt,1,,,no LV-DOT estimate within 1.5 m
1789354189.039247751,dynamic,97,unmatched_gt,4,,,no LV-DOT estimate within 1.5 m
1789354189.039247751,dynamic,97,unmatched_gt,5,,,no LV-DOT estimate within 1.5 m
1789354189.039247751,dynamic,97,unmatched_gt,6,,,no LV-DOT estimate within 1.5 m
1789354189.039247751,dynamic,97,unmatched_gt,8,,,no LV-DOT estimate within 1.5 m
1789354189.039247751,dynamic,97,unmatched_gt,9,,,no LV-DOT estimate within 1.5 m
1789354189.039247751,dynamic,97,unmatched_gt,10,,,no LV-DOT estimate within 1.5 m
1789354189.039247751,dynamic,97,unmatched_gt,11,,,no LV-DOT estimate within 1.5 m
1789354189.039247751,dynamic,97,unmatched_gt,12,,,no LV-DOT estimate within 1.5 m
1789354189.039247751,dynamic,97,unmatched_gt,13,,,no LV-DOT estimate within 1.5 m
1789354189.039247751,dynamic,97,unmatched_gt,14,,,no LV-DOT estimate within 1.5 m
1789354189.039247751,dynamic,97,unmatched_gt,15,,,no LV-DOT estimate within 1.5 m
1789354189.039247751,dynamic,97,unmatched_gt,16,,,no LV-DOT estimate within 1.5 m
1789354189.039247751,dynamic,97,unmatched_gt,18,,,no LV-DOT estimate within 1.5 m
1789354189.056025743,dynamic,97,gt_teleport,5,,,same MARSIM ID moved more than 1.0 m between GT messages
1789354189.056025743,dynamic,97,gt_teleport,10,,,same MARSIM ID moved more than 1.0 m between GT messages
1789354189.139405489,dynamic,98,track_lost,,50,,collector track exceeded missed-frame limit
1789354189.139405489,dynamic,98,unmatched_gt,0,,,no LV-DOT estimate within 1.5 m
1789354189.139405489,dynamic,98,unmatched_gt,1,,,no LV-DOT estimate within 1.5 m
1789354189.139405489,dynamic,98,unmatched_gt,4,,,no LV-DOT estimate within 1.5 m
1789354189.139405489,dynamic,98,unmatched_gt,5,,,no LV-DOT estimate within 1.5 m
1789354189.139405489,dynamic,98,unmatched_gt,8,,,no LV-DOT estimate within 1.5 m
1789354189.139405489,dynamic,98,unmatched_gt,9,,,no LV-DOT estimate within 1.5 m
1789354189.139405489,dynamic,98,unmatched_gt,10,,,no LV-DOT estimate within 1.5 m
1789354189.139405489,dynamic,98,unmatched_gt,11,,,no LV-DOT estimate within 1.5 m
1789354189.139405489,dynamic,98,unmatched_gt,12,,,no LV-DOT estimate within 1.5 m
1789354189.139405489,dynamic,98,unmatched_gt,13,,,no LV-DOT estimate within 1.5 m
1789354189.139405489,dynamic,98,unmatched_gt,14,,,no LV-DOT estimate within 1.5 m
1789354189.139405489,dynamic,98,unmatched_gt,15,,,no LV-DOT estimate within 1.5 m
1789354189.139405489,dynamic,98,unmatched_gt,16,,,no LV-DOT estimate within 1.5 m
1789354189.139405489,dynamic,98,unmatched_gt,18,,,no LV-DOT estimate within 1.5 m
1789354189.156020641,dynamic,98,gt_teleport,12,,,same MARSIM ID moved more than 1.0 m between GT messages
1789354189.240679026,dynamic,99,track_lost,,53,,collector track exceeded missed-frame limit
1789354189.240679026,dynamic,99,unmatched_gt,0,,,no LV-DOT estimate within 1.5 m
1789354189.240679026,dynamic,99,unmatched_gt,1,,,no LV-DOT estimate within 1.5 m
1789354189.240679026,dynamic,99,unmatched_gt,4,,,no LV-DOT estimate within 1.5 m
1789354189.240679026,dynamic,99,unmatched_gt,5,,,no LV-DOT estimate within 1.5 m
1789354189.240679026,dynamic,99,unmatched_gt,8,,,no LV-DOT estimate within 1.5 m
1789354189.240679026,dynamic,99,unmatched_gt,9,,,no LV-DOT estimate within 1.5 m
1789354189.240679026,dynamic,99,unmatched_gt,10,,,no LV-DOT estimate within 1.5 m
1789354189.240679026,dynamic,99,unmatched_gt,11,,,no LV-DOT estimate within 1.5 m
1789354189.240679026,dynamic,99,unmatched_gt,12,,,no LV-DOT estimate within 1.5 m
1789354189.240679026,dynamic,99,unmatched_gt,13,,,no LV-DOT estimate within 1.5 m
1789354189.240679026,dynamic,99,unmatched_gt,14,,,no LV-DOT estimate within 1.5 m
1789354189.240679026,dynamic,99,unmatched_gt,15,,,no LV-DOT estimate within 1.5 m
1789354189.240679026,dynamic,99,unmatched_gt,16,,,no LV-DOT estimate within 1.5 m
1789354189.240679026,dynamic,99,unmatched_gt,18,,,no LV-DOT estimate within 1.5 m
1789354189.256139994,dynamic,99,gt_teleport,9,,,same MARSIM ID moved more than 1.0 m between GT messages
1789354189.340822220,dynamic,100,track_created,,56,,collector track created
1789354189.340822220,dynamic,100,id_switch,6,56,3,previous tracking_id=48
1789354189.340822220,dynamic,100,unmatched_gt,0,,,no LV-DOT estimate within 1.5 m
1789354189.340822220,dynamic,100,unmatched_gt,1,,,no LV-DOT estimate within 1.5 m
1789354189.340822220,dynamic,100,unmatched_gt,4,,,no LV-DOT estimate within 1.5 m
1789354189.340822220,dynamic,100,unmatched_gt,5,,,no LV-DOT estimate within 1.5 m
1789354189.340822220,dynamic,100,unmatched_gt,8,,,no LV-DOT estimate within 1.5 m
1789354189.340822220,dynamic,100,unmatched_gt,9,,,no LV-DOT estimate within 1.5 m
1789354189.340822220,dynamic,100,unmatched_gt,10,,,no LV-DOT estimate within 1.5 m
1789354189.340822220,dynamic,100,unmatched_gt,11,,,no LV-DOT estimate within 1.5 m
1789354189.340822220,dynamic,100,unmatched_gt,12,,,no LV-DOT estimate within 1.5 m
1789354189.340822220,dynamic,100,unmatched_gt,14,,,no LV-DOT estimate within 1.5 m
1789354189.340822220,dynamic,100,unmatched_gt,15,,,no LV-DOT estimate within 1.5 m
1789354189.340822220,dynamic,100,unmatched_gt,16,,,no LV-DOT estimate within 1.5 m
1789354189.340822220,dynamic,100,unmatched_gt,18,,,no LV-DOT estimate within 1.5 m
1789354189.439491987,dynamic,101,unmatched_gt,0,,,no LV-DOT estimate within 1.5 m
1789354189.439491987,dynamic,101,unmatched_gt,1,,,no LV-DOT estimate within 1.5 m
1789354189.439491987,dynamic,101,unmatched_gt,4,,,no LV-DOT estimate within 1.5 m
1789354189.439491987,dynamic,101,unmatched_gt,5,,,no LV-DOT estimate within 1.5 m
1789354189.439491987,dynamic,101,unmatched_gt,8,,,no LV-DOT estimate within 1.5 m
1789354189.439491987,dynamic,101,unmatched_gt,9,,,no LV-DOT estimate within 1.5 m
1789354189.439491987,dynamic,101,unmatched_gt,10,,,no LV-DOT estimate within 1.5 m
1789354189.439491987,dynamic,101,unmatched_gt,11,,,no LV-DOT estimate within 1.5 m
1789354189.439491987,dynamic,101,unmatched_gt,12,,,no LV-DOT estimate within 1.5 m
1789354189.439491987,dynamic,101,unmatched_gt,13,,,no LV-DOT estimate within 1.5 m
1789354189.439491987,dynamic,101,unmatched_gt,14,,,no LV-DOT estimate within 1.5 m
1789354189.439491987,dynamic,101,unmatched_gt,15,,,no LV-DOT estimate within 1.5 m
1789354189.439491987,dynamic,101,unmatched_gt,16,,,no LV-DOT estimate within 1.5 m
1789354189.439491987,dynamic,101,unmatched_gt,18,,,no LV-DOT estimate within 1.5 m
1789354189.539288282,dynamic,102,unmatched_gt,0,,,no LV-DOT estimate within 1.5 m
1789354189.539288282,dynamic,102,unmatched_gt,1,,,no LV-DOT estimate within 1.5 m
1789354189.539288282,dynamic,102,unmatched_gt,4,,,no LV-DOT estimate within 1.5 m
1789354189.539288282,dynamic,102,unmatched_gt,5,,,no LV-DOT estimate within 1.5 m
1789354189.539288282,dynamic,102,unmatched_gt,6,,,no LV-DOT estimate within 1.5 m
1789354189.539288282,dynamic,102,unmatched_gt,8,,,no LV-DOT estimate within 1.5 m
1789354189.539288282,dynamic,102,unmatched_gt,9,,,no LV-DOT estimate within 1.5 m
1789354189.539288282,dynamic,102,unmatched_gt,10,,,no LV-DOT estimate within 1.5 m
1789354189.539288282,dynamic,102,unmatched_gt,11,,,no LV-DOT estimate within 1.5 m
1789354189.539288282,dynamic,102,unmatched_gt,12,,,no LV-DOT estimate within 1.5 m
1789354189.539288282,dynamic,102,unmatched_gt,13,,,no LV-DOT estimate within 1.5 m
1789354189.539288282,dynamic,102,unmatched_gt,14,,,no LV-DOT estimate within 1.5 m
1789354189.539288282,dynamic,102,unmatched_gt,15,,,no LV-DOT estimate within 1.5 m
1789354189.539288282,dynamic,102,unmatched_gt,16,,,no LV-DOT estimate within 1.5 m
1789354189.539288282,dynamic,102,unmatched_gt,18,,,no LV-DOT estimate within 1.5 m
1789354189.556024313,dynamic,102,gt_teleport,16,,,same MARSIM ID moved more than 1.0 m between GT messages
1789354189.639228582,dynamic,103,unmatched_gt,0,,,no LV-DOT estimate within 1.5 m
1789354189.639228582,dynamic,103,unmatched_gt,1,,,no LV-DOT estimate within 1.5 m
1789354189.639228582,dynamic,103,unmatched_gt,4,,,no LV-DOT estimate within 1.5 m
1789354189.639228582,dynamic,103,unmatched_gt,5,,,no LV-DOT estimate within 1.5 m
1789354189.639228582,dynamic,103,unmatched_gt,6,,,no LV-DOT estimate within 1.5 m
1789354189.639228582,dynamic,103,unmatched_gt,8,,,no LV-DOT estimate within 1.5 m
1789354189.639228582,dynamic,103,unmatched_gt,9,,,no LV-DOT estimate within 1.5 m
1789354189.639228582,dynamic,103,unmatched_gt,10,,,no LV-DOT estimate within 1.5 m
1789354189.639228582,dynamic,103,unmatched_gt,11,,,no LV-DOT estimate within 1.5 m
1789354189.639228582,dynamic,103,unmatched_gt,12,,,no LV-DOT estimate within 1.5 m
1789354189.639228582,dynamic,103,unmatched_gt,13,,,no LV-DOT estimate within 1.5 m
1789354189.639228582,dynamic,103,unmatched_gt,14,,,no LV-DOT estimate within 1.5 m
1789354189.639228582,dynamic,103,unmatched_gt,15,,,no LV-DOT estimate within 1.5 m
1789354189.639228582,dynamic,103,unmatched_gt,16,,,no LV-DOT estimate within 1.5 m
1789354189.639228582,dynamic,103,unmatched_gt,18,,,no LV-DOT estimate within 1.5 m
1789354189.656026840,dynamic,103,gt_teleport,8,,,same MARSIM ID moved more than 1.0 m between GT messages
1789354189.740454435,dynamic,104,track_lost,,48,,collector track exceeded missed-frame limit
1789354189.740454435,dynamic,104,unmatched_gt,0,,,no LV-DOT estimate within 1.5 m
1789354189.740454435,dynamic,104,unmatched_gt,1,,,no LV-DOT estimate within 1.5 m
1789354189.740454435,dynamic,104,unmatched_gt,4,,,no LV-DOT estimate within 1.5 m
1789354189.740454435,dynamic,104,unmatched_gt,5,,,no LV-DOT estimate within 1.5 m
1789354189.740454435,dynamic,104,unmatched_gt,8,,,no LV-DOT estimate within 1.5 m
1789354189.740454435,dynamic,104,unmatched_gt,9,,,no LV-DOT estimate within 1.5 m
1789354189.740454435,dynamic,104,unmatched_gt,10,,,no LV-DOT estimate within 1.5 m
1789354189.740454435,dynamic,104,unmatched_gt,11,,,no LV-DOT estimate within 1.5 m
1789354189.740454435,dynamic,104,unmatched_gt,12,,,no LV-DOT estimate within 1.5 m
1789354189.740454435,dynamic,104,unmatched_gt,13,,,no LV-DOT estimate within 1.5 m
1789354189.740454435,dynamic,104,unmatched_gt,14,,,no LV-DOT estimate within 1.5 m
1789354189.740454435,dynamic,104,unmatched_gt,15,,,no LV-DOT estimate within 1.5 m
1789354189.740454435,dynamic,104,unmatched_gt,16,,,no LV-DOT estimate within 1.5 m
1789354189.740454435,dynamic,104,unmatched_gt,18,,,no LV-DOT estimate within 1.5 m
1789354189.756049395,dynamic,104,gt_teleport,9,,,same MARSIM ID moved more than 1.0 m between GT messages
1789354189.756049395,dynamic,104,gt_teleport,18,,,same MARSIM ID moved more than 1.0 m between GT messages
1789354189.839674234,dynamic,105,unmatched_gt,0,,,no LV-DOT estimate within 1.5 m
1789354189.839674234,dynamic,105,unmatched_gt,1,,,no LV-DOT estimate within 1.5 m
1789354189.839674234,dynamic,105,unmatched_gt,2,,,no LV-DOT estimate within 1.5 m
1789354189.839674234,dynamic,105,unmatched_gt,3,,,no LV-DOT estimate within 1.5 m
1789354189.839674234,dynamic,105,unmatched_gt,4,,,no LV-DOT estimate within 1.5 m
1789354189.839674234,dynamic,105,unmatched_gt,5,,,no LV-DOT estimate within 1.5 m
1789354189.839674234,dynamic,105,unmatched_gt,6,,,no LV-DOT estimate within 1.5 m
1789354189.839674234,dynamic,105,unmatched_gt,8,,,no LV-DOT estimate within 1.5 m
1789354189.839674234,dynamic,105,unmatched_gt,9,,,no LV-DOT estimate within 1.5 m
1789354189.839674234,dynamic,105,unmatched_gt,10,,,no LV-DOT estimate within 1.5 m
1789354189.839674234,dynamic,105,unmatched_gt,11,,,no LV-DOT estimate within 1.5 m
1789354189.839674234,dynamic,105,unmatched_gt,12,,,no LV-DOT estimate within 1.5 m
1789354189.839674234,dynamic,105,unmatched_gt,13,,,no LV-DOT estimate within 1.5 m
1789354189.839674234,dynamic,105,unmatched_gt,14,,,no LV-DOT estimate within 1.5 m
1789354189.839674234,dynamic,105,unmatched_gt,15,,,no LV-DOT estimate within 1.5 m
1789354189.839674234,dynamic,105,unmatched_gt,16,,,no LV-DOT estimate within 1.5 m
1789354189.839674234,dynamic,105,unmatched_gt,18,,,no LV-DOT estimate within 1.5 m
1789354189.856037378,dynamic,105,gt_teleport,1,,,same MARSIM ID moved more than 1.0 m between GT messages
1789354189.856037378,dynamic,105,gt_teleport,4,,,same MARSIM ID moved more than 1.0 m between GT messages
1789354189.939250469,dynamic,106,track_created,,57,,collector track created
1789354189.939250469,dynamic,106,id_switch,8,57,3,previous tracking_id=47
1789354189.939250469,dynamic,106,unmatched_gt,0,,,no LV-DOT estimate within 1.5 m
1789354189.939250469,dynamic,106,unmatched_gt,1,,,no LV-DOT estimate within 1.5 m
1789354189.939250469,dynamic,106,unmatched_gt,2,,,no LV-DOT estimate within 1.5 m
1789354189.939250469,dynamic,106,unmatched_gt,3,,,no LV-DOT estimate within 1.5 m
1789354189.939250469,dynamic,106,unmatched_gt,4,,,no LV-DOT estimate within 1.5 m
1789354189.939250469,dynamic,106,unmatched_gt,5,,,no LV-DOT estimate within 1.5 m
1789354189.939250469,dynamic,106,unmatched_gt,6,,,no LV-DOT estimate within 1.5 m
1789354189.939250469,dynamic,106,unmatched_gt,9,,,no LV-DOT estimate within 1.5 m
1789354189.939250469,dynamic,106,unmatched_gt,10,,,no LV-DOT estimate within 1.5 m
1789354189.939250469,dynamic,106,unmatched_gt,11,,,no LV-DOT estimate within 1.5 m
1789354189.939250469,dynamic,106,unmatched_gt,12,,,no LV-DOT estimate within 1.5 m
1789354189.939250469,dynamic,106,unmatched_gt,13,,,no LV-DOT estimate within 1.5 m
1789354189.939250469,dynamic,106,unmatched_gt,14,,,no LV-DOT estimate within 1.5 m
1789354189.939250469,dynamic,106,unmatched_gt,15,,,no LV-DOT estimate within 1.5 m
1789354189.939250469,dynamic,106,unmatched_gt,16,,,no LV-DOT estimate within 1.5 m
1789354189.939250469,dynamic,106,unmatched_gt,18,,,no LV-DOT estimate within 1.5 m
1789354190.038908482,dynamic,107,track_created,,58,,collector track created
1789354190.038908482,dynamic,107,id_switch,9,58,0,previous tracking_id=38
1789354190.038908482,dynamic,107,unmatched_gt,0,,,no LV-DOT estimate within 1.5 m
1789354190.038908482,dynamic,107,unmatched_gt,1,,,no LV-DOT estimate within 1.5 m
1789354190.038908482,dynamic,107,unmatched_gt,3,,,no LV-DOT estimate within 1.5 m
1789354190.038908482,dynamic,107,unmatched_gt,4,,,no LV-DOT estimate within 1.5 m
1789354190.038908482,dynamic,107,unmatched_gt,5,,,no LV-DOT estimate within 1.5 m
1789354190.038908482,dynamic,107,unmatched_gt,6,,,no LV-DOT estimate within 1.5 m
1789354190.038908482,dynamic,107,unmatched_gt,8,,,no LV-DOT estimate within 1.5 m
1789354190.038908482,dynamic,107,unmatched_gt,10,,,no LV-DOT estimate within 1.5 m
1789354190.038908482,dynamic,107,unmatched_gt,11,,,no LV-DOT estimate within 1.5 m
1789354190.038908482,dynamic,107,unmatched_gt,12,,,no LV-DOT estimate within 1.5 m
1789354190.038908482,dynamic,107,unmatched_gt,13,,,no LV-DOT estimate within 1.5 m
1789354190.038908482,dynamic,107,unmatched_gt,14,,,no LV-DOT estimate within 1.5 m
1789354190.038908482,dynamic,107,unmatched_gt,15,,,no LV-DOT estimate within 1.5 m
1789354190.038908482,dynamic,107,unmatched_gt,16,,,no LV-DOT estimate within 1.5 m
1789354190.038908482,dynamic,107,unmatched_gt,18,,,no LV-DOT estimate within 1.5 m
1789354190.139797449,dynamic,108,track_lost,,55,,collector track exceeded missed-frame limit
1789354190.139797449,dynamic,108,track_lost,,56,,collector track exceeded missed-frame limit
1789354190.139797449,dynamic,108,id_switch,0,58,4,previous tracking_id=13
1789354190.139797449,dynamic,108,unmatched_gt,1,,,no LV-DOT estimate within 1.5 m
1789354190.139797449,dynamic,108,unmatched_gt,3,,,no LV-DOT estimate within 1.5 m
1789354190.139797449,dynamic,108,unmatched_gt,4,,,no LV-DOT estimate within 1.5 m
1789354190.139797449,dynamic,108,unmatched_gt,5,,,no LV-DOT estimate within 1.5 m
1789354190.139797449,dynamic,108,unmatched_gt,6,,,no LV-DOT estimate within 1.5 m
1789354190.139797449,dynamic,108,unmatched_gt,8,,,no LV-DOT estimate within 1.5 m
1789354190.139797449,dynamic,108,unmatched_gt,9,,,no LV-DOT estimate within 1.5 m
1789354190.139797449,dynamic,108,unmatched_gt,10,,,no LV-DOT estimate within 1.5 m
1789354190.139797449,dynamic,108,unmatched_gt,11,,,no LV-DOT estimate within 1.5 m
1789354190.139797449,dynamic,108,unmatched_gt,12,,,no LV-DOT estimate within 1.5 m
1789354190.139797449,dynamic,108,unmatched_gt,13,,,no LV-DOT estimate within 1.5 m
1789354190.139797449,dynamic,108,unmatched_gt,14,,,no LV-DOT estimate within 1.5 m
1789354190.139797449,dynamic,108,unmatched_gt,15,,,no LV-DOT estimate within 1.5 m
1789354190.139797449,dynamic,108,unmatched_gt,16,,,no LV-DOT estimate within 1.5 m
1789354190.139797449,dynamic,108,unmatched_gt,18,,,no LV-DOT estimate within 1.5 m
1789354190.155997276,dynamic,108,gt_teleport,6,,,same MARSIM ID moved more than 1.0 m between GT messages
1789354190.239922285,dynamic,109,unmatched_gt,0,,,no LV-DOT estimate within 1.5 m
1789354190.239922285,dynamic,109,unmatched_gt,1,,,no LV-DOT estimate within 1.5 m
1789354190.239922285,dynamic,109,unmatched_gt,3,,,no LV-DOT estimate within 1.5 m
1789354190.239922285,dynamic,109,unmatched_gt,4,,,no LV-DOT estimate within 1.5 m
1789354190.239922285,dynamic,109,unmatched_gt,5,,,no LV-DOT estimate within 1.5 m
1789354190.239922285,dynamic,109,unmatched_gt,6,,,no LV-DOT estimate within 1.5 m
1789354190.239922285,dynamic,109,unmatched_gt,9,,,no LV-DOT estimate within 1.5 m
1789354190.239922285,dynamic,109,unmatched_gt,10,,,no LV-DOT estimate within 1.5 m
1789354190.239922285,dynamic,109,unmatched_gt,11,,,no LV-DOT estimate within 1.5 m
1789354190.239922285,dynamic,109,unmatched_gt,12,,,no LV-DOT estimate within 1.5 m
1789354190.239922285,dynamic,109,unmatched_gt,13,,,no LV-DOT estimate within 1.5 m
1789354190.239922285,dynamic,109,unmatched_gt,14,,,no LV-DOT estimate within 1.5 m
1789354190.239922285,dynamic,109,unmatched_gt,15,,,no LV-DOT estimate within 1.5 m
1789354190.239922285,dynamic,109,unmatched_gt,16,,,no LV-DOT estimate within 1.5 m
1789354190.239922285,dynamic,109,unmatched_gt,18,,,no LV-DOT estimate within 1.5 m
1789354190.346298218,dynamic,110,unmatched_gt,0,,,no LV-DOT estimate within 1.5 m
1789354190.346298218,dynamic,110,unmatched_gt,1,,,no LV-DOT estimate within 1.5 m
1789354190.346298218,dynamic,110,unmatched_gt,3,,,no LV-DOT estimate within 1.5 m
1789354190.346298218,dynamic,110,unmatched_gt,4,,,no LV-DOT estimate within 1.5 m
1789354190.346298218,dynamic,110,unmatched_gt,5,,,no LV-DOT estimate within 1.5 m
1789354190.346298218,dynamic,110,unmatched_gt,6,,,no LV-DOT estimate within 1.5 m
1789354190.346298218,dynamic,110,unmatched_gt,9,,,no LV-DOT estimate within 1.5 m
1789354190.346298218,dynamic,110,unmatched_gt,10,,,no LV-DOT estimate within 1.5 m
1789354190.346298218,dynamic,110,unmatched_gt,11,,,no LV-DOT estimate within 1.5 m
1789354190.346298218,dynamic,110,unmatched_gt,12,,,no LV-DOT estimate within 1.5 m
1789354190.346298218,dynamic,110,unmatched_gt,13,,,no LV-DOT estimate within 1.5 m
1789354190.346298218,dynamic,110,unmatched_gt,14,,,no LV-DOT estimate within 1.5 m
1789354190.346298218,dynamic,110,unmatched_gt,15,,,no LV-DOT estimate within 1.5 m
1789354190.346298218,dynamic,110,unmatched_gt,16,,,no LV-DOT estimate within 1.5 m
1789354190.346298218,dynamic,110,unmatched_gt,18,,,no LV-DOT estimate within 1.5 m
1789354190.355986595,dynamic,110,gt_teleport,3,,,same MARSIM ID moved more than 1.0 m between GT messages
1789354190.445871115,dynamic,111,track_created,,59,,collector track created
1789354190.445871115,dynamic,111,id_switch,6,59,2,previous tracking_id=56
1789354190.445871115,dynamic,111,unmatched_gt,0,,,no LV-DOT estimate within 1.5 m
1789354190.445871115,dynamic,111,unmatched_gt,1,,,no LV-DOT estimate within 1.5 m
1789354190.445871115,dynamic,111,unmatched_gt,3,,,no LV-DOT estimate within 1.5 m
1789354190.445871115,dynamic,111,unmatched_gt,4,,,no LV-DOT estimate within 1.5 m
1789354190.445871115,dynamic,111,unmatched_gt,5,,,no LV-DOT estimate within 1.5 m
1789354190.445871115,dynamic,111,unmatched_gt,7,,,no LV-DOT estimate within 1.5 m
1789354190.445871115,dynamic,111,unmatched_gt,9,,,no LV-DOT estimate within 1.5 m
1789354190.445871115,dynamic,111,unmatched_gt,10,,,no LV-DOT estimate within 1.5 m
1789354190.445871115,dynamic,111,unmatched_gt,11,,,no LV-DOT estimate within 1.5 m
1789354190.445871115,dynamic,111,unmatched_gt,12,,,no LV-DOT estimate within 1.5 m
1789354190.445871115,dynamic,111,unmatched_gt,13,,,no LV-DOT estimate within 1.5 m
1789354190.445871115,dynamic,111,unmatched_gt,14,,,no LV-DOT estimate within 1.5 m
1789354190.445871115,dynamic,111,unmatched_gt,15,,,no LV-DOT estimate within 1.5 m
1789354190.445871115,dynamic,111,unmatched_gt,16,,,no LV-DOT estimate within 1.5 m
1789354190.445871115,dynamic,111,unmatched_gt,18,,,no LV-DOT estimate within 1.5 m
1789354190.548009157,dynamic,112,track_lost,,58,,collector track exceeded missed-frame limit
1789354190.548009157,dynamic,112,track_created,,60,,collector track created
1789354190.548009157,dynamic,112,unmatched_gt,0,,,no LV-DOT estimate within 1.5 m
1789354190.548009157,dynamic,112,unmatched_gt,1,,,no LV-DOT estimate within 1.5 m
1789354190.548009157,dynamic,112,unmatched_gt,2,,,no LV-DOT estimate within 1.5 m
1789354190.548009157,dynamic,112,unmatched_gt,3,,,no LV-DOT estimate within 1.5 m
1789354190.548009157,dynamic,112,unmatched_gt,4,,,no LV-DOT estimate within 1.5 m
1789354190.548009157,dynamic,112,unmatched_gt,5,,,no LV-DOT estimate within 1.5 m
1789354190.548009157,dynamic,112,unmatched_gt,7,,,no LV-DOT estimate within 1.5 m
1789354190.548009157,dynamic,112,unmatched_gt,9,,,no LV-DOT estimate within 1.5 m
1789354190.548009157,dynamic,112,unmatched_gt,10,,,no LV-DOT estimate within 1.5 m
1789354190.548009157,dynamic,112,unmatched_gt,11,,,no LV-DOT estimate within 1.5 m
1789354190.548009157,dynamic,112,unmatched_gt,12,,,no LV-DOT estimate within 1.5 m
1789354190.548009157,dynamic,112,unmatched_gt,13,,,no LV-DOT estimate within 1.5 m
1789354190.548009157,dynamic,112,unmatched_gt,15,,,no LV-DOT estimate within 1.5 m
1789354190.548009157,dynamic,112,unmatched_gt,16,,,no LV-DOT estimate within 1.5 m
1789354190.548009157,dynamic,112,unmatched_gt,18,,,no LV-DOT estimate within 1.5 m
1789354190.555998325,dynamic,112,gt_teleport,5,,,same MARSIM ID moved more than 1.0 m between GT messages
1789354190.649023771,dynamic,113,unmatched_gt,0,,,no LV-DOT estimate within 1.5 m
1789354190.649023771,dynamic,113,unmatched_gt,1,,,no LV-DOT estimate within 1.5 m
1789354190.649023771,dynamic,113,unmatched_gt,3,,,no LV-DOT estimate within 1.5 m
1789354190.649023771,dynamic,113,unmatched_gt,4,,,no LV-DOT estimate within 1.5 m
1789354190.649023771,dynamic,113,unmatched_gt,5,,,no LV-DOT estimate within 1.5 m
1789354190.649023771,dynamic,113,unmatched_gt,7,,,no LV-DOT estimate within 1.5 m
1789354190.649023771,dynamic,113,unmatched_gt,8,,,no LV-DOT estimate within 1.5 m
1789354190.649023771,dynamic,113,unmatched_gt,9,,,no LV-DOT estimate within 1.5 m
1789354190.649023771,dynamic,113,unmatched_gt,10,,,no LV-DOT estimate within 1.5 m
1789354190.649023771,dynamic,113,unmatched_gt,11,,,no LV-DOT estimate within 1.5 m
1789354190.649023771,dynamic,113,unmatched_gt,12,,,no LV-DOT estimate within 1.5 m
1789354190.649023771,dynamic,113,unmatched_gt,13,,,no LV-DOT estimate within 1.5 m
1789354190.649023771,dynamic,113,unmatched_gt,15,,,no LV-DOT estimate within 1.5 m
1789354190.649023771,dynamic,113,unmatched_gt,16,,,no LV-DOT estimate within 1.5 m
1789354190.649023771,dynamic,113,unmatched_gt,18,,,no LV-DOT estimate within 1.5 m
1789354190.656040907,dynamic,113,gt_teleport,7,,,same MARSIM ID moved more than 1.0 m between GT messages
1789354190.747249603,dynamic,114,track_lost,,52,,collector track exceeded missed-frame limit
1789354190.747249603,dynamic,114,unmatched_gt,0,,,no LV-DOT estimate within 1.5 m
1789354190.747249603,dynamic,114,unmatched_gt,1,,,no LV-DOT estimate within 1.5 m
1789354190.747249603,dynamic,114,unmatched_gt,3,,,no LV-DOT estimate within 1.5 m
1789354190.747249603,dynamic,114,unmatched_gt,4,,,no LV-DOT estimate within 1.5 m
1789354190.747249603,dynamic,114,unmatched_gt,5,,,no LV-DOT estimate within 1.5 m
1789354190.747249603,dynamic,114,unmatched_gt,7,,,no LV-DOT estimate within 1.5 m
1789354190.747249603,dynamic,114,unmatched_gt,9,,,no LV-DOT estimate within 1.5 m
1789354190.747249603,dynamic,114,unmatched_gt,10,,,no LV-DOT estimate within 1.5 m
1789354190.747249603,dynamic,114,unmatched_gt,11,,,no LV-DOT estimate within 1.5 m
1789354190.747249603,dynamic,114,unmatched_gt,12,,,no LV-DOT estimate within 1.5 m
1789354190.747249603,dynamic,114,unmatched_gt,13,,,no LV-DOT estimate within 1.5 m
1789354190.747249603,dynamic,114,unmatched_gt,15,,,no LV-DOT estimate within 1.5 m
1789354190.747249603,dynamic,114,unmatched_gt,16,,,no LV-DOT estimate within 1.5 m
1789354190.747249603,dynamic,114,unmatched_gt,18,,,no LV-DOT estimate within 1.5 m
1789354190.756006479,dynamic,114,gt_teleport,9,,,same MARSIM ID moved more than 1.0 m between GT messages
1789354190.847191811,dynamic,115,unmatched_gt,0,,,no LV-DOT estimate within 1.5 m
1789354190.847191811,dynamic,115,unmatched_gt,1,,,no LV-DOT estimate within 1.5 m
1789354190.847191811,dynamic,115,unmatched_gt,2,,,no LV-DOT estimate within 1.5 m
1789354190.847191811,dynamic,115,unmatched_gt,3,,,no LV-DOT estimate within 1.5 m
1789354190.847191811,dynamic,115,unmatched_gt,4,,,no LV-DOT estimate within 1.5 m
1789354190.847191811,dynamic,115,unmatched_gt,5,,,no LV-DOT estimate within 1.5 m
1789354190.847191811,dynamic,115,unmatched_gt,7,,,no LV-DOT estimate within 1.5 m
1789354190.847191811,dynamic,115,unmatched_gt,9,,,no LV-DOT estimate within 1.5 m
1789354190.847191811,dynamic,115,unmatched_gt,10,,,no LV-DOT estimate within 1.5 m
1789354190.847191811,dynamic,115,unmatched_gt,11,,,no LV-DOT estimate within 1.5 m
1789354190.847191811,dynamic,115,unmatched_gt,12,,,no LV-DOT estimate within 1.5 m
1789354190.847191811,dynamic,115,unmatched_gt,13,,,no LV-DOT estimate within 1.5 m
1789354190.847191811,dynamic,115,unmatched_gt,14,,,no LV-DOT estimate within 1.5 m
1789354190.847191811,dynamic,115,unmatched_gt,15,,,no LV-DOT estimate within 1.5 m
1789354190.847191811,dynamic,115,unmatched_gt,16,,,no LV-DOT estimate within 1.5 m
1789354190.847191811,dynamic,115,unmatched_gt,18,,,no LV-DOT estimate within 1.5 m
1789354190.946534872,dynamic,116,unmatched_gt,0,,,no LV-DOT estimate within 1.5 m
1789354190.946534872,dynamic,116,unmatched_gt,1,,,no LV-DOT estimate within 1.5 m
1789354190.946534872,dynamic,116,unmatched_gt,2,,,no LV-DOT estimate within 1.5 m
1789354190.946534872,dynamic,116,unmatched_gt,3,,,no LV-DOT estimate within 1.5 m
1789354190.946534872,dynamic,116,unmatched_gt,4,,,no LV-DOT estimate within 1.5 m
1789354190.946534872,dynamic,116,unmatched_gt,5,,,no LV-DOT estimate within 1.5 m
1789354190.946534872,dynamic,116,unmatched_gt,7,,,no LV-DOT estimate within 1.5 m
1789354190.946534872,dynamic,116,unmatched_gt,8,,,no LV-DOT estimate within 1.5 m
1789354190.946534872,dynamic,116,unmatched_gt,9,,,no LV-DOT estimate within 1.5 m
1789354190.946534872,dynamic,116,unmatched_gt,10,,,no LV-DOT estimate within 1.5 m
1789354190.946534872,dynamic,116,unmatched_gt,11,,,no LV-DOT estimate within 1.5 m
1789354190.946534872,dynamic,116,unmatched_gt,12,,,no LV-DOT estimate within 1.5 m
1789354190.946534872,dynamic,116,unmatched_gt,13,,,no LV-DOT estimate within 1.5 m
1789354190.946534872,dynamic,116,unmatched_gt,14,,,no LV-DOT estimate within 1.5 m
1789354190.946534872,dynamic,116,unmatched_gt,15,,,no LV-DOT estimate within 1.5 m
1789354190.946534872,dynamic,116,unmatched_gt,16,,,no LV-DOT estimate within 1.5 m
1789354190.946534872,dynamic,116,unmatched_gt,18,,,no LV-DOT estimate within 1.5 m
1789354191.044711828,dynamic,117,unmatched_gt,0,,,no LV-DOT estimate within 1.5 m
1789354191.044711828,dynamic,117,unmatched_gt,1,,,no LV-DOT estimate within 1.5 m
1789354191.044711828,dynamic,117,unmatched_gt,3,,,no LV-DOT estimate within 1.5 m
1789354191.044711828,dynamic,117,unmatched_gt,4,,,no LV-DOT estimate within 1.5 m
1789354191.044711828,dynamic,117,unmatched_gt,5,,,no LV-DOT estimate within 1.5 m
1789354191.044711828,dynamic,117,unmatched_gt,7,,,no LV-DOT estimate within 1.5 m
1789354191.044711828,dynamic,117,unmatched_gt,8,,,no LV-DOT estimate within 1.5 m
1789354191.044711828,dynamic,117,unmatched_gt,9,,,no LV-DOT estimate within 1.5 m
1789354191.044711828,dynamic,117,unmatched_gt,10,,,no LV-DOT estimate within 1.5 m
1789354191.044711828,dynamic,117,unmatched_gt,11,,,no LV-DOT estimate within 1.5 m
1789354191.044711828,dynamic,117,unmatched_gt,12,,,no LV-DOT estimate within 1.5 m
1789354191.044711828,dynamic,117,unmatched_gt,13,,,no LV-DOT estimate within 1.5 m
1789354191.044711828,dynamic,117,unmatched_gt,14,,,no LV-DOT estimate within 1.5 m
1789354191.044711828,dynamic,117,unmatched_gt,15,,,no LV-DOT estimate within 1.5 m
1789354191.044711828,dynamic,117,unmatched_gt,16,,,no LV-DOT estimate within 1.5 m
1789354191.044711828,dynamic,117,unmatched_gt,18,,,no LV-DOT estimate within 1.5 m
1789354191.146045923,dynamic,118,track_lost,,60,,collector track exceeded missed-frame limit
1789354191.146045923,dynamic,118,unmatched_gt,0,,,no LV-DOT estimate within 1.5 m
1789354191.146045923,dynamic,118,unmatched_gt,1,,,no LV-DOT estimate within 1.5 m
1789354191.146045923,dynamic,118,unmatched_gt,2,,,no LV-DOT estimate within 1.5 m
1789354191.146045923,dynamic,118,unmatched_gt,3,,,no LV-DOT estimate within 1.5 m
1789354191.146045923,dynamic,118,unmatched_gt,4,,,no LV-DOT estimate within 1.5 m
1789354191.146045923,dynamic,118,unmatched_gt,5,,,no LV-DOT estimate within 1.5 m
1789354191.146045923,dynamic,118,unmatched_gt,7,,,no LV-DOT estimate within 1.5 m
1789354191.146045923,dynamic,118,unmatched_gt,8,,,no LV-DOT estimate within 1.5 m
1789354191.146045923,dynamic,118,unmatched_gt,9,,,no LV-DOT estimate within 1.5 m
1789354191.146045923,dynamic,118,unmatched_gt,10,,,no LV-DOT estimate within 1.5 m
1789354191.146045923,dynamic,118,unmatched_gt,11,,,no LV-DOT estimate within 1.5 m
1789354191.146045923,dynamic,118,unmatched_gt,12,,,no LV-DOT estimate within 1.5 m
1789354191.146045923,dynamic,118,unmatched_gt,13,,,no LV-DOT estimate within 1.5 m
1789354191.146045923,dynamic,118,unmatched_gt,14,,,no LV-DOT estimate within 1.5 m
1789354191.146045923,dynamic,118,unmatched_gt,15,,,no LV-DOT estimate within 1.5 m
1789354191.146045923,dynamic,118,unmatched_gt,16,,,no LV-DOT estimate within 1.5 m
1789354191.146045923,dynamic,118,unmatched_gt,18,,,no LV-DOT estimate within 1.5 m
1789354191.156022787,dynamic,118,gt_teleport,8,,,same MARSIM ID moved more than 1.0 m between GT messages
1789354191.247537374,dynamic,119,track_lost,,57,,collector track exceeded missed-frame limit
1789354191.247537374,dynamic,119,track_created,,61,,collector track created
1789354191.247537374,dynamic,119,id_switch,14,61,2,previous tracking_id=60
1789354191.247537374,dynamic,119,unmatched_gt,0,,,no LV-DOT estimate within 1.5 m
1789354191.247537374,dynamic,119,unmatched_gt,1,,,no LV-DOT estimate within 1.5 m
1789354191.247537374,dynamic,119,unmatched_gt,2,,,no LV-DOT estimate within 1.5 m
1789354191.247537374,dynamic,119,unmatched_gt,3,,,no LV-DOT estimate within 1.5 m
1789354191.247537374,dynamic,119,unmatched_gt,4,,,no LV-DOT estimate within 1.5 m
1789354191.247537374,dynamic,119,unmatched_gt,5,,,no LV-DOT estimate within 1.5 m
1789354191.247537374,dynamic,119,unmatched_gt,7,,,no LV-DOT estimate within 1.5 m
1789354191.247537374,dynamic,119,unmatched_gt,8,,,no LV-DOT estimate within 1.5 m
1789354191.247537374,dynamic,119,unmatched_gt,9,,,no LV-DOT estimate within 1.5 m
1789354191.247537374,dynamic,119,unmatched_gt,10,,,no LV-DOT estimate within 1.5 m
1789354191.247537374,dynamic,119,unmatched_gt,11,,,no LV-DOT estimate within 1.5 m
1789354191.247537374,dynamic,119,unmatched_gt,12,,,no LV-DOT estimate within 1.5 m
1789354191.247537374,dynamic,119,unmatched_gt,13,,,no LV-DOT estimate within 1.5 m
1789354191.247537374,dynamic,119,unmatched_gt,15,,,no LV-DOT estimate within 1.5 m
1789354191.247537374,dynamic,119,unmatched_gt,16,,,no LV-DOT estimate within 1.5 m
1789354191.247537374,dynamic,119,unmatched_gt,18,,,no LV-DOT estimate within 1.5 m
1789354191.256084204,dynamic,119,gt_teleport,1,,,same MARSIM ID moved more than 1.0 m between GT messages
1789354191.256084204,dynamic,119,gt_teleport,9,,,same MARSIM ID moved more than 1.0 m between GT messages
1789354191.351083279,dynamic,120,unmatched_gt,0,,,no LV-DOT estimate within 1.5 m
1789354191.351083279,dynamic,120,unmatched_gt,1,,,no LV-DOT estimate within 1.5 m
1789354191.351083279,dynamic,120,unmatched_gt,2,,,no LV-DOT estimate within 1.5 m
1789354191.351083279,dynamic,120,unmatched_gt,3,,,no LV-DOT estimate within 1.5 m
1789354191.351083279,dynamic,120,unmatched_gt,4,,,no LV-DOT estimate within 1.5 m
1789354191.351083279,dynamic,120,unmatched_gt,5,,,no LV-DOT estimate within 1.5 m
1789354191.351083279,dynamic,120,unmatched_gt,7,,,no LV-DOT estimate within 1.5 m
1789354191.351083279,dynamic,120,unmatched_gt,8,,,no LV-DOT estimate within 1.5 m
1789354191.351083279,dynamic,120,unmatched_gt,9,,,no LV-DOT estimate within 1.5 m
1789354191.351083279,dynamic,120,unmatched_gt,10,,,no LV-DOT estimate within 1.5 m
1789354191.351083279,dynamic,120,unmatched_gt,11,,,no LV-DOT estimate within 1.5 m
1789354191.351083279,dynamic,120,unmatched_gt,12,,,no LV-DOT estimate within 1.5 m
1789354191.351083279,dynamic,120,unmatched_gt,13,,,no LV-DOT estimate within 1.5 m
1789354191.351083279,dynamic,120,unmatched_gt,15,,,no LV-DOT estimate within 1.5 m
1789354191.351083279,dynamic,120,unmatched_gt,16,,,no LV-DOT estimate within 1.5 m
1789354191.351083279,dynamic,120,unmatched_gt,18,,,no LV-DOT estimate within 1.5 m
1789354191.455916643,dynamic,121,track_lost,,54,,collector track exceeded missed-frame limit
1789354191.455916643,dynamic,121,track_created,,62,,collector track created
1789354191.455916643,dynamic,121,id_switch,8,62,2,previous tracking_id=57
1789354191.455916643,dynamic,121,unmatched_gt,0,,,no LV-DOT estimate within 1.5 m
1789354191.455916643,dynamic,121,unmatched_gt,1,,,no LV-DOT estimate within 1.5 m
1789354191.455916643,dynamic,121,unmatched_gt,2,,,no LV-DOT estimate within 1.5 m
1789354191.455916643,dynamic,121,unmatched_gt,3,,,no LV-DOT estimate within 1.5 m
1789354191.455916643,dynamic,121,unmatched_gt,4,,,no LV-DOT estimate within 1.5 m
1789354191.455916643,dynamic,121,unmatched_gt,5,,,no LV-DOT estimate within 1.5 m
1789354191.455916643,dynamic,121,unmatched_gt,7,,,no LV-DOT estimate within 1.5 m
1789354191.455916643,dynamic,121,unmatched_gt,9,,,no LV-DOT estimate within 1.5 m
1789354191.455916643,dynamic,121,unmatched_gt,10,,,no LV-DOT estimate within 1.5 m
1789354191.455916643,dynamic,121,unmatched_gt,11,,,no LV-DOT estimate within 1.5 m
1789354191.455916643,dynamic,121,unmatched_gt,12,,,no LV-DOT estimate within 1.5 m
1789354191.455916643,dynamic,121,unmatched_gt,13,,,no LV-DOT estimate within 1.5 m
1789354191.455916643,dynamic,121,unmatched_gt,15,,,no LV-DOT estimate within 1.5 m
1789354191.455916643,dynamic,121,unmatched_gt,16,,,no LV-DOT estimate within 1.5 m
1789354191.455916643,dynamic,121,unmatched_gt,18,,,no LV-DOT estimate within 1.5 m
1789354191.549918175,dynamic,122,track_created,,63,,collector track created
1789354191.549918175,dynamic,122,id_switch,1,63,2,previous tracking_id=46
1789354191.549918175,dynamic,122,unmatched_gt,0,,,no LV-DOT estimate within 1.5 m
1789354191.549918175,dynamic,122,unmatched_gt,2,,,no LV-DOT estimate within 1.5 m
1789354191.549918175,dynamic,122,unmatched_gt,3,,,no LV-DOT estimate within 1.5 m
1789354191.549918175,dynamic,122,unmatched_gt,4,,,no LV-DOT estimate within 1.5 m
1789354191.549918175,dynamic,122,unmatched_gt,5,,,no LV-DOT estimate within 1.5 m
1789354191.549918175,dynamic,122,unmatched_gt,7,,,no LV-DOT estimate within 1.5 m
1789354191.549918175,dynamic,122,unmatched_gt,9,,,no LV-DOT estimate within 1.5 m
1789354191.549918175,dynamic,122,unmatched_gt,10,,,no LV-DOT estimate within 1.5 m
1789354191.549918175,dynamic,122,unmatched_gt,11,,,no LV-DOT estimate within 1.5 m
1789354191.549918175,dynamic,122,unmatched_gt,12,,,no LV-DOT estimate within 1.5 m
1789354191.549918175,dynamic,122,unmatched_gt,13,,,no LV-DOT estimate within 1.5 m
1789354191.549918175,dynamic,122,unmatched_gt,14,,,no LV-DOT estimate within 1.5 m
1789354191.549918175,dynamic,122,unmatched_gt,15,,,no LV-DOT estimate within 1.5 m
1789354191.549918175,dynamic,122,unmatched_gt,16,,,no LV-DOT estimate within 1.5 m
1789354191.549918175,dynamic,122,unmatched_gt,18,,,no LV-DOT estimate within 1.5 m
1789354191.648264408,dynamic,123,unmatched_gt,0,,,no LV-DOT estimate within 1.5 m
1789354191.648264408,dynamic,123,unmatched_gt,2,,,no LV-DOT estimate within 1.5 m
1789354191.648264408,dynamic,123,unmatched_gt,3,,,no LV-DOT estimate within 1.5 m
1789354191.648264408,dynamic,123,unmatched_gt,4,,,no LV-DOT estimate within 1.5 m
1789354191.648264408,dynamic,123,unmatched_gt,5,,,no LV-DOT estimate within 1.5 m
1789354191.648264408,dynamic,123,unmatched_gt,7,,,no LV-DOT estimate within 1.5 m
1789354191.648264408,dynamic,123,unmatched_gt,9,,,no LV-DOT estimate within 1.5 m
1789354191.648264408,dynamic,123,unmatched_gt,10,,,no LV-DOT estimate within 1.5 m
1789354191.648264408,dynamic,123,unmatched_gt,11,,,no LV-DOT estimate within 1.5 m
1789354191.648264408,dynamic,123,unmatched_gt,12,,,no LV-DOT estimate within 1.5 m
1789354191.648264408,dynamic,123,unmatched_gt,13,,,no LV-DOT estimate within 1.5 m
1789354191.648264408,dynamic,123,unmatched_gt,14,,,no LV-DOT estimate within 1.5 m
1789354191.648264408,dynamic,123,unmatched_gt,15,,,no LV-DOT estimate within 1.5 m
1789354191.648264408,dynamic,123,unmatched_gt,16,,,no LV-DOT estimate within 1.5 m
1789354191.648264408,dynamic,123,unmatched_gt,18,,,no LV-DOT estimate within 1.5 m
1789354191.656151533,dynamic,123,gt_teleport,3,,,same MARSIM ID moved more than 1.0 m between GT messages
1789354191.656151533,dynamic,123,gt_teleport,5,,,same MARSIM ID moved more than 1.0 m between GT messages
1789354191.656151533,dynamic,123,gt_teleport,12,,,same MARSIM ID moved more than 1.0 m between GT messages
1789354191.656151533,dynamic,123,gt_teleport,18,,,same MARSIM ID moved more than 1.0 m between GT messages
1789354191.749325991,dynamic,124,unmatched_gt,0,,,no LV-DOT estimate within 1.5 m
1789354191.749325991,dynamic,124,unmatched_gt,2,,,no LV-DOT estimate within 1.5 m
1789354191.749325991,dynamic,124,unmatched_gt,3,,,no LV-DOT estimate within 1.5 m
1789354191.749325991,dynamic,124,unmatched_gt,4,,,no LV-DOT estimate within 1.5 m
1789354191.749325991,dynamic,124,unmatched_gt,5,,,no LV-DOT estimate within 1.5 m
1789354191.749325991,dynamic,124,unmatched_gt,7,,,no LV-DOT estimate within 1.5 m
1789354191.749325991,dynamic,124,unmatched_gt,9,,,no LV-DOT estimate within 1.5 m
1789354191.749325991,dynamic,124,unmatched_gt,10,,,no LV-DOT estimate within 1.5 m
1789354191.749325991,dynamic,124,unmatched_gt,11,,,no LV-DOT estimate within 1.5 m
1789354191.749325991,dynamic,124,unmatched_gt,12,,,no LV-DOT estimate within 1.5 m
1789354191.749325991,dynamic,124,unmatched_gt,13,,,no LV-DOT estimate within 1.5 m
1789354191.749325991,dynamic,124,unmatched_gt,14,,,no LV-DOT estimate within 1.5 m
1789354191.749325991,dynamic,124,unmatched_gt,15,,,no LV-DOT estimate within 1.5 m
1789354191.749325991,dynamic,124,unmatched_gt,16,,,no LV-DOT estimate within 1.5 m
1789354191.749325991,dynamic,124,unmatched_gt,18,,,no LV-DOT estimate within 1.5 m
1789354191.855108738,dynamic,125,track_lost,,61,,collector track exceeded missed-frame limit
1789354191.855108738,dynamic,125,unmatched_gt,0,,,no LV-DOT estimate within 1.5 m
1789354191.855108738,dynamic,125,unmatched_gt,2,,,no LV-DOT estimate within 1.5 m
1789354191.855108738,dynamic,125,unmatched_gt,3,,,no LV-DOT estimate within 1.5 m
1789354191.855108738,dynamic,125,unmatched_gt,4,,,no LV-DOT estimate within 1.5 m
1789354191.855108738,dynamic,125,unmatched_gt,5,,,no LV-DOT estimate within 1.5 m
1789354191.855108738,dynamic,125,unmatched_gt,7,,,no LV-DOT estimate within 1.5 m
1789354191.855108738,dynamic,125,unmatched_gt,9,,,no LV-DOT estimate within 1.5 m
1789354191.855108738,dynamic,125,unmatched_gt,10,,,no LV-DOT estimate within 1.5 m
1789354191.855108738,dynamic,125,unmatched_gt,11,,,no LV-DOT estimate within 1.5 m
1789354191.855108738,dynamic,125,unmatched_gt,12,,,no LV-DOT estimate within 1.5 m
1789354191.855108738,dynamic,125,unmatched_gt,13,,,no LV-DOT estimate within 1.5 m
1789354191.855108738,dynamic,125,unmatched_gt,14,,,no LV-DOT estimate within 1.5 m
1789354191.855108738,dynamic,125,unmatched_gt,15,,,no LV-DOT estimate within 1.5 m
1789354191.855108738,dynamic,125,unmatched_gt,16,,,no LV-DOT estimate within 1.5 m
1789354191.855108738,dynamic,125,unmatched_gt,18,,,no LV-DOT estimate within 1.5 m
1789354191.950311661,dynamic,126,track_created,,64,,collector track created
1789354191.950311661,dynamic,126,track_created,,65,,collector track created
1789354191.950311661,dynamic,126,track_created,,66,,collector track created
1789354191.950311661,dynamic,126,track_created,,67,,collector track created
1789354191.950311661,dynamic,126,id_switch,18,64,3,previous tracking_id=49
1789354191.950311661,dynamic,126,id_switch,2,65,5,previous tracking_id=54
1789354191.950311661,dynamic,126,id_switch,5,66,6,previous tracking_id=50
1789354191.950311661,dynamic,126,id_switch,3,67,8,previous tracking_id=55
1789354191.950311661,dynamic,126,unmatched_gt,0,,,no LV-DOT estimate within 1.5 m
1789354191.950311661,dynamic,126,unmatched_gt,4,,,no LV-DOT estimate within 1.5 m
1789354191.950311661,dynamic,126,unmatched_gt,7,,,no LV-DOT estimate within 1.5 m
1789354191.950311661,dynamic,126,unmatched_gt,9,,,no LV-DOT estimate within 1.5 m
1789354191.950311661,dynamic,126,unmatched_gt,10,,,no LV-DOT estimate within 1.5 m
1789354191.950311661,dynamic,126,unmatched_gt,11,,,no LV-DOT estimate within 1.5 m
1789354191.950311661,dynamic,126,unmatched_gt,12,,,no LV-DOT estimate within 1.5 m
1789354191.950311661,dynamic,126,unmatched_gt,13,,,no LV-DOT estimate within 1.5 m
1789354191.950311661,dynamic,126,unmatched_gt,14,,,no LV-DOT estimate within 1.5 m
1789354191.950311661,dynamic,126,unmatched_gt,15,,,no LV-DOT estimate within 1.5 m
1789354191.950311661,dynamic,126,unmatched_gt,16,,,no LV-DOT estimate within 1.5 m
1789354191.956045628,dynamic,126,gt_teleport,4,,,same MARSIM ID moved more than 1.0 m between GT messages
1789354192.052836180,dynamic,127,unmatched_gt,0,,,no LV-DOT estimate within 1.5 m
1789354192.052836180,dynamic,127,unmatched_gt,2,,,no LV-DOT estimate within 1.5 m
1789354192.052836180,dynamic,127,unmatched_gt,3,,,no LV-DOT estimate within 1.5 m
1789354192.052836180,dynamic,127,unmatched_gt,4,,,no LV-DOT estimate within 1.5 m
1789354192.052836180,dynamic,127,unmatched_gt,5,,,no LV-DOT estimate within 1.5 m
1789354192.052836180,dynamic,127,unmatched_gt,7,,,no LV-DOT estimate within 1.5 m
1789354192.052836180,dynamic,127,unmatched_gt,9,,,no LV-DOT estimate within 1.5 m
1789354192.052836180,dynamic,127,unmatched_gt,10,,,no LV-DOT estimate within 1.5 m
1789354192.052836180,dynamic,127,unmatched_gt,11,,,no LV-DOT estimate within 1.5 m
1789354192.052836180,dynamic,127,unmatched_gt,12,,,no LV-DOT estimate within 1.5 m
1789354192.052836180,dynamic,127,unmatched_gt,13,,,no LV-DOT estimate within 1.5 m
1789354192.052836180,dynamic,127,unmatched_gt,14,,,no LV-DOT estimate within 1.5 m
1789354192.052836180,dynamic,127,unmatched_gt,15,,,no LV-DOT estimate within 1.5 m
1789354192.052836180,dynamic,127,unmatched_gt,16,,,no LV-DOT estimate within 1.5 m
1789354192.149411678,dynamic,128,track_created,,68,,collector track created
1789354192.149411678,dynamic,128,id_switch,14,68,0,previous tracking_id=61
1789354192.149411678,dynamic,128,unmatched_gt,0,,,no LV-DOT estimate within 1.5 m
1789354192.149411678,dynamic,128,unmatched_gt,2,,,no LV-DOT estimate within 1.5 m
1789354192.149411678,dynamic,128,unmatched_gt,4,,,no LV-DOT estimate within 1.5 m
1789354192.149411678,dynamic,128,unmatched_gt,5,,,no LV-DOT estimate within 1.5 m
1789354192.149411678,dynamic,128,unmatched_gt,7,,,no LV-DOT estimate within 1.5 m
1789354192.149411678,dynamic,128,unmatched_gt,9,,,no LV-DOT estimate within 1.5 m
1789354192.149411678,dynamic,128,unmatched_gt,10,,,no LV-DOT estimate within 1.5 m
1789354192.149411678,dynamic,128,unmatched_gt,11,,,no LV-DOT estimate within 1.5 m
1789354192.149411678,dynamic,128,unmatched_gt,12,,,no LV-DOT estimate within 1.5 m
1789354192.149411678,dynamic,128,unmatched_gt,13,,,no LV-DOT estimate within 1.5 m
1789354192.149411678,dynamic,128,unmatched_gt,15,,,no LV-DOT estimate within 1.5 m
1789354192.149411678,dynamic,128,unmatched_gt,16,,,no LV-DOT estimate within 1.5 m
1789354192.247465372,dynamic,129,unmatched_gt,0,,,no LV-DOT estimate within 1.5 m
1789354192.247465372,dynamic,129,unmatched_gt,2,,,no LV-DOT estimate within 1.5 m
1789354192.247465372,dynamic,129,unmatched_gt,4,,,no LV-DOT estimate within 1.5 m
1789354192.247465372,dynamic,129,unmatched_gt,5,,,no LV-DOT estimate within 1.5 m
1789354192.247465372,dynamic,129,unmatched_gt,7,,,no LV-DOT estimate within 1.5 m
1789354192.247465372,dynamic,129,unmatched_gt,9,,,no LV-DOT estimate within 1.5 m
1789354192.247465372,dynamic,129,unmatched_gt,10,,,no LV-DOT estimate within 1.5 m
1789354192.247465372,dynamic,129,unmatched_gt,11,,,no LV-DOT estimate within 1.5 m
1789354192.247465372,dynamic,129,unmatched_gt,12,,,no LV-DOT estimate within 1.5 m
1789354192.247465372,dynamic,129,unmatched_gt,13,,,no LV-DOT estimate within 1.5 m
1789354192.247465372,dynamic,129,unmatched_gt,14,,,no LV-DOT estimate within 1.5 m
1789354192.247465372,dynamic,129,unmatched_gt,15,,,no LV-DOT estimate within 1.5 m
1789354192.247465372,dynamic,129,unmatched_gt,16,,,no LV-DOT estimate within 1.5 m
1789354192.256061554,dynamic,129,gt_teleport,7,,,same MARSIM ID moved more than 1.0 m between GT messages
1789354192.347770452,dynamic,130,track_lost,,65,,collector track exceeded missed-frame limit
1789354192.347770452,dynamic,130,track_lost,,66,,collector track exceeded missed-frame limit
1789354192.347770452,dynamic,130,unmatched_gt,0,,,no LV-DOT estimate within 1.5 m
1789354192.347770452,dynamic,130,unmatched_gt,1,,,no LV-DOT estimate within 1.5 m
1789354192.347770452,dynamic,130,unmatched_gt,2,,,no LV-DOT estimate within 1.5 m
1789354192.347770452,dynamic,130,unmatched_gt,3,,,no LV-DOT estimate within 1.5 m
1789354192.347770452,dynamic,130,unmatched_gt,4,,,no LV-DOT estimate within 1.5 m
1789354192.347770452,dynamic,130,unmatched_gt,5,,,no LV-DOT estimate within 1.5 m
1789354192.347770452,dynamic,130,unmatched_gt,7,,,no LV-DOT estimate within 1.5 m
1789354192.347770452,dynamic,130,unmatched_gt,9,,,no LV-DOT estimate within 1.5 m
1789354192.347770452,dynamic,130,unmatched_gt,10,,,no LV-DOT estimate within 1.5 m
1789354192.347770452,dynamic,130,unmatched_gt,11,,,no LV-DOT estimate within 1.5 m
1789354192.347770452,dynamic,130,unmatched_gt,12,,,no LV-DOT estimate within 1.5 m
1789354192.347770452,dynamic,130,unmatched_gt,13,,,no LV-DOT estimate within 1.5 m
1789354192.347770452,dynamic,130,unmatched_gt,14,,,no LV-DOT estimate within 1.5 m
1789354192.347770452,dynamic,130,unmatched_gt,15,,,no LV-DOT estimate within 1.5 m
1789354192.347770452,dynamic,130,unmatched_gt,16,,,no LV-DOT estimate within 1.5 m
1789354192.356037855,dynamic,130,gt_teleport,4,,,same MARSIM ID moved more than 1.0 m between GT messages
1789354192.356037855,dynamic,130,gt_teleport,8,,,same MARSIM ID moved more than 1.0 m between GT messages
1789354192.356037855,dynamic,130,gt_teleport,9,,,same MARSIM ID moved more than 1.0 m between GT messages
1789354192.446241617,dynamic,131,track_created,,69,,collector track created
1789354192.446241617,dynamic,131,id_switch,2,69,6,previous tracking_id=65
1789354192.446241617,dynamic,131,unmatched_detection,,62,4,no GT within 1.5 m
1789354192.446241617,dynamic,131,unmatched_gt,0,,,no LV-DOT estimate within 1.5 m
1789354192.446241617,dynamic,131,unmatched_gt,1,,,no LV-DOT estimate within 1.5 m
1789354192.446241617,dynamic,131,unmatched_gt,4,,,no LV-DOT estimate within 1.5 m
1789354192.446241617,dynamic,131,unmatched_gt,5,,,no LV-DOT estimate within 1.5 m
1789354192.446241617,dynamic,131,unmatched_gt,7,,,no LV-DOT estimate within 1.5 m
1789354192.446241617,dynamic,131,unmatched_gt,8,,,no LV-DOT estimate within 1.5 m
1789354192.446241617,dynamic,131,unmatched_gt,9,,,no LV-DOT estimate within 1.5 m
1789354192.446241617,dynamic,131,unmatched_gt,10,,,no LV-DOT estimate within 1.5 m
1789354192.446241617,dynamic,131,unmatched_gt,11,,,no LV-DOT estimate within 1.5 m
1789354192.446241617,dynamic,131,unmatched_gt,12,,,no LV-DOT estimate within 1.5 m
1789354192.446241617,dynamic,131,unmatched_gt,13,,,no LV-DOT estimate within 1.5 m
1789354192.446241617,dynamic,131,unmatched_gt,14,,,no LV-DOT estimate within 1.5 m
1789354192.446241617,dynamic,131,unmatched_gt,15,,,no LV-DOT estimate within 1.5 m
1789354192.446241617,dynamic,131,unmatched_gt,16,,,no LV-DOT estimate within 1.5 m
1789354192.543797970,dynamic,132,track_lost,,68,,collector track exceeded missed-frame limit
1789354192.543797970,dynamic,132,track_created,,70,,collector track created
1789354192.543797970,dynamic,132,id_switch,14,64,2,previous tracking_id=68
1789354192.543797970,dynamic,132,id_switch,7,70,3,previous tracking_id=52
1789354192.543797970,dynamic,132,unmatched_detection,,62,4,no GT within 1.5 m
1789354192.543797970,dynamic,132,unmatched_gt,0,,,no LV-DOT estimate within 1.5 m
1789354192.543797970,dynamic,132,unmatched_gt,1,,,no LV-DOT estimate within 1.5 m
1789354192.543797970,dynamic,132,unmatched_gt,3,,,no LV-DOT estimate within 1.5 m
1789354192.543797970,dynamic,132,unmatched_gt,4,,,no LV-DOT estimate within 1.5 m
1789354192.543797970,dynamic,132,unmatched_gt,5,,,no LV-DOT estimate within 1.5 m
1789354192.543797970,dynamic,132,unmatched_gt,8,,,no LV-DOT estimate within 1.5 m
1789354192.543797970,dynamic,132,unmatched_gt,9,,,no LV-DOT estimate within 1.5 m
1789354192.543797970,dynamic,132,unmatched_gt,10,,,no LV-DOT estimate within 1.5 m
1789354192.543797970,dynamic,132,unmatched_gt,11,,,no LV-DOT estimate within 1.5 m
1789354192.543797970,dynamic,132,unmatched_gt,12,,,no LV-DOT estimate within 1.5 m
1789354192.543797970,dynamic,132,unmatched_gt,13,,,no LV-DOT estimate within 1.5 m
1789354192.543797970,dynamic,132,unmatched_gt,15,,,no LV-DOT estimate within 1.5 m
1789354192.543797970,dynamic,132,unmatched_gt,16,,,no LV-DOT estimate within 1.5 m
1789354192.543797970,dynamic,132,unmatched_gt,18,,,no LV-DOT estimate within 1.5 m
1789354192.642917633,dynamic,133,track_lost,,63,,collector track exceeded missed-frame limit
1789354192.642917633,dynamic,133,track_created,,71,,collector track created
1789354192.642917633,dynamic,133,track_created,,72,,collector track created
1789354192.642917633,dynamic,133,id_switch,8,71,3,previous tracking_id=62
1789354192.642917633,dynamic,133,id_switch,5,72,5,previous tracking_id=66
1789354192.642917633,dynamic,133,unmatched_gt,0,,,no LV-DOT estimate within 1.5 m
1789354192.642917633,dynamic,133,unmatched_gt,1,,,no LV-DOT estimate within 1.5 m
1789354192.642917633,dynamic,133,unmatched_gt,3,,,no LV-DOT estimate within 1.5 m
1789354192.642917633,dynamic,133,unmatched_gt,4,,,no LV-DOT estimate within 1.5 m
1789354192.642917633,dynamic,133,unmatched_gt,7,,,no LV-DOT estimate within 1.5 m
1789354192.642917633,dynamic,133,unmatched_gt,9,,,no LV-DOT estimate within 1.5 m
1789354192.642917633,dynamic,133,unmatched_gt,10,,,no LV-DOT estimate within 1.5 m
1789354192.642917633,dynamic,133,unmatched_gt,11,,,no LV-DOT estimate within 1.5 m
1789354192.642917633,dynamic,133,unmatched_gt,12,,,no LV-DOT estimate within 1.5 m
1789354192.642917633,dynamic,133,unmatched_gt,13,,,no LV-DOT estimate within 1.5 m
1789354192.642917633,dynamic,133,unmatched_gt,14,,,no LV-DOT estimate within 1.5 m
1789354192.642917633,dynamic,133,unmatched_gt,15,,,no LV-DOT estimate within 1.5 m
1789354192.642917633,dynamic,133,unmatched_gt,16,,,no LV-DOT estimate within 1.5 m
1789354192.656129599,dynamic,133,gt_teleport,1,,,same MARSIM ID moved more than 1.0 m between GT messages
1789354192.656129599,dynamic,133,gt_teleport,12,,,same MARSIM ID moved more than 1.0 m between GT messages
1789354192.740354061,dynamic,134,unmatched_gt,0,,,no LV-DOT estimate within 1.5 m
1789354192.740354061,dynamic,134,unmatched_gt,1,,,no LV-DOT estimate within 1.5 m
1789354192.740354061,dynamic,134,unmatched_gt,2,,,no LV-DOT estimate within 1.5 m
1789354192.740354061,dynamic,134,unmatched_gt,4,,,no LV-DOT estimate within 1.5 m
1789354192.740354061,dynamic,134,unmatched_gt,7,,,no LV-DOT estimate within 1.5 m
1789354192.740354061,dynamic,134,unmatched_gt,9,,,no LV-DOT estimate within 1.5 m
1789354192.740354061,dynamic,134,unmatched_gt,10,,,no LV-DOT estimate within 1.5 m
1789354192.740354061,dynamic,134,unmatched_gt,11,,,no LV-DOT estimate within 1.5 m
1789354192.740354061,dynamic,134,unmatched_gt,12,,,no LV-DOT estimate within 1.5 m
1789354192.740354061,dynamic,134,unmatched_gt,13,,,no LV-DOT estimate within 1.5 m
1789354192.740354061,dynamic,134,unmatched_gt,14,,,no LV-DOT estimate within 1.5 m
1789354192.740354061,dynamic,134,unmatched_gt,15,,,no LV-DOT estimate within 1.5 m
1789354192.740354061,dynamic,134,unmatched_gt,16,,,no LV-DOT estimate within 1.5 m
1789354192.755975485,dynamic,134,gt_teleport,1,,,same MARSIM ID moved more than 1.0 m between GT messages
1789354192.843072891,dynamic,135,track_created,,73,,collector track created
1789354192.843072891,dynamic,135,track_created,,74,,collector track created
1789354192.843072891,dynamic,135,id_switch,14,73,1,previous tracking_id=64
1789354192.843072891,dynamic,135,id_switch,5,74,3,previous tracking_id=72
1789354192.843072891,dynamic,135,unmatched_detection,,72,2,no GT within 1.5 m
1789354192.843072891,dynamic,135,unmatched_gt,0,,,no LV-DOT estimate within 1.5 m
1789354192.843072891,dynamic,135,unmatched_gt,1,,,no LV-DOT estimate within 1.5 m
1789354192.843072891,dynamic,135,unmatched_gt,2,,,no LV-DOT estimate within 1.5 m
1789354192.843072891,dynamic,135,unmatched_gt,4,,,no LV-DOT estimate within 1.5 m
1789354192.843072891,dynamic,135,unmatched_gt,6,,,no LV-DOT estimate within 1.5 m
1789354192.843072891,dynamic,135,unmatched_gt,7,,,no LV-DOT estimate within 1.5 m
1789354192.843072891,dynamic,135,unmatched_gt,9,,,no LV-DOT estimate within 1.5 m
1789354192.843072891,dynamic,135,unmatched_gt,10,,,no LV-DOT estimate within 1.5 m
1789354192.843072891,dynamic,135,unmatched_gt,11,,,no LV-DOT estimate within 1.5 m
1789354192.843072891,dynamic,135,unmatched_gt,12,,,no LV-DOT estimate within 1.5 m
1789354192.843072891,dynamic,135,unmatched_gt,13,,,no LV-DOT estimate within 1.5 m
1789354192.843072891,dynamic,135,unmatched_gt,15,,,no LV-DOT estimate within 1.5 m
1789354192.843072891,dynamic,135,unmatched_gt,16,,,no LV-DOT estimate within 1.5 m
1789354192.950706720,dynamic,136,track_lost,,62,,collector track exceeded missed-frame limit
1789354192.950706720,dynamic,136,track_lost,,70,,collector track exceeded missed-frame limit
1789354192.950706720,dynamic,136,track_created,,75,,collector track created
1789354192.950706720,dynamic,136,id_switch,12,75,1,previous tracking_id=53
1789354192.950706720,dynamic,136,id_switch,5,72,2,previous tracking_id=74
1789354192.950706720,dynamic,136,unmatched_gt,0,,,no LV-DOT estimate within 1.5 m
1789354192.950706720,dynamic,136,unmatched_gt,1,,,no LV-DOT estimate within 1.5 m
1789354192.950706720,dynamic,136,unmatched_gt,2,,,no LV-DOT estimate within 1.5 m
1789354192.950706720,dynamic,136,unmatched_gt,3,,,no LV-DOT estimate within 1.5 m
1789354192.950706720,dynamic,136,unmatched_gt,4,,,no LV-DOT estimate within 1.5 m
1789354192.950706720,dynamic,136,unmatched_gt,6,,,no LV-DOT estimate within 1.5 m
1789354192.950706720,dynamic,136,unmatched_gt,7,,,no LV-DOT estimate within 1.5 m
1789354192.950706720,dynamic,136,unmatched_gt,9,,,no LV-DOT estimate within 1.5 m
1789354192.950706720,dynamic,136,unmatched_gt,10,,,no LV-DOT estimate within 1.5 m
1789354192.950706720,dynamic,136,unmatched_gt,11,,,no LV-DOT estimate within 1.5 m
1789354192.950706720,dynamic,136,unmatched_gt,13,,,no LV-DOT estimate within 1.5 m
1789354192.950706720,dynamic,136,unmatched_gt,14,,,no LV-DOT estimate within 1.5 m
1789354192.950706720,dynamic,136,unmatched_gt,15,,,no LV-DOT estimate within 1.5 m
1789354192.950706720,dynamic,136,unmatched_gt,16,,,no LV-DOT estimate within 1.5 m
1789354193.045068026,dynamic,137,track_created,,76,,collector track created
1789354193.045068026,dynamic,137,id_switch,1,76,3,previous tracking_id=63
1789354193.045068026,dynamic,137,unmatched_gt,0,,,no LV-DOT estimate within 1.5 m
1789354193.045068026,dynamic,137,unmatched_gt,4,,,no LV-DOT estimate within 1.5 m
1789354193.045068026,dynamic,137,unmatched_gt,6,,,no LV-DOT estimate within 1.5 m
1789354193.045068026,dynamic,137,unmatched_gt,7,,,no LV-DOT estimate within 1.5 m
1789354193.045068026,dynamic,137,unmatched_gt,9,,,no LV-DOT estimate within 1.5 m
1789354193.045068026,dynamic,137,unmatched_gt,10,,,no LV-DOT estimate within 1.5 m
1789354193.045068026,dynamic,137,unmatched_gt,11,,,no LV-DOT estimate within 1.5 m
1789354193.045068026,dynamic,137,unmatched_gt,13,,,no LV-DOT estimate within 1.5 m
1789354193.045068026,dynamic,137,unmatched_gt,15,,,no LV-DOT estimate within 1.5 m
1789354193.045068026,dynamic,137,unmatched_gt,16,,,no LV-DOT estimate within 1.5 m
1789354193.056040049,dynamic,137,gt_teleport,6,,,same MARSIM ID moved more than 1.0 m between GT messages
1789354193.139802456,dynamic,138,track_lost,,59,,collector track exceeded missed-frame limit
1789354193.139802456,dynamic,138,unmatched_gt,0,,,no LV-DOT estimate within 1.5 m
1789354193.139802456,dynamic,138,unmatched_gt,2,,,no LV-DOT estimate within 1.5 m
1789354193.139802456,dynamic,138,unmatched_gt,4,,,no LV-DOT estimate within 1.5 m
1789354193.139802456,dynamic,138,unmatched_gt,6,,,no LV-DOT estimate within 1.5 m
1789354193.139802456,dynamic,138,unmatched_gt,7,,,no LV-DOT estimate within 1.5 m
1789354193.139802456,dynamic,138,unmatched_gt,9,,,no LV-DOT estimate within 1.5 m
1789354193.139802456,dynamic,138,unmatched_gt,10,,,no LV-DOT estimate within 1.5 m
1789354193.139802456,dynamic,138,unmatched_gt,11,,,no LV-DOT estimate within 1.5 m
1789354193.139802456,dynamic,138,unmatched_gt,13,,,no LV-DOT estimate within 1.5 m
1789354193.139802456,dynamic,138,unmatched_gt,14,,,no LV-DOT estimate within 1.5 m
1789354193.139802456,dynamic,138,unmatched_gt,15,,,no LV-DOT estimate within 1.5 m
1789354193.139802456,dynamic,138,unmatched_gt,16,,,no LV-DOT estimate within 1.5 m
1789354193.155896425,dynamic,138,gt_teleport,9,,,same MARSIM ID moved more than 1.0 m between GT messages
1789354193.243610144,dynamic,139,track_lost,,74,,collector track exceeded missed-frame limit
1789354193.243610144,dynamic,139,track_created,,77,,collector track created
1789354193.243610144,dynamic,139,id_switch,7,77,2,previous tracking_id=70
1789354193.243610144,dynamic,139,unmatched_gt,0,,,no LV-DOT estimate within 1.5 m
1789354193.243610144,dynamic,139,unmatched_gt,2,,,no LV-DOT estimate within 1.5 m
1789354193.243610144,dynamic,139,unmatched_gt,4,,,no LV-DOT estimate within 1.5 m
1789354193.243610144,dynamic,139,unmatched_gt,6,,,no LV-DOT estimate within 1.5 m
1789354193.243610144,dynamic,139,unmatched_gt,9,,,no LV-DOT estimate within 1.5 m
1789354193.243610144,dynamic,139,unmatched_gt,10,,,no LV-DOT estimate within 1.5 m
1789354193.243610144,dynamic,139,unmatched_gt,11,,,no LV-DOT estimate within 1.5 m
1789354193.243610144,dynamic,139,unmatched_gt,13,,,no LV-DOT estimate within 1.5 m
1789354193.243610144,dynamic,139,unmatched_gt,14,,,no LV-DOT estimate within 1.5 m
1789354193.243610144,dynamic,139,unmatched_gt,15,,,no LV-DOT estimate within 1.5 m
1789354193.243610144,dynamic,139,unmatched_gt,16,,,no LV-DOT estimate within 1.5 m
1789354193.256013393,dynamic,139,gt_teleport,16,,,same MARSIM ID moved more than 1.0 m between GT messages
1789354193.343415499,dynamic,140,track_created,,78,,collector track created
1789354193.343415499,dynamic,140,unmatched_detection,,78,7,no GT within 1.5 m
1789354193.343415499,dynamic,140,unmatched_gt,0,,,no LV-DOT estimate within 1.5 m
1789354193.343415499,dynamic,140,unmatched_gt,2,,,no LV-DOT estimate within 1.5 m
1789354193.343415499,dynamic,140,unmatched_gt,3,,,no LV-DOT estimate within 1.5 m
1789354193.343415499,dynamic,140,unmatched_gt,4,,,no LV-DOT estimate within 1.5 m
1789354193.343415499,dynamic,140,unmatched_gt,6,,,no LV-DOT estimate within 1.5 m
1789354193.343415499,dynamic,140,unmatched_gt,9,,,no LV-DOT estimate within 1.5 m
1789354193.343415499,dynamic,140,unmatched_gt,10,,,no LV-DOT estimate within 1.5 m
1789354193.343415499,dynamic,140,unmatched_gt,11,,,no LV-DOT estimate within 1.5 m
1789354193.343415499,dynamic,140,unmatched_gt,13,,,no LV-DOT estimate within 1.5 m
1789354193.343415499,dynamic,140,unmatched_gt,15,,,no LV-DOT estimate within 1.5 m
1789354193.343415499,dynamic,140,unmatched_gt,16,,,no LV-DOT estimate within 1.5 m
1789354193.443914890,dynamic,141,track_lost,,69,,collector track exceeded missed-frame limit
1789354193.443914890,dynamic,141,id_switch,7,78,8,previous tracking_id=77
1789354193.443914890,dynamic,141,unmatched_gt,0,,,no LV-DOT estimate within 1.5 m
1789354193.443914890,dynamic,141,unmatched_gt,2,,,no LV-DOT estimate within 1.5 m
1789354193.443914890,dynamic,141,unmatched_gt,4,,,no LV-DOT estimate within 1.5 m
1789354193.443914890,dynamic,141,unmatched_gt,6,,,no LV-DOT estimate within 1.5 m
1789354193.443914890,dynamic,141,unmatched_gt,9,,,no LV-DOT estimate within 1.5 m
1789354193.443914890,dynamic,141,unmatched_gt,10,,,no LV-DOT estimate within 1.5 m
1789354193.443914890,dynamic,141,unmatched_gt,11,,,no LV-DOT estimate within 1.5 m
1789354193.443914890,dynamic,141,unmatched_gt,13,,,no LV-DOT estimate within 1.5 m
1789354193.443914890,dynamic,141,unmatched_gt,15,,,no LV-DOT estimate within 1.5 m
1789354193.443914890,dynamic,141,unmatched_gt,16,,,no LV-DOT estimate within 1.5 m
1789354193.443914890,dynamic,141,unmatched_gt,18,,,no LV-DOT estimate within 1.5 m
1789354193.455984831,dynamic,141,gt_teleport,3,,,same MARSIM ID moved more than 1.0 m between GT messages
1789354193.543548822,dynamic,142,unmatched_gt,0,,,no LV-DOT estimate within 1.5 m
1789354193.543548822,dynamic,142,unmatched_gt,2,,,no LV-DOT estimate within 1.5 m
1789354193.543548822,dynamic,142,unmatched_gt,3,,,no LV-DOT estimate within 1.5 m
1789354193.543548822,dynamic,142,unmatched_gt,4,,,no LV-DOT estimate within 1.5 m
1789354193.543548822,dynamic,142,unmatched_gt,6,,,no LV-DOT estimate within 1.5 m
1789354193.543548822,dynamic,142,unmatched_gt,7,,,no LV-DOT estimate within 1.5 m
1789354193.543548822,dynamic,142,unmatched_gt,9,,,no LV-DOT estimate within 1.5 m
1789354193.543548822,dynamic,142,unmatched_gt,10,,,no LV-DOT estimate within 1.5 m
1789354193.543548822,dynamic,142,unmatched_gt,11,,,no LV-DOT estimate within 1.5 m
1789354193.543548822,dynamic,142,unmatched_gt,13,,,no LV-DOT estimate within 1.5 m
1789354193.543548822,dynamic,142,unmatched_gt,15,,,no LV-DOT estimate within 1.5 m
1789354193.543548822,dynamic,142,unmatched_gt,16,,,no LV-DOT estimate within 1.5 m
1789354193.543548822,dynamic,142,unmatched_gt,18,,,no LV-DOT estimate within 1.5 m
1789354193.556037426,dynamic,142,gt_teleport,0,,,same MARSIM ID moved more than 1.0 m between GT messages
1789354193.556037426,dynamic,142,gt_teleport,18,,,same MARSIM ID moved more than 1.0 m between GT messages
1789354193.644311428,dynamic,143,track_created,,79,,collector track created
1789354193.644311428,dynamic,143,id_switch,7,77,2,previous tracking_id=78
1789354193.644311428,dynamic,143,id_switch,2,79,8,previous tracking_id=69
1789354193.644311428,dynamic,143,unmatched_gt,0,,,no LV-DOT estimate within 1.5 m
1789354193.644311428,dynamic,143,unmatched_gt,3,,,no LV-DOT estimate within 1.5 m
1789354193.644311428,dynamic,143,unmatched_gt,4,,,no LV-DOT estimate within 1.5 m
1789354193.644311428,dynamic,143,unmatched_gt,6,,,no LV-DOT estimate within 1.5 m
1789354193.644311428,dynamic,143,unmatched_gt,9,,,no LV-DOT estimate within 1.5 m
1789354193.644311428,dynamic,143,unmatched_gt,10,,,no LV-DOT estimate within 1.5 m
1789354193.644311428,dynamic,143,unmatched_gt,11,,,no LV-DOT estimate within 1.5 m
1789354193.644311428,dynamic,143,unmatched_gt,13,,,no LV-DOT estimate within 1.5 m
1789354193.644311428,dynamic,143,unmatched_gt,15,,,no LV-DOT estimate within 1.5 m
1789354193.644311428,dynamic,143,unmatched_gt,16,,,no LV-DOT estimate within 1.5 m
1789354193.644311428,dynamic,143,unmatched_gt,18,,,no LV-DOT estimate within 1.5 m
1789354193.741399050,dynamic,144,track_lost,,64,,collector track exceeded missed-frame limit
1789354193.741399050,dynamic,144,unmatched_gt,0,,,no LV-DOT estimate within 1.5 m
1789354193.741399050,dynamic,144,unmatched_gt,3,,,no LV-DOT estimate within 1.5 m
1789354193.741399050,dynamic,144,unmatched_gt,4,,,no LV-DOT estimate within 1.5 m
1789354193.741399050,dynamic,144,unmatched_gt,6,,,no LV-DOT estimate within 1.5 m
1789354193.741399050,dynamic,144,unmatched_gt,7,,,no LV-DOT estimate within 1.5 m
1789354193.741399050,dynamic,144,unmatched_gt,9,,,no LV-DOT estimate within 1.5 m
1789354193.741399050,dynamic,144,unmatched_gt,10,,,no LV-DOT estimate within 1.5 m
1789354193.741399050,dynamic,144,unmatched_gt,11,,,no LV-DOT estimate within 1.5 m
1789354193.741399050,dynamic,144,unmatched_gt,13,,,no LV-DOT estimate within 1.5 m
1789354193.741399050,dynamic,144,unmatched_gt,15,,,no LV-DOT estimate within 1.5 m
1789354193.741399050,dynamic,144,unmatched_gt,16,,,no LV-DOT estimate within 1.5 m
1789354193.741399050,dynamic,144,unmatched_gt,18,,,no LV-DOT estimate within 1.5 m
1789354193.842869282,dynamic,145,track_lost,,67,,collector track exceeded missed-frame limit
1789354193.842869282,dynamic,145,track_lost,,78,,collector track exceeded missed-frame limit
1789354193.842869282,dynamic,145,track_created,,80,,collector track created
1789354193.842869282,dynamic,145,id_switch,18,80,5,previous tracking_id=64
1789354193.842869282,dynamic,145,unmatched_gt,0,,,no LV-DOT estimate within 1.5 m
1789354193.842869282,dynamic,145,unmatched_gt,1,,,no LV-DOT estimate within 1.5 m
1789354193.842869282,dynamic,145,unmatched_gt,2,,,no LV-DOT estimate within 1.5 m
1789354193.842869282,dynamic,145,unmatched_gt,3,,,no LV-DOT estimate within 1.5 m
1789354193.842869282,dynamic,145,unmatched_gt,4,,,no LV-DOT estimate within 1.5 m
1789354193.842869282,dynamic,145,unmatched_gt,5,,,no LV-DOT estimate within 1.5 m
1789354193.842869282,dynamic,145,unmatched_gt,6,,,no LV-DOT estimate within 1.5 m
1789354193.842869282,dynamic,145,unmatched_gt,7,,,no LV-DOT estimate within 1.5 m
1789354193.842869282,dynamic,145,unmatched_gt,9,,,no LV-DOT estimate within 1.5 m
1789354193.842869282,dynamic,145,unmatched_gt,10,,,no LV-DOT estimate within 1.5 m
1789354193.842869282,dynamic,145,unmatched_gt,11,,,no LV-DOT estimate within 1.5 m
1789354193.842869282,dynamic,145,unmatched_gt,13,,,no LV-DOT estimate within 1.5 m
1789354193.842869282,dynamic,145,unmatched_gt,15,,,no LV-DOT estimate within 1.5 m
1789354193.842869282,dynamic,145,unmatched_gt,16,,,no LV-DOT estimate within 1.5 m
1789354193.856057882,dynamic,145,gt_teleport,7,,,same MARSIM ID moved more than 1.0 m between GT messages
1789354193.942774534,dynamic,146,track_created,,81,,collector track created
1789354193.942774534,dynamic,146,id_switch,16,81,1,previous tracking_id=36
1789354193.942774534,dynamic,146,unmatched_gt,0,,,no LV-DOT estimate within 1.5 m
1789354193.942774534,dynamic,146,unmatched_gt,1,,,no LV-DOT estimate within 1.5 m
1789354193.942774534,dynamic,146,unmatched_gt,3,,,no LV-DOT estimate within 1.5 m
1789354193.942774534,dynamic,146,unmatched_gt,4,,,no LV-DOT estimate within 1.5 m
1789354193.942774534,dynamic,146,unmatched_gt,5,,,no LV-DOT estimate within 1.5 m
1789354193.942774534,dynamic,146,unmatched_gt,6,,,no LV-DOT estimate within 1.5 m
1789354193.942774534,dynamic,146,unmatched_gt,7,,,no LV-DOT estimate within 1.5 m
1789354193.942774534,dynamic,146,unmatched_gt,9,,,no LV-DOT estimate within 1.5 m
1789354193.942774534,dynamic,146,unmatched_gt,10,,,no LV-DOT estimate within 1.5 m
1789354193.942774534,dynamic,146,unmatched_gt,11,,,no LV-DOT estimate within 1.5 m
1789354193.942774534,dynamic,146,unmatched_gt,13,,,no LV-DOT estimate within 1.5 m
1789354193.942774534,dynamic,146,unmatched_gt,15,,,no LV-DOT estimate within 1.5 m
1789354194.040353060,dynamic,147,track_lost,,77,,collector track exceeded missed-frame limit
1789354194.040353060,dynamic,147,unmatched_gt,0,,,no LV-DOT estimate within 1.5 m
1789354194.040353060,dynamic,147,unmatched_gt,1,,,no LV-DOT estimate within 1.5 m
1789354194.040353060,dynamic,147,unmatched_gt,2,,,no LV-DOT estimate within 1.5 m
1789354194.040353060,dynamic,147,unmatched_gt,3,,,no LV-DOT estimate within 1.5 m
1789354194.040353060,dynamic,147,unmatched_gt,4,,,no LV-DOT estimate within 1.5 m
1789354194.040353060,dynamic,147,unmatched_gt,5,,,no LV-DOT estimate within 1.5 m
1789354194.040353060,dynamic,147,unmatched_gt,6,,,no LV-DOT estimate within 1.5 m
1789354194.040353060,dynamic,147,unmatched_gt,7,,,no LV-DOT estimate within 1.5 m
1789354194.040353060,dynamic,147,unmatched_gt,9,,,no LV-DOT estimate within 1.5 m
1789354194.040353060,dynamic,147,unmatched_gt,10,,,no LV-DOT estimate within 1.5 m
1789354194.040353060,dynamic,147,unmatched_gt,11,,,no LV-DOT estimate within 1.5 m
1789354194.040353060,dynamic,147,unmatched_gt,13,,,no LV-DOT estimate within 1.5 m
1789354194.040353060,dynamic,147,unmatched_gt,15,,,no LV-DOT estimate within 1.5 m
1789354194.040353060,dynamic,147,unmatched_gt,16,,,no LV-DOT estimate within 1.5 m
1789354194.056038380,dynamic,147,gt_teleport,5,,,same MARSIM ID moved more than 1.0 m between GT messages
1789354194.140333652,dynamic,148,track_lost,,72,,collector track exceeded missed-frame limit
1789354194.140333652,dynamic,148,track_lost,,76,,collector track exceeded missed-frame limit
1789354194.140333652,dynamic,148,unmatched_gt,0,,,no LV-DOT estimate within 1.5 m
1789354194.140333652,dynamic,148,unmatched_gt,1,,,no LV-DOT estimate within 1.5 m
1789354194.140333652,dynamic,148,unmatched_gt,2,,,no LV-DOT estimate within 1.5 m
1789354194.140333652,dynamic,148,unmatched_gt,3,,,no LV-DOT estimate within 1.5 m
1789354194.140333652,dynamic,148,unmatched_gt,4,,,no LV-DOT estimate within 1.5 m
1789354194.140333652,dynamic,148,unmatched_gt,5,,,no LV-DOT estimate within 1.5 m
1789354194.140333652,dynamic,148,unmatched_gt,6,,,no LV-DOT estimate within 1.5 m
1789354194.140333652,dynamic,148,unmatched_gt,7,,,no LV-DOT estimate within 1.5 m
1789354194.140333652,dynamic,148,unmatched_gt,8,,,no LV-DOT estimate within 1.5 m
1789354194.140333652,dynamic,148,unmatched_gt,9,,,no LV-DOT estimate within 1.5 m
1789354194.140333652,dynamic,148,unmatched_gt,10,,,no LV-DOT estimate within 1.5 m
1789354194.140333652,dynamic,148,unmatched_gt,11,,,no LV-DOT estimate within 1.5 m
1789354194.140333652,dynamic,148,unmatched_gt,13,,,no LV-DOT estimate within 1.5 m
1789354194.140333652,dynamic,148,unmatched_gt,15,,,no LV-DOT estimate within 1.5 m
1789354194.140333652,dynamic,148,unmatched_gt,16,,,no LV-DOT estimate within 1.5 m
1789354194.240664244,dynamic,149,track_created,,82,,collector track created
1789354194.240664244,dynamic,149,track_created,,83,,collector track created
1789354194.240664244,dynamic,149,id_switch,3,82,0,previous tracking_id=67
1789354194.240664244,dynamic,149,id_switch,7,83,6,previous tracking_id=77
1789354194.240664244,dynamic,149,unmatched_gt,0,,,no LV-DOT estimate within 1.5 m
1789354194.240664244,dynamic,149,unmatched_gt,1,,,no LV-DOT estimate within 1.5 m
1789354194.240664244,dynamic,149,unmatched_gt,2,,,no LV-DOT estimate within 1.5 m
1789354194.240664244,dynamic,149,unmatched_gt,4,,,no LV-DOT estimate within 1.5 m
1789354194.240664244,dynamic,149,unmatched_gt,5,,,no LV-DOT estimate within 1.5 m
1789354194.240664244,dynamic,149,unmatched_gt,6,,,no LV-DOT estimate within 1.5 m
1789354194.240664244,dynamic,149,unmatched_gt,8,,,no LV-DOT estimate within 1.5 m
1789354194.240664244,dynamic,149,unmatched_gt,9,,,no LV-DOT estimate within 1.5 m
1789354194.240664244,dynamic,149,unmatched_gt,10,,,no LV-DOT estimate within 1.5 m
1789354194.240664244,dynamic,149,unmatched_gt,11,,,no LV-DOT estimate within 1.5 m
1789354194.240664244,dynamic,149,unmatched_gt,13,,,no LV-DOT estimate within 1.5 m
1789354194.240664244,dynamic,149,unmatched_gt,15,,,no LV-DOT estimate within 1.5 m
1789354194.240664244,dynamic,149,unmatched_gt,16,,,no LV-DOT estimate within 1.5 m
1789354194.256056070,dynamic,149,gt_teleport,8,,,same MARSIM ID moved more than 1.0 m between GT messages
1789354194.342569351,dynamic,150,track_lost,,79,,collector track exceeded missed-frame limit
1789354194.342569351,dynamic,150,track_lost,,81,,collector track exceeded missed-frame limit
1789354194.342569351,dynamic,150,track_created,,84,,collector track created
1789354194.342569351,dynamic,150,id_switch,5,84,4,previous tracking_id=72
1789354194.342569351,dynamic,150,unmatched_gt,0,,,no LV-DOT estimate within 1.5 m
1789354194.342569351,dynamic,150,unmatched_gt,1,,,no LV-DOT estimate within 1.5 m
1789354194.342569351,dynamic,150,unmatched_gt,2,,,no LV-DOT estimate within 1.5 m
1789354194.342569351,dynamic,150,unmatched_gt,3,,,no LV-DOT estimate within 1.5 m
1789354194.342569351,dynamic,150,unmatched_gt,4,,,no LV-DOT estimate within 1.5 m
1789354194.342569351,dynamic,150,unmatched_gt,6,,,no LV-DOT estimate within 1.5 m
1789354194.342569351,dynamic,150,unmatched_gt,7,,,no LV-DOT estimate within 1.5 m
1789354194.342569351,dynamic,150,unmatched_gt,8,,,no LV-DOT estimate within 1.5 m
1789354194.342569351,dynamic,150,unmatched_gt,9,,,no LV-DOT estimate within 1.5 m
1789354194.342569351,dynamic,150,unmatched_gt,10,,,no LV-DOT estimate within 1.5 m
1789354194.342569351,dynamic,150,unmatched_gt,11,,,no LV-DOT estimate within 1.5 m
1789354194.342569351,dynamic,150,unmatched_gt,13,,,no LV-DOT estimate within 1.5 m
1789354194.342569351,dynamic,150,unmatched_gt,15,,,no LV-DOT estimate within 1.5 m
1789354194.342569351,dynamic,150,unmatched_gt,16,,,no LV-DOT estimate within 1.5 m
1789354194.356017590,dynamic,150,gt_teleport,1,,,same MARSIM ID moved more than 1.0 m between GT messages
1789354194.442013025,dynamic,151,track_lost,,71,,collector track exceeded missed-frame limit
1789354194.442013025,dynamic,151,unmatched_gt,0,,,no LV-DOT estimate within 1.5 m
1789354194.442013025,dynamic,151,unmatched_gt,1,,,no LV-DOT estimate within 1.5 m
1789354194.442013025,dynamic,151,unmatched_gt,2,,,no LV-DOT estimate within 1.5 m
1789354194.442013025,dynamic,151,unmatched_gt,3,,,no LV-DOT estimate within 1.5 m
1789354194.442013025,dynamic,151,unmatched_gt,4,,,no LV-DOT estimate within 1.5 m
1789354194.442013025,dynamic,151,unmatched_gt,6,,,no LV-DOT estimate within 1.5 m
1789354194.442013025,dynamic,151,unmatched_gt,7,,,no LV-DOT estimate within 1.5 m
1789354194.442013025,dynamic,151,unmatched_gt,8,,,no LV-DOT estimate within 1.5 m
1789354194.442013025,dynamic,151,unmatched_gt,9,,,no LV-DOT estimate within 1.5 m
1789354194.442013025,dynamic,151,unmatched_gt,10,,,no LV-DOT estimate within 1.5 m
1789354194.442013025,dynamic,151,unmatched_gt,11,,,no LV-DOT estimate within 1.5 m
1789354194.442013025,dynamic,151,unmatched_gt,13,,,no LV-DOT estimate within 1.5 m
1789354194.442013025,dynamic,151,unmatched_gt,15,,,no LV-DOT estimate within 1.5 m
1789354194.442013025,dynamic,151,unmatched_gt,16,,,no LV-DOT estimate within 1.5 m
1789354194.540335178,dynamic,152,unmatched_gt,0,,,no LV-DOT estimate within 1.5 m
1789354194.540335178,dynamic,152,unmatched_gt,1,,,no LV-DOT estimate within 1.5 m
1789354194.540335178,dynamic,152,unmatched_gt,2,,,no LV-DOT estimate within 1.5 m
1789354194.540335178,dynamic,152,unmatched_gt,3,,,no LV-DOT estimate within 1.5 m
1789354194.540335178,dynamic,152,unmatched_gt,4,,,no LV-DOT estimate within 1.5 m
1789354194.540335178,dynamic,152,unmatched_gt,5,,,no LV-DOT estimate within 1.5 m
1789354194.540335178,dynamic,152,unmatched_gt,6,,,no LV-DOT estimate within 1.5 m
1789354194.540335178,dynamic,152,unmatched_gt,7,,,no LV-DOT estimate within 1.5 m
1789354194.540335178,dynamic,152,unmatched_gt,8,,,no LV-DOT estimate within 1.5 m
1789354194.540335178,dynamic,152,unmatched_gt,9,,,no LV-DOT estimate within 1.5 m
1789354194.540335178,dynamic,152,unmatched_gt,10,,,no LV-DOT estimate within 1.5 m
1789354194.540335178,dynamic,152,unmatched_gt,11,,,no LV-DOT estimate within 1.5 m
1789354194.540335178,dynamic,152,unmatched_gt,13,,,no LV-DOT estimate within 1.5 m
1789354194.540335178,dynamic,152,unmatched_gt,15,,,no LV-DOT estimate within 1.5 m
1789354194.540335178,dynamic,152,unmatched_gt,16,,,no LV-DOT estimate within 1.5 m
1789354194.639780760,dynamic,153,track_lost,,82,,collector track exceeded missed-frame limit
1789354194.639780760,dynamic,153,track_lost,,83,,collector track exceeded missed-frame limit
1789354194.639780760,dynamic,153,unmatched_gt,0,,,no LV-DOT estimate within 1.5 m
1789354194.639780760,dynamic,153,unmatched_gt,1,,,no LV-DOT estimate within 1.5 m
1789354194.639780760,dynamic,153,unmatched_gt,2,,,no LV-DOT estimate within 1.5 m
1789354194.639780760,dynamic,153,unmatched_gt,3,,,no LV-DOT estimate within 1.5 m
1789354194.639780760,dynamic,153,unmatched_gt,4,,,no LV-DOT estimate within 1.5 m
1789354194.639780760,dynamic,153,unmatched_gt,5,,,no LV-DOT estimate within 1.5 m
1789354194.639780760,dynamic,153,unmatched_gt,6,,,no LV-DOT estimate within 1.5 m
1789354194.639780760,dynamic,153,unmatched_gt,7,,,no LV-DOT estimate within 1.5 m
1789354194.639780760,dynamic,153,unmatched_gt,8,,,no LV-DOT estimate within 1.5 m
1789354194.639780760,dynamic,153,unmatched_gt,9,,,no LV-DOT estimate within 1.5 m
1789354194.639780760,dynamic,153,unmatched_gt,10,,,no LV-DOT estimate within 1.5 m
1789354194.639780760,dynamic,153,unmatched_gt,11,,,no LV-DOT estimate within 1.5 m
1789354194.639780760,dynamic,153,unmatched_gt,13,,,no LV-DOT estimate within 1.5 m
1789354194.639780760,dynamic,153,unmatched_gt,15,,,no LV-DOT estimate within 1.5 m
1789354194.639780760,dynamic,153,unmatched_gt,16,,,no LV-DOT estimate within 1.5 m
1789354194.739685774,dynamic,154,track_created,,85,,collector track created
1789354194.739685774,dynamic,154,id_switch,3,85,4,previous tracking_id=82
1789354194.739685774,dynamic,154,unmatched_gt,0,,,no LV-DOT estimate within 1.5 m
1789354194.739685774,dynamic,154,unmatched_gt,1,,,no LV-DOT estimate within 1.5 m
1789354194.739685774,dynamic,154,unmatched_gt,2,,,no LV-DOT estimate within 1.5 m
1789354194.739685774,dynamic,154,unmatched_gt,4,,,no LV-DOT estimate within 1.5 m
1789354194.739685774,dynamic,154,unmatched_gt,6,,,no LV-DOT estimate within 1.5 m
1789354194.739685774,dynamic,154,unmatched_gt,7,,,no LV-DOT estimate within 1.5 m
1789354194.739685774,dynamic,154,unmatched_gt,8,,,no LV-DOT estimate within 1.5 m
1789354194.739685774,dynamic,154,unmatched_gt,9,,,no LV-DOT estimate within 1.5 m
1789354194.739685774,dynamic,154,unmatched_gt,10,,,no LV-DOT estimate within 1.5 m
1789354194.739685774,dynamic,154,unmatched_gt,11,,,no LV-DOT estimate within 1.5 m
1789354194.739685774,dynamic,154,unmatched_gt,13,,,no LV-DOT estimate within 1.5 m
1789354194.739685774,dynamic,154,unmatched_gt,15,,,no LV-DOT estimate within 1.5 m
1789354194.739685774,dynamic,154,unmatched_gt,16,,,no LV-DOT estimate within 1.5 m
1789354194.756017208,dynamic,154,gt_teleport,6,,,same MARSIM ID moved more than 1.0 m between GT messages
1789354194.756017208,dynamic,154,gt_teleport,13,,,same MARSIM ID moved more than 1.0 m between GT messages
1789354194.839326620,dynamic,155,unmatched_gt,0,,,no LV-DOT estimate within 1.5 m
1789354194.839326620,dynamic,155,unmatched_gt,1,,,no LV-DOT estimate within 1.5 m
1789354194.839326620,dynamic,155,unmatched_gt,2,,,no LV-DOT estimate within 1.5 m
1789354194.839326620,dynamic,155,unmatched_gt,3,,,no LV-DOT estimate within 1.5 m
1789354194.839326620,dynamic,155,unmatched_gt,4,,,no LV-DOT estimate within 1.5 m
1789354194.839326620,dynamic,155,unmatched_gt,5,,,no LV-DOT estimate within 1.5 m
1789354194.839326620,dynamic,155,unmatched_gt,6,,,no LV-DOT estimate within 1.5 m
1789354194.839326620,dynamic,155,unmatched_gt,7,,,no LV-DOT estimate within 1.5 m
1789354194.839326620,dynamic,155,unmatched_gt,8,,,no LV-DOT estimate within 1.5 m
1789354194.839326620,dynamic,155,unmatched_gt,9,,,no LV-DOT estimate within 1.5 m
1789354194.839326620,dynamic,155,unmatched_gt,10,,,no LV-DOT estimate within 1.5 m
1789354194.839326620,dynamic,155,unmatched_gt,11,,,no LV-DOT estimate within 1.5 m
1789354194.839326620,dynamic,155,unmatched_gt,13,,,no LV-DOT estimate within 1.5 m
1789354194.839326620,dynamic,155,unmatched_gt,15,,,no LV-DOT estimate within 1.5 m
1789354194.839326620,dynamic,155,unmatched_gt,16,,,no LV-DOT estimate within 1.5 m
1789354194.856020212,dynamic,155,gt_teleport,9,,,same MARSIM ID moved more than 1.0 m between GT messages
1789354194.939333916,dynamic,156,track_created,,86,,collector track created
1789354194.939333916,dynamic,156,track_created,,87,,collector track created
1789354194.939333916,dynamic,156,id_switch,5,86,1,previous tracking_id=84
1789354194.939333916,dynamic,156,id_switch,7,87,4,previous tracking_id=83
1789354194.939333916,dynamic,156,unmatched_gt,0,,,no LV-DOT estimate within 1.5 m
1789354194.939333916,dynamic,156,unmatched_gt,1,,,no LV-DOT estimate within 1.5 m
1789354194.939333916,dynamic,156,unmatched_gt,2,,,no LV-DOT estimate within 1.5 m
1789354194.939333916,dynamic,156,unmatched_gt,3,,,no LV-DOT estimate within 1.5 m
1789354194.939333916,dynamic,156,unmatched_gt,4,,,no LV-DOT estimate within 1.5 m
1789354194.939333916,dynamic,156,unmatched_gt,6,,,no LV-DOT estimate within 1.5 m
1789354194.939333916,dynamic,156,unmatched_gt,8,,,no LV-DOT estimate within 1.5 m
1789354194.939333916,dynamic,156,unmatched_gt,9,,,no LV-DOT estimate within 1.5 m
1789354194.939333916,dynamic,156,unmatched_gt,10,,,no LV-DOT estimate within 1.5 m
1789354194.939333916,dynamic,156,unmatched_gt,11,,,no LV-DOT estimate within 1.5 m
1789354194.939333916,dynamic,156,unmatched_gt,13,,,no LV-DOT estimate within 1.5 m
1789354194.939333916,dynamic,156,unmatched_gt,15,,,no LV-DOT estimate within 1.5 m
1789354194.939333916,dynamic,156,unmatched_gt,16,,,no LV-DOT estimate within 1.5 m
1789354195.042553425,dynamic,157,track_created,,88,,collector track created
1789354195.042553425,dynamic,157,track_created,,89,,collector track created
1789354195.042553425,dynamic,157,id_switch,6,88,3,previous tracking_id=59
1789354195.042553425,dynamic,157,unmatched_gt,0,,,no LV-DOT estimate within 1.5 m
1789354195.042553425,dynamic,157,unmatched_gt,1,,,no LV-DOT estimate within 1.5 m
1789354195.042553425,dynamic,157,unmatched_gt,2,,,no LV-DOT estimate within 1.5 m
1789354195.042553425,dynamic,157,unmatched_gt,3,,,no LV-DOT estimate within 1.5 m
1789354195.042553425,dynamic,157,unmatched_gt,4,,,no LV-DOT estimate within 1.5 m
1789354195.042553425,dynamic,157,unmatched_gt,5,,,no LV-DOT estimate within 1.5 m
1789354195.042553425,dynamic,157,unmatched_gt,7,,,no LV-DOT estimate within 1.5 m
1789354195.042553425,dynamic,157,unmatched_gt,8,,,no LV-DOT estimate within 1.5 m
1789354195.042553425,dynamic,157,unmatched_gt,9,,,no LV-DOT estimate within 1.5 m
1789354195.042553425,dynamic,157,unmatched_gt,11,,,no LV-DOT estimate within 1.5 m
1789354195.042553425,dynamic,157,unmatched_gt,12,,,no LV-DOT estimate within 1.5 m
1789354195.042553425,dynamic,157,unmatched_gt,13,,,no LV-DOT estimate within 1.5 m
1789354195.042553425,dynamic,157,unmatched_gt,15,,,no LV-DOT estimate within 1.5 m
1789354195.042553425,dynamic,157,unmatched_gt,16,,,no LV-DOT estimate within 1.5 m
1789354195.056047916,dynamic,157,gt_teleport,8,,,same MARSIM ID moved more than 1.0 m between GT messages
1789354195.056047916,dynamic,157,gt_teleport,12,,,same MARSIM ID moved more than 1.0 m between GT messages
1789354195.056047916,dynamic,157,gt_teleport,15,,,same MARSIM ID moved more than 1.0 m between GT messages
1789354195.143484592,dynamic,158,track_lost,,84,,collector track exceeded missed-frame limit
1789354195.143484592,dynamic,158,track_lost,,85,,collector track exceeded missed-frame limit
1789354195.143484592,dynamic,158,track_created,,90,,collector track created
1789354195.143484592,dynamic,158,id_switch,9,90,4,previous tracking_id=58
1789354195.143484592,dynamic,158,unmatched_gt,0,,,no LV-DOT estimate within 1.5 m
1789354195.143484592,dynamic,158,unmatched_gt,1,,,no LV-DOT estimate within 1.5 m
1789354195.143484592,dynamic,158,unmatched_gt,2,,,no LV-DOT estimate within 1.5 m
1789354195.143484592,dynamic,158,unmatched_gt,3,,,no LV-DOT estimate within 1.5 m
1789354195.143484592,dynamic,158,unmatched_gt,4,,,no LV-DOT estimate within 1.5 m
1789354195.143484592,dynamic,158,unmatched_gt,5,,,no LV-DOT estimate within 1.5 m
1789354195.143484592,dynamic,158,unmatched_gt,8,,,no LV-DOT estimate within 1.5 m
1789354195.143484592,dynamic,158,unmatched_gt,10,,,no LV-DOT estimate within 1.5 m
1789354195.143484592,dynamic,158,unmatched_gt,11,,,no LV-DOT estimate within 1.5 m
1789354195.143484592,dynamic,158,unmatched_gt,12,,,no LV-DOT estimate within 1.5 m
1789354195.143484592,dynamic,158,unmatched_gt,13,,,no LV-DOT estimate within 1.5 m
1789354195.143484592,dynamic,158,unmatched_gt,15,,,no LV-DOT estimate within 1.5 m
1789354195.143484592,dynamic,158,unmatched_gt,16,,,no LV-DOT estimate within 1.5 m
1789354195.156003952,dynamic,158,gt_teleport,3,,,same MARSIM ID moved more than 1.0 m between GT messages
1789354195.241488934,dynamic,159,track_created,,91,,collector track created
1789354195.241488934,dynamic,159,id_switch,2,91,2,previous tracking_id=79
1789354195.241488934,dynamic,159,unmatched_gt,0,,,no LV-DOT estimate within 1.5 m
1789354195.241488934,dynamic,159,unmatched_gt,1,,,no LV-DOT estimate within 1.5 m
1789354195.241488934,dynamic,159,unmatched_gt,3,,,no LV-DOT estimate within 1.5 m
1789354195.241488934,dynamic,159,unmatched_gt,4,,,no LV-DOT estimate within 1.5 m
1789354195.241488934,dynamic,159,unmatched_gt,5,,,no LV-DOT estimate within 1.5 m
1789354195.241488934,dynamic,159,unmatched_gt,7,,,no LV-DOT estimate within 1.5 m
1789354195.241488934,dynamic,159,unmatched_gt,8,,,no LV-DOT estimate within 1.5 m
1789354195.241488934,dynamic,159,unmatched_gt,10,,,no LV-DOT estimate within 1.5 m
1789354195.241488934,dynamic,159,unmatched_gt,11,,,no LV-DOT estimate within 1.5 m
1789354195.241488934,dynamic,159,unmatched_gt,12,,,no LV-DOT estimate within 1.5 m
1789354195.241488934,dynamic,159,unmatched_gt,13,,,no LV-DOT estimate within 1.5 m
1789354195.241488934,dynamic,159,unmatched_gt,14,,,no LV-DOT estimate within 1.5 m
1789354195.241488934,dynamic,159,unmatched_gt,15,,,no LV-DOT estimate within 1.5 m
1789354195.241488934,dynamic,159,unmatched_gt,16,,,no LV-DOT estimate within 1.5 m
1789354195.241488934,dynamic,159,unmatched_gt,18,,,no LV-DOT estimate within 1.5 m
1789354195.341770411,dynamic,160,track_lost,,75,,collector track exceeded missed-frame limit
1789354195.341770411,dynamic,160,track_lost,,86,,collector track exceeded missed-frame limit
1789354195.341770411,dynamic,160,unmatched_gt,0,,,no LV-DOT estimate within 1.5 m
1789354195.341770411,dynamic,160,unmatched_gt,1,,,no LV-DOT estimate within 1.5 m
1789354195.341770411,dynamic,160,unmatched_gt,2,,,no LV-DOT estimate within 1.5 m
1789354195.341770411,dynamic,160,unmatched_gt,3,,,no LV-DOT estimate within 1.5 m
1789354195.341770411,dynamic,160,unmatched_gt,4,,,no LV-DOT estimate within 1.5 m
1789354195.341770411,dynamic,160,unmatched_gt,5,,,no LV-DOT estimate within 1.5 m
1789354195.341770411,dynamic,160,unmatched_gt,7,,,no LV-DOT estimate within 1.5 m
1789354195.341770411,dynamic,160,unmatched_gt,8,,,no LV-DOT estimate within 1.5 m
1789354195.341770411,dynamic,160,unmatched_gt,11,,,no LV-DOT estimate within 1.5 m
1789354195.341770411,dynamic,160,unmatched_gt,12,,,no LV-DOT estimate within 1.5 m
1789354195.341770411,dynamic,160,unmatched_gt,13,,,no LV-DOT estimate within 1.5 m
1789354195.341770411,dynamic,160,unmatched_gt,14,,,no LV-DOT estimate within 1.5 m
1789354195.341770411,dynamic,160,unmatched_gt,15,,,no LV-DOT estimate within 1.5 m
1789354195.341770411,dynamic,160,unmatched_gt,16,,,no LV-DOT estimate within 1.5 m
1789354195.341770411,dynamic,160,unmatched_gt,18,,,no LV-DOT estimate within 1.5 m
1789354195.356059313,dynamic,160,gt_teleport,3,,,same MARSIM ID moved more than 1.0 m between GT messages
1789354195.442073107,dynamic,161,unmatched_gt,0,,,no LV-DOT estimate within 1.5 m
1789354195.442073107,dynamic,161,unmatched_gt,1,,,no LV-DOT estimate within 1.5 m
1789354195.442073107,dynamic,161,unmatched_gt,3,,,no LV-DOT estimate within 1.5 m
1789354195.442073107,dynamic,161,unmatched_gt,4,,,no LV-DOT estimate within 1.5 m
1789354195.442073107,dynamic,161,unmatched_gt,5,,,no LV-DOT estimate within 1.5 m
1789354195.442073107,dynamic,161,unmatched_gt,7,,,no LV-DOT estimate within 1.5 m
1789354195.442073107,dynamic,161,unmatched_gt,8,,,no LV-DOT estimate within 1.5 m
1789354195.442073107,dynamic,161,unmatched_gt,10,,,no LV-DOT estimate within 1.5 m
1789354195.442073107,dynamic,161,unmatched_gt,11,,,no LV-DOT estimate within 1.5 m
1789354195.442073107,dynamic,161,unmatched_gt,12,,,no LV-DOT estimate within 1.5 m
1789354195.442073107,dynamic,161,unmatched_gt,13,,,no LV-DOT estimate within 1.5 m
1789354195.442073107,dynamic,161,unmatched_gt,15,,,no LV-DOT estimate within 1.5 m
1789354195.442073107,dynamic,161,unmatched_gt,16,,,no LV-DOT estimate within 1.5 m
1789354195.442073107,dynamic,161,unmatched_gt,18,,,no LV-DOT estimate within 1.5 m
1789354195.456040144,dynamic,161,gt_teleport,18,,,same MARSIM ID moved more than 1.0 m between GT messages
1789354195.545415401,dynamic,162,track_lost,,80,,collector track exceeded missed-frame limit
1789354195.545415401,dynamic,162,track_lost,,87,,collector track exceeded missed-frame limit
1789354195.545415401,dynamic,162,unmatched_detection,,89,0,no GT within 1.5 m
1789354195.545415401,dynamic,162,unmatched_gt,0,,,no LV-DOT estimate within 1.5 m
1789354195.545415401,dynamic,162,unmatched_gt,1,,,no LV-DOT estimate within 1.5 m
1789354195.545415401,dynamic,162,unmatched_gt,2,,,no LV-DOT estimate within 1.5 m
1789354195.545415401,dynamic,162,unmatched_gt,3,,,no LV-DOT estimate within 1.5 m
1789354195.545415401,dynamic,162,unmatched_gt,4,,,no LV-DOT estimate within 1.5 m
1789354195.545415401,dynamic,162,unmatched_gt,5,,,no LV-DOT estimate within 1.5 m
1789354195.545415401,dynamic,162,unmatched_gt,7,,,no LV-DOT estimate within 1.5 m
1789354195.545415401,dynamic,162,unmatched_gt,8,,,no LV-DOT estimate within 1.5 m
1789354195.545415401,dynamic,162,unmatched_gt,10,,,no LV-DOT estimate within 1.5 m
1789354195.545415401,dynamic,162,unmatched_gt,11,,,no LV-DOT estimate within 1.5 m
1789354195.545415401,dynamic,162,unmatched_gt,12,,,no LV-DOT estimate within 1.5 m
1789354195.545415401,dynamic,162,unmatched_gt,13,,,no LV-DOT estimate within 1.5 m
1789354195.545415401,dynamic,162,unmatched_gt,14,,,no LV-DOT estimate within 1.5 m
1789354195.545415401,dynamic,162,unmatched_gt,15,,,no LV-DOT estimate within 1.5 m
1789354195.545415401,dynamic,162,unmatched_gt,16,,,no LV-DOT estimate within 1.5 m
1789354195.545415401,dynamic,162,unmatched_gt,18,,,no LV-DOT estimate within 1.5 m
1789354195.556066751,dynamic,162,gt_teleport,8,,,same MARSIM ID moved more than 1.0 m between GT messages
1789354195.556066751,dynamic,162,gt_teleport,15,,,same MARSIM ID moved more than 1.0 m between GT messages
1789354195.646567345,dynamic,163,unmatched_gt,0,,,no LV-DOT estimate within 1.5 m
1789354195.646567345,dynamic,163,unmatched_gt,1,,,no LV-DOT estimate within 1.5 m
1789354195.646567345,dynamic,163,unmatched_gt,2,,,no LV-DOT estimate within 1.5 m
1789354195.646567345,dynamic,163,unmatched_gt,3,,,no LV-DOT estimate within 1.5 m
1789354195.646567345,dynamic,163,unmatched_gt,4,,,no LV-DOT estimate within 1.5 m
1789354195.646567345,dynamic,163,unmatched_gt,5,,,no LV-DOT estimate within 1.5 m
1789354195.646567345,dynamic,163,unmatched_gt,6,,,no LV-DOT estimate within 1.5 m
1789354195.646567345,dynamic,163,unmatched_gt,7,,,no LV-DOT estimate within 1.5 m
1789354195.646567345,dynamic,163,unmatched_gt,8,,,no LV-DOT estimate within 1.5 m
1789354195.646567345,dynamic,163,unmatched_gt,10,,,no LV-DOT estimate within 1.5 m
1789354195.646567345,dynamic,163,unmatched_gt,11,,,no LV-DOT estimate within 1.5 m
1789354195.646567345,dynamic,163,unmatched_gt,12,,,no LV-DOT estimate within 1.5 m
1789354195.646567345,dynamic,163,unmatched_gt,13,,,no LV-DOT estimate within 1.5 m
1789354195.646567345,dynamic,163,unmatched_gt,15,,,no LV-DOT estimate within 1.5 m
1789354195.646567345,dynamic,163,unmatched_gt,16,,,no LV-DOT estimate within 1.5 m
1789354195.646567345,dynamic,163,unmatched_gt,18,,,no LV-DOT estimate within 1.5 m
1789354195.746348143,dynamic,164,id_switch,3,90,0,previous tracking_id=85
1789354195.746348143,dynamic,164,unmatched_gt,0,,,no LV-DOT estimate within 1.5 m
1789354195.746348143,dynamic,164,unmatched_gt,1,,,no LV-DOT estimate within 1.5 m
1789354195.746348143,dynamic,164,unmatched_gt,2,,,no LV-DOT estimate within 1.5 m
1789354195.746348143,dynamic,164,unmatched_gt,4,,,no LV-DOT estimate within 1.5 m
1789354195.746348143,dynamic,164,unmatched_gt,5,,,no LV-DOT estimate within 1.5 m
1789354195.746348143,dynamic,164,unmatched_gt,6,,,no LV-DOT estimate within 1.5 m
1789354195.746348143,dynamic,164,unmatched_gt,7,,,no LV-DOT estimate within 1.5 m
1789354195.746348143,dynamic,164,unmatched_gt,8,,,no LV-DOT estimate within 1.5 m
1789354195.746348143,dynamic,164,unmatched_gt,9,,,no LV-DOT estimate within 1.5 m
1789354195.746348143,dynamic,164,unmatched_gt,10,,,no LV-DOT estimate within 1.5 m
1789354195.746348143,dynamic,164,unmatched_gt,11,,,no LV-DOT estimate within 1.5 m
1789354195.746348143,dynamic,164,unmatched_gt,12,,,no LV-DOT estimate within 1.5 m
1789354195.746348143,dynamic,164,unmatched_gt,13,,,no LV-DOT estimate within 1.5 m
1789354195.746348143,dynamic,164,unmatched_gt,15,,,no LV-DOT estimate within 1.5 m
1789354195.746348143,dynamic,164,unmatched_gt,16,,,no LV-DOT estimate within 1.5 m
1789354195.746348143,dynamic,164,unmatched_gt,18,,,no LV-DOT estimate within 1.5 m
1789354195.846284389,dynamic,165,track_lost,,91,,collector track exceeded missed-frame limit
1789354195.846284389,dynamic,165,track_created,,92,,collector track created
1789354195.846284389,dynamic,165,id_switch,8,92,2,previous tracking_id=71
1789354195.846284389,dynamic,165,unmatched_gt,0,,,no LV-DOT estimate within 1.5 m
1789354195.846284389,dynamic,165,unmatched_gt,1,,,no LV-DOT estimate within 1.5 m
1789354195.846284389,dynamic,165,unmatched_gt,2,,,no LV-DOT estimate within 1.5 m
1789354195.846284389,dynamic,165,unmatched_gt,4,,,no LV-DOT estimate within 1.5 m
1789354195.846284389,dynamic,165,unmatched_gt,5,,,no LV-DOT estimate within 1.5 m
1789354195.846284389,dynamic,165,unmatched_gt,6,,,no LV-DOT estimate within 1.5 m
1789354195.846284389,dynamic,165,unmatched_gt,7,,,no LV-DOT estimate within 1.5 m
1789354195.846284389,dynamic,165,unmatched_gt,9,,,no LV-DOT estimate within 1.5 m
1789354195.846284389,dynamic,165,unmatched_gt,10,,,no LV-DOT estimate within 1.5 m
1789354195.846284389,dynamic,165,unmatched_gt,11,,,no LV-DOT estimate within 1.5 m
1789354195.846284389,dynamic,165,unmatched_gt,12,,,no LV-DOT estimate within 1.5 m
1789354195.846284389,dynamic,165,unmatched_gt,13,,,no LV-DOT estimate within 1.5 m
1789354195.846284389,dynamic,165,unmatched_gt,14,,,no LV-DOT estimate within 1.5 m
1789354195.846284389,dynamic,165,unmatched_gt,15,,,no LV-DOT estimate within 1.5 m
1789354195.846284389,dynamic,165,unmatched_gt,16,,,no LV-DOT estimate within 1.5 m
1789354195.846284389,dynamic,165,unmatched_gt,18,,,no LV-DOT estimate within 1.5 m
1789354195.856027842,dynamic,165,gt_teleport,7,,,same MARSIM ID moved more than 1.0 m between GT messages
1789354195.946027756,dynamic,166,track_lost,,88,,collector track exceeded missed-frame limit
1789354195.946027756,dynamic,166,track_lost,,89,,collector track exceeded missed-frame limit
1789354195.946027756,dynamic,166,unmatched_gt,0,,,no LV-DOT estimate within 1.5 m
1789354195.946027756,dynamic,166,unmatched_gt,1,,,no LV-DOT estimate within 1.5 m
1789354195.946027756,dynamic,166,unmatched_gt,2,,,no LV-DOT estimate within 1.5 m
1789354195.946027756,dynamic,166,unmatched_gt,4,,,no LV-DOT estimate within 1.5 m
1789354195.946027756,dynamic,166,unmatched_gt,5,,,no LV-DOT estimate within 1.5 m
1789354195.946027756,dynamic,166,unmatched_gt,6,,,no LV-DOT estimate within 1.5 m
1789354195.946027756,dynamic,166,unmatched_gt,7,,,no LV-DOT estimate within 1.5 m
1789354195.946027756,dynamic,166,unmatched_gt,9,,,no LV-DOT estimate within 1.5 m
1789354195.946027756,dynamic,166,unmatched_gt,10,,,no LV-DOT estimate within 1.5 m
1789354195.946027756,dynamic,166,unmatched_gt,11,,,no LV-DOT estimate within 1.5 m
1789354195.946027756,dynamic,166,unmatched_gt,12,,,no LV-DOT estimate within 1.5 m
1789354195.946027756,dynamic,166,unmatched_gt,13,,,no LV-DOT estimate within 1.5 m
1789354195.946027756,dynamic,166,unmatched_gt,14,,,no LV-DOT estimate within 1.5 m
1789354195.946027756,dynamic,166,unmatched_gt,15,,,no LV-DOT estimate within 1.5 m
1789354195.946027756,dynamic,166,unmatched_gt,16,,,no LV-DOT estimate within 1.5 m
1789354195.946027756,dynamic,166,unmatched_gt,18,,,no LV-DOT estimate within 1.5 m
1789354195.956007719,dynamic,166,gt_teleport,13,,,same MARSIM ID moved more than 1.0 m between GT messages
1789354196.046141624,dynamic,167,unmatched_gt,0,,,no LV-DOT estimate within 1.5 m
1789354196.046141624,dynamic,167,unmatched_gt,1,,,no LV-DOT estimate within 1.5 m
1789354196.046141624,dynamic,167,unmatched_gt,2,,,no LV-DOT estimate within 1.5 m
1789354196.046141624,dynamic,167,unmatched_gt,4,,,no LV-DOT estimate within 1.5 m
1789354196.046141624,dynamic,167,unmatched_gt,5,,,no LV-DOT estimate within 1.5 m
1789354196.046141624,dynamic,167,unmatched_gt,6,,,no LV-DOT estimate within 1.5 m
1789354196.046141624,dynamic,167,unmatched_gt,7,,,no LV-DOT estimate within 1.5 m
1789354196.046141624,dynamic,167,unmatched_gt,9,,,no LV-DOT estimate within 1.5 m
1789354196.046141624,dynamic,167,unmatched_gt,10,,,no LV-DOT estimate within 1.5 m
1789354196.046141624,dynamic,167,unmatched_gt,11,,,no LV-DOT estimate within 1.5 m
1789354196.046141624,dynamic,167,unmatched_gt,12,,,no LV-DOT estimate within 1.5 m
1789354196.046141624,dynamic,167,unmatched_gt,13,,,no LV-DOT estimate within 1.5 m
1789354196.046141624,dynamic,167,unmatched_gt,15,,,no LV-DOT estimate within 1.5 m
1789354196.046141624,dynamic,167,unmatched_gt,16,,,no LV-DOT estimate within 1.5 m
1789354196.046141624,dynamic,167,unmatched_gt,18,,,no LV-DOT estimate within 1.5 m
1789354196.056056738,dynamic,167,gt_teleport,5,,,same MARSIM ID moved more than 1.0 m between GT messages
1789354196.142656565,dynamic,168,track_created,,93,,collector track created
1789354196.142656565,dynamic,168,track_created,,94,,collector track created
1789354196.142656565,dynamic,168,id_switch,7,93,2,previous tracking_id=87
1789354196.142656565,dynamic,168,id_switch,9,94,4,previous tracking_id=90
1789354196.142656565,dynamic,168,unmatched_gt,0,,,no LV-DOT estimate within 1.5 m
1789354196.142656565,dynamic,168,unmatched_gt,1,,,no LV-DOT estimate within 1.5 m
1789354196.142656565,dynamic,168,unmatched_gt,2,,,no LV-DOT estimate within 1.5 m
1789354196.142656565,dynamic,168,unmatched_gt,4,,,no LV-DOT estimate within 1.5 m
1789354196.142656565,dynamic,168,unmatched_gt,5,,,no LV-DOT estimate within 1.5 m
1789354196.142656565,dynamic,168,unmatched_gt,6,,,no LV-DOT estimate within 1.5 m
1789354196.142656565,dynamic,168,unmatched_gt,10,,,no LV-DOT estimate within 1.5 m
1789354196.142656565,dynamic,168,unmatched_gt,11,,,no LV-DOT estimate within 1.5 m
1789354196.142656565,dynamic,168,unmatched_gt,12,,,no LV-DOT estimate within 1.5 m
1789354196.142656565,dynamic,168,unmatched_gt,13,,,no LV-DOT estimate within 1.5 m
1789354196.142656565,dynamic,168,unmatched_gt,15,,,no LV-DOT estimate within 1.5 m
1789354196.142656565,dynamic,168,unmatched_gt,16,,,no LV-DOT estimate within 1.5 m
1789354196.142656565,dynamic,168,unmatched_gt,18,,,no LV-DOT estimate within 1.5 m
1789354196.242129326,dynamic,169,unmatched_gt,0,,,no LV-DOT estimate within 1.5 m
1789354196.242129326,dynamic,169,unmatched_gt,1,,,no LV-DOT estimate within 1.5 m
1789354196.242129326,dynamic,169,unmatched_gt,2,,,no LV-DOT estimate within 1.5 m
1789354196.242129326,dynamic,169,unmatched_gt,4,,,no LV-DOT estimate within 1.5 m
1789354196.242129326,dynamic,169,unmatched_gt,5,,,no LV-DOT estimate within 1.5 m
1789354196.242129326,dynamic,169,unmatched_gt,6,,,no LV-DOT estimate within 1.5 m
1789354196.242129326,dynamic,169,unmatched_gt,9,,,no LV-DOT estimate within 1.5 m
1789354196.242129326,dynamic,169,unmatched_gt,10,,,no LV-DOT estimate within 1.5 m
1789354196.242129326,dynamic,169,unmatched_gt,11,,,no LV-DOT estimate within 1.5 m
1789354196.242129326,dynamic,169,unmatched_gt,12,,,no LV-DOT estimate within 1.5 m
1789354196.242129326,dynamic,169,unmatched_gt,13,,,no LV-DOT estimate within 1.5 m
1789354196.242129326,dynamic,169,unmatched_gt,15,,,no LV-DOT estimate within 1.5 m
1789354196.242129326,dynamic,169,unmatched_gt,16,,,no LV-DOT estimate within 1.5 m
1789354196.242129326,dynamic,169,unmatched_gt,18,,,no LV-DOT estimate within 1.5 m
1789354196.341559649,dynamic,170,track_created,,95,,collector track created
1789354196.341559649,dynamic,170,id_switch,6,95,6,previous tracking_id=88
1789354196.341559649,dynamic,170,unmatched_gt,0,,,no LV-DOT estimate within 1.5 m
1789354196.341559649,dynamic,170,unmatched_gt,1,,,no LV-DOT estimate within 1.5 m
1789354196.341559649,dynamic,170,unmatched_gt,2,,,no LV-DOT estimate within 1.5 m
1789354196.341559649,dynamic,170,unmatched_gt,4,,,no LV-DOT estimate within 1.5 m
1789354196.341559649,dynamic,170,unmatched_gt,5,,,no LV-DOT estimate within 1.5 m
1789354196.341559649,dynamic,170,unmatched_gt,9,,,no LV-DOT estimate within 1.5 m
1789354196.341559649,dynamic,170,unmatched_gt,10,,,no LV-DOT estimate within 1.5 m
1789354196.341559649,dynamic,170,unmatched_gt,11,,,no LV-DOT estimate within 1.5 m
1789354196.341559649,dynamic,170,unmatched_gt,12,,,no LV-DOT estimate within 1.5 m
1789354196.341559649,dynamic,170,unmatched_gt,13,,,no LV-DOT estimate within 1.5 m
1789354196.341559649,dynamic,170,unmatched_gt,15,,,no LV-DOT estimate within 1.5 m
1789354196.341559649,dynamic,170,unmatched_gt,16,,,no LV-DOT estimate within 1.5 m
1789354196.341559649,dynamic,170,unmatched_gt,18,,,no LV-DOT estimate within 1.5 m
1789354196.440912962,dynamic,171,unmatched_gt,0,,,no LV-DOT estimate within 1.5 m
1789354196.440912962,dynamic,171,unmatched_gt,1,,,no LV-DOT estimate within 1.5 m
1789354196.440912962,dynamic,171,unmatched_gt,2,,,no LV-DOT estimate within 1.5 m
1789354196.440912962,dynamic,171,unmatched_gt,3,,,no LV-DOT estimate within 1.5 m
1789354196.440912962,dynamic,171,unmatched_gt,4,,,no LV-DOT estimate within 1.5 m
1789354196.440912962,dynamic,171,unmatched_gt,5,,,no LV-DOT estimate within 1.5 m
1789354196.440912962,dynamic,171,unmatched_gt,9,,,no LV-DOT estimate within 1.5 m
1789354196.440912962,dynamic,171,unmatched_gt,10,,,no LV-DOT estimate within 1.5 m
1789354196.440912962,dynamic,171,unmatched_gt,11,,,no LV-DOT estimate within 1.5 m
1789354196.440912962,dynamic,171,unmatched_gt,12,,,no LV-DOT estimate within 1.5 m
1789354196.440912962,dynamic,171,unmatched_gt,13,,,no LV-DOT estimate within 1.5 m
1789354196.440912962,dynamic,171,unmatched_gt,15,,,no LV-DOT estimate within 1.5 m
1789354196.440912962,dynamic,171,unmatched_gt,16,,,no LV-DOT estimate within 1.5 m
1789354196.440912962,dynamic,171,unmatched_gt,18,,,no LV-DOT estimate within 1.5 m
1789354196.456056595,dynamic,171,gt_teleport,9,,,same MARSIM ID moved more than 1.0 m between GT messages
1789354196.541502953,dynamic,172,track_lost,,94,,collector track exceeded missed-frame limit
1789354196.541502953,dynamic,172,unmatched_gt,0,,,no LV-DOT estimate within 1.5 m
1789354196.541502953,dynamic,172,unmatched_gt,1,,,no LV-DOT estimate within 1.5 m
1789354196.541502953,dynamic,172,unmatched_gt,2,,,no LV-DOT estimate within 1.5 m
1789354196.541502953,dynamic,172,unmatched_gt,3,,,no LV-DOT estimate within 1.5 m
1789354196.541502953,dynamic,172,unmatched_gt,4,,,no LV-DOT estimate within 1.5 m
1789354196.541502953,dynamic,172,unmatched_gt,5,,,no LV-DOT estimate within 1.5 m
1789354196.541502953,dynamic,172,unmatched_gt,9,,,no LV-DOT estimate within 1.5 m
1789354196.541502953,dynamic,172,unmatched_gt,10,,,no LV-DOT estimate within 1.5 m
1789354196.541502953,dynamic,172,unmatched_gt,11,,,no LV-DOT estimate within 1.5 m
1789354196.541502953,dynamic,172,unmatched_gt,12,,,no LV-DOT estimate within 1.5 m
1789354196.541502953,dynamic,172,unmatched_gt,13,,,no LV-DOT estimate within 1.5 m
1789354196.541502953,dynamic,172,unmatched_gt,15,,,no LV-DOT estimate within 1.5 m
1789354196.541502953,dynamic,172,unmatched_gt,16,,,no LV-DOT estimate within 1.5 m
1789354196.541502953,dynamic,172,unmatched_gt,18,,,no LV-DOT estimate within 1.5 m
1789354196.556180000,dynamic,172,gt_teleport,1,,,same MARSIM ID moved more than 1.0 m between GT messages
1789354196.556180000,dynamic,172,gt_teleport,4,,,same MARSIM ID moved more than 1.0 m between GT messages
1789354196.556180000,dynamic,172,gt_teleport,18,,,same MARSIM ID moved more than 1.0 m between GT messages
1789354196.643283606,dynamic,173,unmatched_gt,0,,,no LV-DOT estimate within 1.5 m
1789354196.643283606,dynamic,173,unmatched_gt,1,,,no LV-DOT estimate within 1.5 m
1789354196.643283606,dynamic,173,unmatched_gt,2,,,no LV-DOT estimate within 1.5 m
1789354196.643283606,dynamic,173,unmatched_gt,3,,,no LV-DOT estimate within 1.5 m
1789354196.643283606,dynamic,173,unmatched_gt,4,,,no LV-DOT estimate within 1.5 m
1789354196.643283606,dynamic,173,unmatched_gt,5,,,no LV-DOT estimate within 1.5 m
1789354196.643283606,dynamic,173,unmatched_gt,9,,,no LV-DOT estimate within 1.5 m
1789354196.643283606,dynamic,173,unmatched_gt,10,,,no LV-DOT estimate within 1.5 m
1789354196.643283606,dynamic,173,unmatched_gt,11,,,no LV-DOT estimate within 1.5 m
1789354196.643283606,dynamic,173,unmatched_gt,12,,,no LV-DOT estimate within 1.5 m
1789354196.643283606,dynamic,173,unmatched_gt,13,,,no LV-DOT estimate within 1.5 m
1789354196.643283606,dynamic,173,unmatched_gt,14,,,no LV-DOT estimate within 1.5 m
1789354196.643283606,dynamic,173,unmatched_gt,15,,,no LV-DOT estimate within 1.5 m
1789354196.643283606,dynamic,173,unmatched_gt,16,,,no LV-DOT estimate within 1.5 m
1789354196.643283606,dynamic,173,unmatched_gt,18,,,no LV-DOT estimate within 1.5 m
1789354196.656145573,dynamic,173,gt_teleport,13,,,same MARSIM ID moved more than 1.0 m between GT messages
1789354196.742182493,dynamic,174,track_lost,,90,,collector track exceeded missed-frame limit
1789354196.742182493,dynamic,174,track_created,,96,,collector track created
1789354196.742182493,dynamic,174,id_switch,9,51,1,previous tracking_id=94
1789354196.742182493,dynamic,174,unmatched_detection,,96,4,no GT within 1.5 m
1789354196.742182493,dynamic,174,unmatched_gt,0,,,no LV-DOT estimate within 1.5 m
1789354196.742182493,dynamic,174,unmatched_gt,1,,,no LV-DOT estimate within 1.5 m
1789354196.742182493,dynamic,174,unmatched_gt,2,,,no LV-DOT estimate within 1.5 m
1789354196.742182493,dynamic,174,unmatched_gt,3,,,no LV-DOT estimate within 1.5 m
1789354196.742182493,dynamic,174,unmatched_gt,4,,,no LV-DOT estimate within 1.5 m
1789354196.742182493,dynamic,174,unmatched_gt,5,,,no LV-DOT estimate within 1.5 m
1789354196.742182493,dynamic,174,unmatched_gt,10,,,no LV-DOT estimate within 1.5 m
1789354196.742182493,dynamic,174,unmatched_gt,11,,,no LV-DOT estimate within 1.5 m
1789354196.742182493,dynamic,174,unmatched_gt,12,,,no LV-DOT estimate within 1.5 m
1789354196.742182493,dynamic,174,unmatched_gt,13,,,no LV-DOT estimate within 1.5 m
1789354196.742182493,dynamic,174,unmatched_gt,14,,,no LV-DOT estimate within 1.5 m
1789354196.742182493,dynamic,174,unmatched_gt,15,,,no LV-DOT estimate within 1.5 m
1789354196.742182493,dynamic,174,unmatched_gt,16,,,no LV-DOT estimate within 1.5 m
1789354196.742182493,dynamic,174,unmatched_gt,17,,,no LV-DOT estimate within 1.5 m
1789354196.742182493,dynamic,174,unmatched_gt,18,,,no LV-DOT estimate within 1.5 m
1789354196.756013632,dynamic,174,gt_teleport,3,,,same MARSIM ID moved more than 1.0 m between GT messages
1789354196.846012592,dynamic,175,id_switch,8,96,3,previous tracking_id=92
1789354196.846012592,dynamic,175,unmatched_gt,0,,,no LV-DOT estimate within 1.5 m
1789354196.846012592,dynamic,175,unmatched_gt,1,,,no LV-DOT estimate within 1.5 m
1789354196.846012592,dynamic,175,unmatched_gt,2,,,no LV-DOT estimate within 1.5 m
1789354196.846012592,dynamic,175,unmatched_gt,3,,,no LV-DOT estimate within 1.5 m
1789354196.846012592,dynamic,175,unmatched_gt,4,,,no LV-DOT estimate within 1.5 m
1789354196.846012592,dynamic,175,unmatched_gt,5,,,no LV-DOT estimate within 1.5 m
1789354196.846012592,dynamic,175,unmatched_gt,6,,,no LV-DOT estimate within 1.5 m
1789354196.846012592,dynamic,175,unmatched_gt,10,,,no LV-DOT estimate within 1.5 m
1789354196.846012592,dynamic,175,unmatched_gt,11,,,no LV-DOT estimate within 1.5 m
1789354196.846012592,dynamic,175,unmatched_gt,12,,,no LV-DOT estimate within 1.5 m
1789354196.846012592,dynamic,175,unmatched_gt,13,,,no LV-DOT estimate within 1.5 m
1789354196.846012592,dynamic,175,unmatched_gt,14,,,no LV-DOT estimate within 1.5 m
1789354196.846012592,dynamic,175,unmatched_gt,15,,,no LV-DOT estimate within 1.5 m
1789354196.846012592,dynamic,175,unmatched_gt,16,,,no LV-DOT estimate within 1.5 m
1789354196.846012592,dynamic,175,unmatched_gt,17,,,no LV-DOT estimate within 1.5 m
1789354196.846012592,dynamic,175,unmatched_gt,18,,,no LV-DOT estimate within 1.5 m
1789354196.855995655,dynamic,175,gt_teleport,16,,,same MARSIM ID moved more than 1.0 m between GT messages
1789354196.953095675,dynamic,176,id_switch,8,92,0,previous tracking_id=96
1789354196.953095675,dynamic,176,unmatched_detection,,96,4,no GT within 1.5 m
1789354196.953095675,dynamic,176,unmatched_gt,0,,,no LV-DOT estimate within 1.5 m
1789354196.953095675,dynamic,176,unmatched_gt,1,,,no LV-DOT estimate within 1.5 m
1789354196.953095675,dynamic,176,unmatched_gt,2,,,no LV-DOT estimate within 1.5 m
1789354196.953095675,dynamic,176,unmatched_gt,3,,,no LV-DOT estimate within 1.5 m
1789354196.953095675,dynamic,176,unmatched_gt,4,,,no LV-DOT estimate within 1.5 m
1789354196.953095675,dynamic,176,unmatched_gt,5,,,no LV-DOT estimate within 1.5 m
1789354196.953095675,dynamic,176,unmatched_gt,6,,,no LV-DOT estimate within 1.5 m
1789354196.953095675,dynamic,176,unmatched_gt,10,,,no LV-DOT estimate within 1.5 m
1789354196.953095675,dynamic,176,unmatched_gt,11,,,no LV-DOT estimate within 1.5 m
1789354196.953095675,dynamic,176,unmatched_gt,12,,,no LV-DOT estimate within 1.5 m
1789354196.953095675,dynamic,176,unmatched_gt,13,,,no LV-DOT estimate within 1.5 m
1789354196.953095675,dynamic,176,unmatched_gt,15,,,no LV-DOT estimate within 1.5 m
1789354196.953095675,dynamic,176,unmatched_gt,16,,,no LV-DOT estimate within 1.5 m
1789354196.953095675,dynamic,176,unmatched_gt,17,,,no LV-DOT estimate within 1.5 m
1789354196.953095675,dynamic,176,unmatched_gt,18,,,no LV-DOT estimate within 1.5 m
1789354196.956168175,dynamic,176,gt_teleport,6,,,same MARSIM ID moved more than 1.0 m between GT messages
1789354196.956168175,dynamic,176,gt_teleport,12,,,same MARSIM ID moved more than 1.0 m between GT messages
1789354197.053987265,dynamic,177,track_created,,97,,collector track created
1789354197.053987265,dynamic,177,id_switch,3,97,2,previous tracking_id=90
1789354197.053987265,dynamic,177,unmatched_detection,,96,4,no GT within 1.5 m
1789354197.053987265,dynamic,177,unmatched_gt,0,,,no LV-DOT estimate within 1.5 m
1789354197.053987265,dynamic,177,unmatched_gt,1,,,no LV-DOT estimate within 1.5 m
1789354197.053987265,dynamic,177,unmatched_gt,2,,,no LV-DOT estimate within 1.5 m
1789354197.053987265,dynamic,177,unmatched_gt,4,,,no LV-DOT estimate within 1.5 m
1789354197.053987265,dynamic,177,unmatched_gt,5,,,no LV-DOT estimate within 1.5 m
1789354197.053987265,dynamic,177,unmatched_gt,6,,,no LV-DOT estimate within 1.5 m
1789354197.053987265,dynamic,177,unmatched_gt,10,,,no LV-DOT estimate within 1.5 m
1789354197.053987265,dynamic,177,unmatched_gt,11,,,no LV-DOT estimate within 1.5 m
1789354197.053987265,dynamic,177,unmatched_gt,12,,,no LV-DOT estimate within 1.5 m
1789354197.053987265,dynamic,177,unmatched_gt,13,,,no LV-DOT estimate within 1.5 m
1789354197.053987265,dynamic,177,unmatched_gt,14,,,no LV-DOT estimate within 1.5 m
1789354197.053987265,dynamic,177,unmatched_gt,15,,,no LV-DOT estimate within 1.5 m
1789354197.053987265,dynamic,177,unmatched_gt,16,,,no LV-DOT estimate within 1.5 m
1789354197.053987265,dynamic,177,unmatched_gt,17,,,no LV-DOT estimate within 1.5 m
1789354197.053987265,dynamic,177,unmatched_gt,18,,,no LV-DOT estimate within 1.5 m
1789354197.159210443,dynamic,178,track_lost,,95,,collector track exceeded missed-frame limit
1789354197.159210443,dynamic,178,id_switch,8,96,2,previous tracking_id=92
1789354197.159210443,dynamic,178,unmatched_gt,0,,,no LV-DOT estimate within 1.5 m
1789354197.159210443,dynamic,178,unmatched_gt,1,,,no LV-DOT estimate within 1.5 m
1789354197.159210443,dynamic,178,unmatched_gt,2,,,no LV-DOT estimate within 1.5 m
1789354197.159210443,dynamic,178,unmatched_gt,4,,,no LV-DOT estimate within 1.5 m
1789354197.159210443,dynamic,178,unmatched_gt,5,,,no LV-DOT estimate within 1.5 m
1789354197.159210443,dynamic,178,unmatched_gt,6,,,no LV-DOT estimate within 1.5 m
1789354197.159210443,dynamic,178,unmatched_gt,10,,,no LV-DOT estimate within 1.5 m
1789354197.159210443,dynamic,178,unmatched_gt,11,,,no LV-DOT estimate within 1.5 m
1789354197.159210443,dynamic,178,unmatched_gt,12,,,no LV-DOT estimate within 1.5 m
1789354197.159210443,dynamic,178,unmatched_gt,13,,,no LV-DOT estimate within 1.5 m
1789354197.159210443,dynamic,178,unmatched_gt,15,,,no LV-DOT estimate within 1.5 m
1789354197.159210443,dynamic,178,unmatched_gt,16,,,no LV-DOT estimate within 1.5 m
1789354197.159210443,dynamic,178,unmatched_gt,17,,,no LV-DOT estimate within 1.5 m
1789354197.159210443,dynamic,178,unmatched_gt,18,,,no LV-DOT estimate within 1.5 m
1789354197.156019688,dynamic,178,gt_teleport,15,,,same MARSIM ID moved more than 1.0 m between GT messages
1789354197.259086847,dynamic,179,id_switch,8,92,3,previous tracking_id=96
1789354197.259086847,dynamic,179,unmatched_gt,0,,,no LV-DOT estimate within 1.5 m
1789354197.259086847,dynamic,179,unmatched_gt,1,,,no LV-DOT estimate within 1.5 m
1789354197.259086847,dynamic,179,unmatched_gt,2,,,no LV-DOT estimate within 1.5 m
1789354197.259086847,dynamic,179,unmatched_gt,4,,,no LV-DOT estimate within 1.5 m
1789354197.259086847,dynamic,179,unmatched_gt,5,,,no LV-DOT estimate within 1.5 m
1789354197.259086847,dynamic,179,unmatched_gt,6,,,no LV-DOT estimate within 1.5 m
1789354197.259086847,dynamic,179,unmatched_gt,10,,,no LV-DOT estimate within 1.5 m
1789354197.259086847,dynamic,179,unmatched_gt,11,,,no LV-DOT estimate within 1.5 m
1789354197.259086847,dynamic,179,unmatched_gt,12,,,no LV-DOT estimate within 1.5 m
1789354197.259086847,dynamic,179,unmatched_gt,13,,,no LV-DOT estimate within 1.5 m
1789354197.259086847,dynamic,179,unmatched_gt,15,,,no LV-DOT estimate within 1.5 m
1789354197.259086847,dynamic,179,unmatched_gt,16,,,no LV-DOT estimate within 1.5 m
1789354197.259086847,dynamic,179,unmatched_gt,17,,,no LV-DOT estimate within 1.5 m
1789354197.259086847,dynamic,179,unmatched_gt,18,,,no LV-DOT estimate within 1.5 m
1789354197.259086847,dynamic,179,unmatched_gt,19,,,no LV-DOT estimate within 1.5 m
1789354197.374911308,dynamic,180,unmatched_detection,,96,4,no GT within 1.5 m
1789354197.374911308,dynamic,180,unmatched_gt,0,,,no LV-DOT estimate within 1.5 m
1789354197.374911308,dynamic,180,unmatched_gt,1,,,no LV-DOT estimate within 1.5 m
1789354197.374911308,dynamic,180,unmatched_gt,2,,,no LV-DOT estimate within 1.5 m
1789354197.374911308,dynamic,180,unmatched_gt,4,,,no LV-DOT estimate within 1.5 m
1789354197.374911308,dynamic,180,unmatched_gt,5,,,no LV-DOT estimate within 1.5 m
1789354197.374911308,dynamic,180,unmatched_gt,6,,,no LV-DOT estimate within 1.5 m
1789354197.374911308,dynamic,180,unmatched_gt,10,,,no LV-DOT estimate within 1.5 m
1789354197.374911308,dynamic,180,unmatched_gt,11,,,no LV-DOT estimate within 1.5 m
1789354197.374911308,dynamic,180,unmatched_gt,12,,,no LV-DOT estimate within 1.5 m
1789354197.374911308,dynamic,180,unmatched_gt,13,,,no LV-DOT estimate within 1.5 m
1789354197.374911308,dynamic,180,unmatched_gt,14,,,no LV-DOT estimate within 1.5 m
1789354197.374911308,dynamic,180,unmatched_gt,15,,,no LV-DOT estimate within 1.5 m
1789354197.374911308,dynamic,180,unmatched_gt,16,,,no LV-DOT estimate within 1.5 m
1789354197.374911308,dynamic,180,unmatched_gt,17,,,no LV-DOT estimate within 1.5 m
1789354197.374911308,dynamic,180,unmatched_gt,18,,,no LV-DOT estimate within 1.5 m
1789354197.374911308,dynamic,180,unmatched_gt,19,,,no LV-DOT estimate within 1.5 m
1789354197.355998516,dynamic,180,gt_teleport,5,,,same MARSIM ID moved more than 1.0 m between GT messages
1789354197.466918945,dynamic,181,id_switch,8,96,3,previous tracking_id=92
1789354197.466918945,dynamic,181,unmatched_gt,0,,,no LV-DOT estimate within 1.5 m
1789354197.466918945,dynamic,181,unmatched_gt,1,,,no LV-DOT estimate within 1.5 m
1789354197.466918945,dynamic,181,unmatched_gt,2,,,no LV-DOT estimate within 1.5 m
1789354197.466918945,dynamic,181,unmatched_gt,4,,,no LV-DOT estimate within 1.5 m
1789354197.466918945,dynamic,181,unmatched_gt,5,,,no LV-DOT estimate within 1.5 m
1789354197.466918945,dynamic,181,unmatched_gt,6,,,no LV-DOT estimate within 1.5 m
1789354197.466918945,dynamic,181,unmatched_gt,10,,,no LV-DOT estimate within 1.5 m
1789354197.466918945,dynamic,181,unmatched_gt,11,,,no LV-DOT estimate within 1.5 m
1789354197.466918945,dynamic,181,unmatched_gt,12,,,no LV-DOT estimate within 1.5 m
1789354197.466918945,dynamic,181,unmatched_gt,13,,,no LV-DOT estimate within 1.5 m
1789354197.466918945,dynamic,181,unmatched_gt,14,,,no LV-DOT estimate within 1.5 m
1789354197.466918945,dynamic,181,unmatched_gt,15,,,no LV-DOT estimate within 1.5 m
1789354197.466918945,dynamic,181,unmatched_gt,16,,,no LV-DOT estimate within 1.5 m
1789354197.466918945,dynamic,181,unmatched_gt,17,,,no LV-DOT estimate within 1.5 m
1789354197.466918945,dynamic,181,unmatched_gt,18,,,no LV-DOT estimate within 1.5 m
1789354197.466918945,dynamic,181,unmatched_gt,19,,,no LV-DOT estimate within 1.5 m
1789354197.558602333,dynamic,182,track_lost,,12,,collector track exceeded missed-frame limit
1789354197.558602333,dynamic,182,unmatched_gt,0,,,no LV-DOT estimate within 1.5 m
1789354197.558602333,dynamic,182,unmatched_gt,1,,,no LV-DOT estimate within 1.5 m
1789354197.558602333,dynamic,182,unmatched_gt,2,,,no LV-DOT estimate within 1.5 m
1789354197.558602333,dynamic,182,unmatched_gt,4,,,no LV-DOT estimate within 1.5 m
1789354197.558602333,dynamic,182,unmatched_gt,5,,,no LV-DOT estimate within 1.5 m
1789354197.558602333,dynamic,182,unmatched_gt,6,,,no LV-DOT estimate within 1.5 m
1789354197.558602333,dynamic,182,unmatched_gt,10,,,no LV-DOT estimate within 1.5 m
1789354197.558602333,dynamic,182,unmatched_gt,11,,,no LV-DOT estimate within 1.5 m
1789354197.558602333,dynamic,182,unmatched_gt,12,,,no LV-DOT estimate within 1.5 m
1789354197.558602333,dynamic,182,unmatched_gt,13,,,no LV-DOT estimate within 1.5 m
1789354197.558602333,dynamic,182,unmatched_gt,15,,,no LV-DOT estimate within 1.5 m
1789354197.558602333,dynamic,182,unmatched_gt,16,,,no LV-DOT estimate within 1.5 m
1789354197.558602333,dynamic,182,unmatched_gt,17,,,no LV-DOT estimate within 1.5 m
1789354197.558602333,dynamic,182,unmatched_gt,18,,,no LV-DOT estimate within 1.5 m
1789354197.558602333,dynamic,182,unmatched_gt,19,,,no LV-DOT estimate within 1.5 m
1789354197.664320469,dynamic,183,unmatched_gt,0,,,no LV-DOT estimate within 1.5 m
1789354197.664320469,dynamic,183,unmatched_gt,1,,,no LV-DOT estimate within 1.5 m
1789354197.664320469,dynamic,183,unmatched_gt,2,,,no LV-DOT estimate within 1.5 m
1789354197.664320469,dynamic,183,unmatched_gt,4,,,no LV-DOT estimate within 1.5 m
1789354197.664320469,dynamic,183,unmatched_gt,5,,,no LV-DOT estimate within 1.5 m
1789354197.664320469,dynamic,183,unmatched_gt,6,,,no LV-DOT estimate within 1.5 m
1789354197.664320469,dynamic,183,unmatched_gt,10,,,no LV-DOT estimate within 1.5 m
1789354197.664320469,dynamic,183,unmatched_gt,11,,,no LV-DOT estimate within 1.5 m
1789354197.664320469,dynamic,183,unmatched_gt,12,,,no LV-DOT estimate within 1.5 m
1789354197.664320469,dynamic,183,unmatched_gt,13,,,no LV-DOT estimate within 1.5 m
1789354197.664320469,dynamic,183,unmatched_gt,14,,,no LV-DOT estimate within 1.5 m
1789354197.664320469,dynamic,183,unmatched_gt,15,,,no LV-DOT estimate within 1.5 m
1789354197.664320469,dynamic,183,unmatched_gt,16,,,no LV-DOT estimate within 1.5 m
1789354197.664320469,dynamic,183,unmatched_gt,17,,,no LV-DOT estimate within 1.5 m
1789354197.664320469,dynamic,183,unmatched_gt,18,,,no LV-DOT estimate within 1.5 m
1789354197.664320469,dynamic,183,unmatched_gt,19,,,no LV-DOT estimate within 1.5 m
1789354197.748499393,dynamic,184,track_lost,,92,,collector track exceeded missed-frame limit
1789354197.748499393,dynamic,184,unmatched_gt,0,,,no LV-DOT estimate within 1.5 m
1789354197.748499393,dynamic,184,unmatched_gt,1,,,no LV-DOT estimate within 1.5 m
1789354197.748499393,dynamic,184,unmatched_gt,2,,,no LV-DOT estimate within 1.5 m
1789354197.748499393,dynamic,184,unmatched_gt,4,,,no LV-DOT estimate within 1.5 m
1789354197.748499393,dynamic,184,unmatched_gt,5,,,no LV-DOT estimate within 1.5 m
1789354197.748499393,dynamic,184,unmatched_gt,6,,,no LV-DOT estimate within 1.5 m
1789354197.748499393,dynamic,184,unmatched_gt,10,,,no LV-DOT estimate within 1.5 m
1789354197.748499393,dynamic,184,unmatched_gt,11,,,no LV-DOT estimate within 1.5 m
1789354197.748499393,dynamic,184,unmatched_gt,12,,,no LV-DOT estimate within 1.5 m
1789354197.748499393,dynamic,184,unmatched_gt,13,,,no LV-DOT estimate within 1.5 m
1789354197.748499393,dynamic,184,unmatched_gt,15,,,no LV-DOT estimate within 1.5 m
1789354197.748499393,dynamic,184,unmatched_gt,16,,,no LV-DOT estimate within 1.5 m
1789354197.748499393,dynamic,184,unmatched_gt,17,,,no LV-DOT estimate within 1.5 m
1789354197.748499393,dynamic,184,unmatched_gt,18,,,no LV-DOT estimate within 1.5 m
1789354197.748499393,dynamic,184,unmatched_gt,19,,,no LV-DOT estimate within 1.5 m
1789354197.842242718,dynamic,185,unmatched_gt,0,,,no LV-DOT estimate within 1.5 m
1789354197.842242718,dynamic,185,unmatched_gt,1,,,no LV-DOT estimate within 1.5 m
1789354197.842242718,dynamic,185,unmatched_gt,2,,,no LV-DOT estimate within 1.5 m
1789354197.842242718,dynamic,185,unmatched_gt,4,,,no LV-DOT estimate within 1.5 m
1789354197.842242718,dynamic,185,unmatched_gt,5,,,no LV-DOT estimate within 1.5 m
1789354197.842242718,dynamic,185,unmatched_gt,6,,,no LV-DOT estimate within 1.5 m
1789354197.842242718,dynamic,185,unmatched_gt,10,,,no LV-DOT estimate within 1.5 m
1789354197.842242718,dynamic,185,unmatched_gt,11,,,no LV-DOT estimate within 1.5 m
1789354197.842242718,dynamic,185,unmatched_gt,12,,,no LV-DOT estimate within 1.5 m
1789354197.842242718,dynamic,185,unmatched_gt,13,,,no LV-DOT estimate within 1.5 m
1789354197.842242718,dynamic,185,unmatched_gt,15,,,no LV-DOT estimate within 1.5 m
1789354197.842242718,dynamic,185,unmatched_gt,16,,,no LV-DOT estimate within 1.5 m
1789354197.842242718,dynamic,185,unmatched_gt,17,,,no LV-DOT estimate within 1.5 m
1789354197.842242718,dynamic,185,unmatched_gt,18,,,no LV-DOT estimate within 1.5 m
1789354197.842242718,dynamic,185,unmatched_gt,19,,,no LV-DOT estimate within 1.5 m
1789354197.855981112,dynamic,185,gt_teleport,9,,,same MARSIM ID moved more than 1.0 m between GT messages
1789354197.940604925,dynamic,186,track_created,,98,,collector track created
1789354197.940604925,dynamic,186,id_switch,19,98,4,previous tracking_id=12
1789354197.940604925,dynamic,186,unmatched_gt,0,,,no LV-DOT estimate within 1.5 m
1789354197.940604925,dynamic,186,unmatched_gt,1,,,no LV-DOT estimate within 1.5 m
1789354197.940604925,dynamic,186,unmatched_gt,2,,,no LV-DOT estimate within 1.5 m
1789354197.940604925,dynamic,186,unmatched_gt,4,,,no LV-DOT estimate within 1.5 m
1789354197.940604925,dynamic,186,unmatched_gt,5,,,no LV-DOT estimate within 1.5 m
1789354197.940604925,dynamic,186,unmatched_gt,6,,,no LV-DOT estimate within 1.5 m
1789354197.940604925,dynamic,186,unmatched_gt,9,,,no LV-DOT estimate within 1.5 m
1789354197.940604925,dynamic,186,unmatched_gt,10,,,no LV-DOT estimate within 1.5 m
1789354197.940604925,dynamic,186,unmatched_gt,11,,,no LV-DOT estimate within 1.5 m
1789354197.940604925,dynamic,186,unmatched_gt,12,,,no LV-DOT estimate within 1.5 m
1789354197.940604925,dynamic,186,unmatched_gt,13,,,no LV-DOT estimate within 1.5 m
1789354197.940604925,dynamic,186,unmatched_gt,14,,,no LV-DOT estimate within 1.5 m
1789354197.940604925,dynamic,186,unmatched_gt,15,,,no LV-DOT estimate within 1.5 m
1789354197.940604925,dynamic,186,unmatched_gt,16,,,no LV-DOT estimate within 1.5 m
1789354197.940604925,dynamic,186,unmatched_gt,18,,,no LV-DOT estimate within 1.5 m
1789354198.040208101,dynamic,187,track_created,,99,,collector track created
1789354198.040208101,dynamic,187,id_switch,17,99,3,previous tracking_id=51
1789354198.040208101,dynamic,187,unmatched_detection,,51,2,no GT within 1.5 m
1789354198.040208101,dynamic,187,unmatched_gt,0,,,no LV-DOT estimate within 1.5 m
1789354198.040208101,dynamic,187,unmatched_gt,1,,,no LV-DOT estimate within 1.5 m
1789354198.040208101,dynamic,187,unmatched_gt,2,,,no LV-DOT estimate within 1.5 m
1789354198.040208101,dynamic,187,unmatched_gt,4,,,no LV-DOT estimate within 1.5 m
1789354198.040208101,dynamic,187,unmatched_gt,5,,,no LV-DOT estimate within 1.5 m
1789354198.040208101,dynamic,187,unmatched_gt,6,,,no LV-DOT estimate within 1.5 m
1789354198.040208101,dynamic,187,unmatched_gt,7,,,no LV-DOT estimate within 1.5 m
1789354198.040208101,dynamic,187,unmatched_gt,9,,,no LV-DOT estimate within 1.5 m
1789354198.040208101,dynamic,187,unmatched_gt,10,,,no LV-DOT estimate within 1.5 m
1789354198.040208101,dynamic,187,unmatched_gt,11,,,no LV-DOT estimate within 1.5 m
1789354198.040208101,dynamic,187,unmatched_gt,12,,,no LV-DOT estimate within 1.5 m
1789354198.040208101,dynamic,187,unmatched_gt,13,,,no LV-DOT estimate within 1.5 m
1789354198.040208101,dynamic,187,unmatched_gt,14,,,no LV-DOT estimate within 1.5 m
1789354198.040208101,dynamic,187,unmatched_gt,15,,,no LV-DOT estimate within 1.5 m
1789354198.040208101,dynamic,187,unmatched_gt,16,,,no LV-DOT estimate within 1.5 m
1789354198.040208101,dynamic,187,unmatched_gt,18,,,no LV-DOT estimate within 1.5 m
1789354198.139964819,dynamic,188,track_created,,100,,collector track created
1789354198.139964819,dynamic,188,id_switch,9,100,1,previous tracking_id=51
1789354198.139964819,dynamic,188,unmatched_gt,0,,,no LV-DOT estimate within 1.5 m
1789354198.139964819,dynamic,188,unmatched_gt,1,,,no LV-DOT estimate within 1.5 m
1789354198.139964819,dynamic,188,unmatched_gt,2,,,no LV-DOT estimate within 1.5 m
1789354198.139964819,dynamic,188,unmatched_gt,4,,,no LV-DOT estimate within 1.5 m
1789354198.139964819,dynamic,188,unmatched_gt,5,,,no LV-DOT estimate within 1.5 m
1789354198.139964819,dynamic,188,unmatched_gt,6,,,no LV-DOT estimate within 1.5 m
1789354198.139964819,dynamic,188,unmatched_gt,7,,,no LV-DOT estimate within 1.5 m
1789354198.139964819,dynamic,188,unmatched_gt,10,,,no LV-DOT estimate within 1.5 m
1789354198.139964819,dynamic,188,unmatched_gt,11,,,no LV-DOT estimate within 1.5 m
1789354198.139964819,dynamic,188,unmatched_gt,12,,,no LV-DOT estimate within 1.5 m
1789354198.139964819,dynamic,188,unmatched_gt,13,,,no LV-DOT estimate within 1.5 m
1789354198.139964819,dynamic,188,unmatched_gt,14,,,no LV-DOT estimate within 1.5 m
1789354198.139964819,dynamic,188,unmatched_gt,15,,,no LV-DOT estimate within 1.5 m
1789354198.139964819,dynamic,188,unmatched_gt,16,,,no LV-DOT estimate within 1.5 m
1789354198.139964819,dynamic,188,unmatched_gt,18,,,no LV-DOT estimate within 1.5 m
1789354198.156070948,dynamic,188,gt_teleport,6,,,same MARSIM ID moved more than 1.0 m between GT messages
1789354198.156070948,dynamic,188,gt_teleport,7,,,same MARSIM ID moved more than 1.0 m between GT messages
1789354198.156070948,dynamic,188,gt_teleport,12,,,same MARSIM ID moved more than 1.0 m between GT messages
1789354198.240442991,dynamic,189,track_lost,,73,,collector track exceeded missed-frame limit
1789354198.240442991,dynamic,189,unmatched_gt,0,,,no LV-DOT estimate within 1.5 m
1789354198.240442991,dynamic,189,unmatched_gt,1,,,no LV-DOT estimate within 1.5 m
1789354198.240442991,dynamic,189,unmatched_gt,2,,,no LV-DOT estimate within 1.5 m
1789354198.240442991,dynamic,189,unmatched_gt,4,,,no LV-DOT estimate within 1.5 m
1789354198.240442991,dynamic,189,unmatched_gt,5,,,no LV-DOT estimate within 1.5 m
1789354198.240442991,dynamic,189,unmatched_gt,6,,,no LV-DOT estimate within 1.5 m
1789354198.240442991,dynamic,189,unmatched_gt,7,,,no LV-DOT estimate within 1.5 m
1789354198.240442991,dynamic,189,unmatched_gt,10,,,no LV-DOT estimate within 1.5 m
1789354198.240442991,dynamic,189,unmatched_gt,11,,,no LV-DOT estimate within 1.5 m
1789354198.240442991,dynamic,189,unmatched_gt,12,,,no LV-DOT estimate within 1.5 m
1789354198.240442991,dynamic,189,unmatched_gt,13,,,no LV-DOT estimate within 1.5 m
1789354198.240442991,dynamic,189,unmatched_gt,14,,,no LV-DOT estimate within 1.5 m
1789354198.240442991,dynamic,189,unmatched_gt,15,,,no LV-DOT estimate within 1.5 m
1789354198.240442991,dynamic,189,unmatched_gt,16,,,no LV-DOT estimate within 1.5 m
1789354198.240442991,dynamic,189,unmatched_gt,18,,,no LV-DOT estimate within 1.5 m
1789354198.256065845,dynamic,189,gt_teleport,11,,,same MARSIM ID moved more than 1.0 m between GT messages
1789354198.341729879,dynamic,190,track_lost,,93,,collector track exceeded missed-frame limit
1789354198.341729879,dynamic,190,unmatched_gt,0,,,no LV-DOT estimate within 1.5 m
1789354198.341729879,dynamic,190,unmatched_gt,1,,,no LV-DOT estimate within 1.5 m
1789354198.341729879,dynamic,190,unmatched_gt,2,,,no LV-DOT estimate within 1.5 m
1789354198.341729879,dynamic,190,unmatched_gt,4,,,no LV-DOT estimate within 1.5 m
1789354198.341729879,dynamic,190,unmatched_gt,5,,,no LV-DOT estimate within 1.5 m
1789354198.341729879,dynamic,190,unmatched_gt,6,,,no LV-DOT estimate within 1.5 m
1789354198.341729879,dynamic,190,unmatched_gt,7,,,no LV-DOT estimate within 1.5 m
1789354198.341729879,dynamic,190,unmatched_gt,8,,,no LV-DOT estimate within 1.5 m
1789354198.341729879,dynamic,190,unmatched_gt,10,,,no LV-DOT estimate within 1.5 m
1789354198.341729879,dynamic,190,unmatched_gt,11,,,no LV-DOT estimate within 1.5 m
1789354198.341729879,dynamic,190,unmatched_gt,12,,,no LV-DOT estimate within 1.5 m
1789354198.341729879,dynamic,190,unmatched_gt,13,,,no LV-DOT estimate within 1.5 m
1789354198.341729879,dynamic,190,unmatched_gt,14,,,no LV-DOT estimate within 1.5 m
1789354198.341729879,dynamic,190,unmatched_gt,15,,,no LV-DOT estimate within 1.5 m
1789354198.341729879,dynamic,190,unmatched_gt,16,,,no LV-DOT estimate within 1.5 m
1789354198.341729879,dynamic,190,unmatched_gt,18,,,no LV-DOT estimate within 1.5 m
1789354198.355982304,dynamic,190,gt_teleport,8,,,same MARSIM ID moved more than 1.0 m between GT messages
1789354198.443891287,dynamic,191,track_lost,,51,,collector track exceeded missed-frame limit
1789354198.443891287,dynamic,191,track_created,,101,,collector track created
1789354198.443891287,dynamic,191,track_created,,102,,collector track created
1789354198.443891287,dynamic,191,id_switch,6,101,3,previous tracking_id=95
1789354198.443891287,dynamic,191,id_switch,12,102,5,previous tracking_id=75
1789354198.443891287,dynamic,191,unmatched_gt,0,,,no LV-DOT estimate within 1.5 m
1789354198.443891287,dynamic,191,unmatched_gt,1,,,no LV-DOT estimate within 1.5 m
1789354198.443891287,dynamic,191,unmatched_gt,2,,,no LV-DOT estimate within 1.5 m
1789354198.443891287,dynamic,191,unmatched_gt,4,,,no LV-DOT estimate within 1.5 m
1789354198.443891287,dynamic,191,unmatched_gt,5,,,no LV-DOT estimate within 1.5 m
1789354198.443891287,dynamic,191,unmatched_gt,7,,,no LV-DOT estimate within 1.5 m
1789354198.443891287,dynamic,191,unmatched_gt,8,,,no LV-DOT estimate within 1.5 m
1789354198.443891287,dynamic,191,unmatched_gt,10,,,no LV-DOT estimate within 1.5 m
1789354198.443891287,dynamic,191,unmatched_gt,11,,,no LV-DOT estimate within 1.5 m
1789354198.443891287,dynamic,191,unmatched_gt,13,,,no LV-DOT estimate within 1.5 m
1789354198.443891287,dynamic,191,unmatched_gt,14,,,no LV-DOT estimate within 1.5 m
1789354198.443891287,dynamic,191,unmatched_gt,15,,,no LV-DOT estimate within 1.5 m
1789354198.443891287,dynamic,191,unmatched_gt,16,,,no LV-DOT estimate within 1.5 m
1789354198.443891287,dynamic,191,unmatched_gt,18,,,no LV-DOT estimate within 1.5 m
1789354198.538417339,dynamic,192,track_created,,103,,collector track created
1789354198.538417339,dynamic,192,id_switch,14,103,5,previous tracking_id=73
1789354198.538417339,dynamic,192,unmatched_gt,0,,,no LV-DOT estimate within 1.5 m
1789354198.538417339,dynamic,192,unmatched_gt,1,,,no LV-DOT estimate within 1.5 m
1789354198.538417339,dynamic,192,unmatched_gt,2,,,no LV-DOT estimate within 1.5 m
1789354198.538417339,dynamic,192,unmatched_gt,4,,,no LV-DOT estimate within 1.5 m
1789354198.538417339,dynamic,192,unmatched_gt,5,,,no LV-DOT estimate within 1.5 m
1789354198.538417339,dynamic,192,unmatched_gt,7,,,no LV-DOT estimate within 1.5 m
1789354198.538417339,dynamic,192,unmatched_gt,8,,,no LV-DOT estimate within 1.5 m
1789354198.538417339,dynamic,192,unmatched_gt,10,,,no LV-DOT estimate within 1.5 m
1789354198.538417339,dynamic,192,unmatched_gt,11,,,no LV-DOT estimate within 1.5 m
1789354198.538417339,dynamic,192,unmatched_gt,13,,,no LV-DOT estimate within 1.5 m
1789354198.538417339,dynamic,192,unmatched_gt,15,,,no LV-DOT estimate within 1.5 m
1789354198.538417339,dynamic,192,unmatched_gt,16,,,no LV-DOT estimate within 1.5 m
1789354198.538417339,dynamic,192,unmatched_gt,18,,,no LV-DOT estimate within 1.5 m
1789354198.641987085,dynamic,193,track_lost,,96,,collector track exceeded missed-frame limit
1789354198.641987085,dynamic,193,track_created,,104,,collector track created
1789354198.641987085,dynamic,193,id_switch,8,104,3,previous tracking_id=96
1789354198.641987085,dynamic,193,unmatched_gt,0,,,no LV-DOT estimate within 1.5 m
1789354198.641987085,dynamic,193,unmatched_gt,1,,,no LV-DOT estimate within 1.5 m
1789354198.641987085,dynamic,193,unmatched_gt,2,,,no LV-DOT estimate within 1.5 m
1789354198.641987085,dynamic,193,unmatched_gt,4,,,no LV-DOT estimate within 1.5 m
1789354198.641987085,dynamic,193,unmatched_gt,5,,,no LV-DOT estimate within 1.5 m
1789354198.641987085,dynamic,193,unmatched_gt,7,,,no LV-DOT estimate within 1.5 m
1789354198.641987085,dynamic,193,unmatched_gt,10,,,no LV-DOT estimate within 1.5 m
1789354198.641987085,dynamic,193,unmatched_gt,11,,,no LV-DOT estimate within 1.5 m
1789354198.641987085,dynamic,193,unmatched_gt,13,,,no LV-DOT estimate within 1.5 m
1789354198.641987085,dynamic,193,unmatched_gt,14,,,no LV-DOT estimate within 1.5 m
1789354198.641987085,dynamic,193,unmatched_gt,15,,,no LV-DOT estimate within 1.5 m
1789354198.641987085,dynamic,193,unmatched_gt,16,,,no LV-DOT estimate within 1.5 m
1789354198.641987085,dynamic,193,unmatched_gt,18,,,no LV-DOT estimate within 1.5 m
1789354198.742594242,dynamic,194,unmatched_gt,0,,,no LV-DOT estimate within 1.5 m
1789354198.742594242,dynamic,194,unmatched_gt,1,,,no LV-DOT estimate within 1.5 m
1789354198.742594242,dynamic,194,unmatched_gt,2,,,no LV-DOT estimate within 1.5 m
1789354198.742594242,dynamic,194,unmatched_gt,4,,,no LV-DOT estimate within 1.5 m
1789354198.742594242,dynamic,194,unmatched_gt,5,,,no LV-DOT estimate within 1.5 m
1789354198.742594242,dynamic,194,unmatched_gt,7,,,no LV-DOT estimate within 1.5 m
1789354198.742594242,dynamic,194,unmatched_gt,10,,,no LV-DOT estimate within 1.5 m
1789354198.742594242,dynamic,194,unmatched_gt,11,,,no LV-DOT estimate within 1.5 m
1789354198.742594242,dynamic,194,unmatched_gt,13,,,no LV-DOT estimate within 1.5 m
1789354198.742594242,dynamic,194,unmatched_gt,14,,,no LV-DOT estimate within 1.5 m
1789354198.742594242,dynamic,194,unmatched_gt,15,,,no LV-DOT estimate within 1.5 m
1789354198.742594242,dynamic,194,unmatched_gt,16,,,no LV-DOT estimate within 1.5 m
1789354198.742594242,dynamic,194,unmatched_gt,18,,,no LV-DOT estimate within 1.5 m
1789354198.840967894,dynamic,195,unmatched_gt,0,,,no LV-DOT estimate within 1.5 m
1789354198.840967894,dynamic,195,unmatched_gt,1,,,no LV-DOT estimate within 1.5 m
1789354198.840967894,dynamic,195,unmatched_gt,2,,,no LV-DOT estimate within 1.5 m
1789354198.840967894,dynamic,195,unmatched_gt,4,,,no LV-DOT estimate within 1.5 m
1789354198.840967894,dynamic,195,unmatched_gt,5,,,no LV-DOT estimate within 1.5 m
1789354198.840967894,dynamic,195,unmatched_gt,7,,,no LV-DOT estimate within 1.5 m
1789354198.840967894,dynamic,195,unmatched_gt,10,,,no LV-DOT estimate within 1.5 m
1789354198.840967894,dynamic,195,unmatched_gt,11,,,no LV-DOT estimate within 1.5 m
1789354198.840967894,dynamic,195,unmatched_gt,13,,,no LV-DOT estimate within 1.5 m
1789354198.840967894,dynamic,195,unmatched_gt,14,,,no LV-DOT estimate within 1.5 m
1789354198.840967894,dynamic,195,unmatched_gt,15,,,no LV-DOT estimate within 1.5 m
1789354198.840967894,dynamic,195,unmatched_gt,16,,,no LV-DOT estimate within 1.5 m
1789354198.840967894,dynamic,195,unmatched_gt,18,,,no LV-DOT estimate within 1.5 m
1789354198.855997086,dynamic,195,gt_teleport,18,,,same MARSIM ID moved more than 1.0 m between GT messages
1789354198.941086292,dynamic,196,track_lost,,103,,collector track exceeded missed-frame limit
1789354198.941086292,dynamic,196,unmatched_gt,0,,,no LV-DOT estimate within 1.5 m
1789354198.941086292,dynamic,196,unmatched_gt,1,,,no LV-DOT estimate within 1.5 m
1789354198.941086292,dynamic,196,unmatched_gt,2,,,no LV-DOT estimate within 1.5 m
1789354198.941086292,dynamic,196,unmatched_gt,4,,,no LV-DOT estimate within 1.5 m
1789354198.941086292,dynamic,196,unmatched_gt,5,,,no LV-DOT estimate within 1.5 m
1789354198.941086292,dynamic,196,unmatched_gt,7,,,no LV-DOT estimate within 1.5 m
1789354198.941086292,dynamic,196,unmatched_gt,10,,,no LV-DOT estimate within 1.5 m
1789354198.941086292,dynamic,196,unmatched_gt,11,,,no LV-DOT estimate within 1.5 m
1789354198.941086292,dynamic,196,unmatched_gt,13,,,no LV-DOT estimate within 1.5 m
1789354198.941086292,dynamic,196,unmatched_gt,14,,,no LV-DOT estimate within 1.5 m
1789354198.941086292,dynamic,196,unmatched_gt,15,,,no LV-DOT estimate within 1.5 m
1789354198.941086292,dynamic,196,unmatched_gt,16,,,no LV-DOT estimate within 1.5 m
1789354198.941086292,dynamic,196,unmatched_gt,18,,,no LV-DOT estimate within 1.5 m
1789354198.956025124,dynamic,196,gt_teleport,5,,,same MARSIM ID moved more than 1.0 m between GT messages
1789354199.041733027,dynamic,197,unmatched_gt,0,,,no LV-DOT estimate within 1.5 m
1789354199.041733027,dynamic,197,unmatched_gt,1,,,no LV-DOT estimate within 1.5 m
1789354199.041733027,dynamic,197,unmatched_gt,2,,,no LV-DOT estimate within 1.5 m
1789354199.041733027,dynamic,197,unmatched_gt,4,,,no LV-DOT estimate within 1.5 m
1789354199.041733027,dynamic,197,unmatched_gt,5,,,no LV-DOT estimate within 1.5 m
1789354199.041733027,dynamic,197,unmatched_gt,7,,,no LV-DOT estimate within 1.5 m
1789354199.041733027,dynamic,197,unmatched_gt,10,,,no LV-DOT estimate within 1.5 m
1789354199.041733027,dynamic,197,unmatched_gt,11,,,no LV-DOT estimate within 1.5 m
1789354199.041733027,dynamic,197,unmatched_gt,13,,,no LV-DOT estimate within 1.5 m
1789354199.041733027,dynamic,197,unmatched_gt,14,,,no LV-DOT estimate within 1.5 m
1789354199.041733027,dynamic,197,unmatched_gt,15,,,no LV-DOT estimate within 1.5 m
1789354199.041733027,dynamic,197,unmatched_gt,16,,,no LV-DOT estimate within 1.5 m
1789354199.041733027,dynamic,197,unmatched_gt,18,,,no LV-DOT estimate within 1.5 m
1789354199.056005478,dynamic,197,gt_teleport,1,,,same MARSIM ID moved more than 1.0 m between GT messages
1789354199.141585350,dynamic,198,track_created,,105,,collector track created
1789354199.141585350,dynamic,198,id_switch,18,105,4,previous tracking_id=80
1789354199.141585350,dynamic,198,unmatched_gt,0,,,no LV-DOT estimate within 1.5 m
1789354199.141585350,dynamic,198,unmatched_gt,1,,,no LV-DOT estimate within 1.5 m
1789354199.141585350,dynamic,198,unmatched_gt,2,,,no LV-DOT estimate within 1.5 m
1789354199.141585350,dynamic,198,unmatched_gt,3,,,no LV-DOT estimate within 1.5 m
1789354199.141585350,dynamic,198,unmatched_gt,4,,,no LV-DOT estimate within 1.5 m
1789354199.141585350,dynamic,198,unmatched_gt,5,,,no LV-DOT estimate within 1.5 m
1789354199.141585350,dynamic,198,unmatched_gt,7,,,no LV-DOT estimate within 1.5 m
1789354199.141585350,dynamic,198,unmatched_gt,10,,,no LV-DOT estimate within 1.5 m
1789354199.141585350,dynamic,198,unmatched_gt,11,,,no LV-DOT estimate within 1.5 m
1789354199.141585350,dynamic,198,unmatched_gt,13,,,no LV-DOT estimate within 1.5 m
1789354199.141585350,dynamic,198,unmatched_gt,14,,,no LV-DOT estimate within 1.5 m
1789354199.141585350,dynamic,198,unmatched_gt,15,,,no LV-DOT estimate within 1.5 m
1789354199.141585350,dynamic,198,unmatched_gt,16,,,no LV-DOT estimate within 1.5 m
1789354199.156038046,dynamic,198,gt_teleport,3,,,same MARSIM ID moved more than 1.0 m between GT messages
1789354199.241925478,dynamic,199,unmatched_gt,0,,,no LV-DOT estimate within 1.5 m
1789354199.241925478,dynamic,199,unmatched_gt,1,,,no LV-DOT estimate within 1.5 m
1789354199.241925478,dynamic,199,unmatched_gt,2,,,no LV-DOT estimate within 1.5 m
1789354199.241925478,dynamic,199,unmatched_gt,3,,,no LV-DOT estimate within 1.5 m
1789354199.241925478,dynamic,199,unmatched_gt,4,,,no LV-DOT estimate within 1.5 m
1789354199.241925478,dynamic,199,unmatched_gt,5,,,no LV-DOT estimate within 1.5 m
1789354199.241925478,dynamic,199,unmatched_gt,7,,,no LV-DOT estimate within 1.5 m
1789354199.241925478,dynamic,199,unmatched_gt,10,,,no LV-DOT estimate within 1.5 m
1789354199.241925478,dynamic,199,unmatched_gt,11,,,no LV-DOT estimate within 1.5 m
1789354199.241925478,dynamic,199,unmatched_gt,13,,,no LV-DOT estimate within 1.5 m
1789354199.241925478,dynamic,199,unmatched_gt,14,,,no LV-DOT estimate within 1.5 m
1789354199.241925478,dynamic,199,unmatched_gt,15,,,no LV-DOT estimate within 1.5 m
1789354199.241925478,dynamic,199,unmatched_gt,16,,,no LV-DOT estimate within 1.5 m
1789354199.256042242,dynamic,199,gt_teleport,5,,,same MARSIM ID moved more than 1.0 m between GT messages
1789354199.343712091,dynamic,200,track_created,,106,,collector track created
1789354199.343712091,dynamic,200,id_switch,14,106,4,previous tracking_id=103
1789354199.343712091,dynamic,200,unmatched_gt,0,,,no LV-DOT estimate within 1.5 m
1789354199.343712091,dynamic,200,unmatched_gt,1,,,no LV-DOT estimate within 1.5 m
1789354199.343712091,dynamic,200,unmatched_gt,2,,,no LV-DOT estimate within 1.5 m
1789354199.343712091,dynamic,200,unmatched_gt,3,,,no LV-DOT estimate within 1.5 m
1789354199.343712091,dynamic,200,unmatched_gt,4,,,no LV-DOT estimate within 1.5 m
1789354199.343712091,dynamic,200,unmatched_gt,5,,,no LV-DOT estimate within 1.5 m
1789354199.343712091,dynamic,200,unmatched_gt,7,,,no LV-DOT estimate within 1.5 m
1789354199.343712091,dynamic,200,unmatched_gt,10,,,no LV-DOT estimate within 1.5 m
1789354199.343712091,dynamic,200,unmatched_gt,11,,,no LV-DOT estimate within 1.5 m
1789354199.343712091,dynamic,200,unmatched_gt,13,,,no LV-DOT estimate within 1.5 m
1789354199.343712091,dynamic,200,unmatched_gt,15,,,no LV-DOT estimate within 1.5 m
1789354199.343712091,dynamic,200,unmatched_gt,16,,,no LV-DOT estimate within 1.5 m
1789354199.441041946,dynamic,201,track_lost,,97,,collector track exceeded missed-frame limit
1789354199.441041946,dynamic,201,unmatched_gt,0,,,no LV-DOT estimate within 1.5 m
1789354199.441041946,dynamic,201,unmatched_gt,1,,,no LV-DOT estimate within 1.5 m
1789354199.441041946,dynamic,201,unmatched_gt,2,,,no LV-DOT estimate within 1.5 m
1789354199.441041946,dynamic,201,unmatched_gt,3,,,no LV-DOT estimate within 1.5 m
1789354199.441041946,dynamic,201,unmatched_gt,4,,,no LV-DOT estimate within 1.5 m
1789354199.441041946,dynamic,201,unmatched_gt,5,,,no LV-DOT estimate within 1.5 m
1789354199.441041946,dynamic,201,unmatched_gt,6,,,no LV-DOT estimate within 1.5 m
1789354199.441041946,dynamic,201,unmatched_gt,7,,,no LV-DOT estimate within 1.5 m
1789354199.441041946,dynamic,201,unmatched_gt,8,,,no LV-DOT estimate within 1.5 m
1789354199.441041946,dynamic,201,unmatched_gt,10,,,no LV-DOT estimate within 1.5 m
1789354199.441041946,dynamic,201,unmatched_gt,11,,,no LV-DOT estimate within 1.5 m
1789354199.441041946,dynamic,201,unmatched_gt,13,,,no LV-DOT estimate within 1.5 m
1789354199.441041946,dynamic,201,unmatched_gt,14,,,no LV-DOT estimate within 1.5 m
1789354199.441041946,dynamic,201,unmatched_gt,15,,,no LV-DOT estimate within 1.5 m
1789354199.441041946,dynamic,201,unmatched_gt,16,,,no LV-DOT estimate within 1.5 m
1789354199.456039667,dynamic,201,gt_teleport,0,,,same MARSIM ID moved more than 1.0 m between GT messages
1789354199.456039667,dynamic,201,gt_teleport,10,,,same MARSIM ID moved more than 1.0 m between GT messages
1789354199.542723417,dynamic,202,track_created,,107,,collector track created
1789354199.542723417,dynamic,202,id_switch,5,107,4,previous tracking_id=86
1789354199.542723417,dynamic,202,unmatched_gt,0,,,no LV-DOT estimate within 1.5 m
1789354199.542723417,dynamic,202,unmatched_gt,1,,,no LV-DOT estimate within 1.5 m
1789354199.542723417,dynamic,202,unmatched_gt,2,,,no LV-DOT estimate within 1.5 m
1789354199.542723417,dynamic,202,unmatched_gt,3,,,no LV-DOT estimate within 1.5 m
1789354199.542723417,dynamic,202,unmatched_gt,4,,,no LV-DOT estimate within 1.5 m
1789354199.542723417,dynamic,202,unmatched_gt,6,,,no LV-DOT estimate within 1.5 m
1789354199.542723417,dynamic,202,unmatched_gt,7,,,no LV-DOT estimate within 1.5 m
1789354199.542723417,dynamic,202,unmatched_gt,8,,,no LV-DOT estimate within 1.5 m
1789354199.542723417,dynamic,202,unmatched_gt,10,,,no LV-DOT estimate within 1.5 m
1789354199.542723417,dynamic,202,unmatched_gt,11,,,no LV-DOT estimate within 1.5 m
1789354199.542723417,dynamic,202,unmatched_gt,13,,,no LV-DOT estimate within 1.5 m
1789354199.542723417,dynamic,202,unmatched_gt,14,,,no LV-DOT estimate within 1.5 m
1789354199.542723417,dynamic,202,unmatched_gt,15,,,no LV-DOT estimate within 1.5 m
1789354199.542723417,dynamic,202,unmatched_gt,16,,,no LV-DOT estimate within 1.5 m
1789354199.556016445,dynamic,202,gt_teleport,1,,,same MARSIM ID moved more than 1.0 m between GT messages
1789354199.643805027,dynamic,203,unmatched_gt,0,,,no LV-DOT estimate within 1.5 m
1789354199.643805027,dynamic,203,unmatched_gt,1,,,no LV-DOT estimate within 1.5 m
1789354199.643805027,dynamic,203,unmatched_gt,2,,,no LV-DOT estimate within 1.5 m
1789354199.643805027,dynamic,203,unmatched_gt,3,,,no LV-DOT estimate within 1.5 m
1789354199.643805027,dynamic,203,unmatched_gt,4,,,no LV-DOT estimate within 1.5 m
1789354199.643805027,dynamic,203,unmatched_gt,6,,,no LV-DOT estimate within 1.5 m
1789354199.643805027,dynamic,203,unmatched_gt,7,,,no LV-DOT estimate within 1.5 m
1789354199.643805027,dynamic,203,unmatched_gt,8,,,no LV-DOT estimate within 1.5 m
1789354199.643805027,dynamic,203,unmatched_gt,10,,,no LV-DOT estimate within 1.5 m
1789354199.643805027,dynamic,203,unmatched_gt,11,,,no LV-DOT estimate within 1.5 m
1789354199.643805027,dynamic,203,unmatched_gt,13,,,no LV-DOT estimate within 1.5 m
1789354199.643805027,dynamic,203,unmatched_gt,14,,,no LV-DOT estimate within 1.5 m
1789354199.643805027,dynamic,203,unmatched_gt,15,,,no LV-DOT estimate within 1.5 m
1789354199.643805027,dynamic,203,unmatched_gt,16,,,no LV-DOT estimate within 1.5 m
1789354199.742841244,dynamic,204,track_lost,,101,,collector track exceeded missed-frame limit
1789354199.742841244,dynamic,204,track_lost,,104,,collector track exceeded missed-frame limit
1789354199.742841244,dynamic,204,track_lost,,106,,collector track exceeded missed-frame limit
1789354199.742841244,dynamic,204,unmatched_gt,0,,,no LV-DOT estimate within 1.5 m
1789354199.742841244,dynamic,204,unmatched_gt,1,,,no LV-DOT estimate within 1.5 m
1789354199.742841244,dynamic,204,unmatched_gt,2,,,no LV-DOT estimate within 1.5 m
1789354199.742841244,dynamic,204,unmatched_gt,3,,,no LV-DOT estimate within 1.5 m
1789354199.742841244,dynamic,204,unmatched_gt,4,,,no LV-DOT estimate within 1.5 m
1789354199.742841244,dynamic,204,unmatched_gt,5,,,no LV-DOT estimate within 1.5 m
1789354199.742841244,dynamic,204,unmatched_gt,6,,,no LV-DOT estimate within 1.5 m
1789354199.742841244,dynamic,204,unmatched_gt,7,,,no LV-DOT estimate within 1.5 m
1789354199.742841244,dynamic,204,unmatched_gt,8,,,no LV-DOT estimate within 1.5 m
1789354199.742841244,dynamic,204,unmatched_gt,10,,,no LV-DOT estimate within 1.5 m
1789354199.742841244,dynamic,204,unmatched_gt,11,,,no LV-DOT estimate within 1.5 m
1789354199.742841244,dynamic,204,unmatched_gt,13,,,no LV-DOT estimate within 1.5 m
1789354199.742841244,dynamic,204,unmatched_gt,14,,,no LV-DOT estimate within 1.5 m
1789354199.742841244,dynamic,204,unmatched_gt,15,,,no LV-DOT estimate within 1.5 m
1789354199.742841244,dynamic,204,unmatched_gt,16,,,no LV-DOT estimate within 1.5 m
1789354199.843758106,dynamic,205,track_created,,108,,collector track created
1789354199.843758106,dynamic,205,track_created,,109,,collector track created
1789354199.843758106,dynamic,205,id_switch,1,109,5,previous tracking_id=76
1789354199.843758106,dynamic,205,unmatched_detection,,108,4,no GT within 1.5 m
1789354199.843758106,dynamic,205,unmatched_gt,0,,,no LV-DOT estimate within 1.5 m
1789354199.843758106,dynamic,205,unmatched_gt,2,,,no LV-DOT estimate within 1.5 m
1789354199.843758106,dynamic,205,unmatched_gt,3,,,no LV-DOT estimate within 1.5 m
1789354199.843758106,dynamic,205,unmatched_gt,4,,,no LV-DOT estimate within 1.5 m
1789354199.843758106,dynamic,205,unmatched_gt,6,,,no LV-DOT estimate within 1.5 m
1789354199.843758106,dynamic,205,unmatched_gt,7,,,no LV-DOT estimate within 1.5 m
1789354199.843758106,dynamic,205,unmatched_gt,8,,,no LV-DOT estimate within 1.5 m
1789354199.843758106,dynamic,205,unmatched_gt,10,,,no LV-DOT estimate within 1.5 m
1789354199.843758106,dynamic,205,unmatched_gt,11,,,no LV-DOT estimate within 1.5 m
1789354199.843758106,dynamic,205,unmatched_gt,13,,,no LV-DOT estimate within 1.5 m
1789354199.843758106,dynamic,205,unmatched_gt,14,,,no LV-DOT estimate within 1.5 m
1789354199.843758106,dynamic,205,unmatched_gt,15,,,no LV-DOT estimate within 1.5 m
1789354199.843758106,dynamic,205,unmatched_gt,16,,,no LV-DOT estimate within 1.5 m
1789354199.856016636,dynamic,205,gt_teleport,6,,,same MARSIM ID moved more than 1.0 m between GT messages
1789354199.856016636,dynamic,205,gt_teleport,7,,,same MARSIM ID moved more than 1.0 m between GT messages
1789354199.940619230,dynamic,206,track_created,,110,,collector track created
1789354199.940619230,dynamic,206,id_switch,14,110,4,previous tracking_id=106
1789354199.940619230,dynamic,206,id_switch,1,108,6,previous tracking_id=109
1789354199.940619230,dynamic,206,unmatched_detection,,109,7,no GT within 1.5 m
1789354199.940619230,dynamic,206,unmatched_gt,0,,,no LV-DOT estimate within 1.5 m
1789354199.940619230,dynamic,206,unmatched_gt,2,,,no LV-DOT estimate within 1.5 m
1789354199.940619230,dynamic,206,unmatched_gt,3,,,no LV-DOT estimate within 1.5 m
1789354199.940619230,dynamic,206,unmatched_gt,4,,,no LV-DOT estimate within 1.5 m
1789354199.940619230,dynamic,206,unmatched_gt,5,,,no LV-DOT estimate within 1.5 m
1789354199.940619230,dynamic,206,unmatched_gt,6,,,no LV-DOT estimate within 1.5 m
1789354199.940619230,dynamic,206,unmatched_gt,7,,,no LV-DOT estimate within 1.5 m
1789354199.940619230,dynamic,206,unmatched_gt,8,,,no LV-DOT estimate within 1.5 m
1789354199.940619230,dynamic,206,unmatched_gt,10,,,no LV-DOT estimate within 1.5 m
1789354199.940619230,dynamic,206,unmatched_gt,11,,,no LV-DOT estimate within 1.5 m
1789354199.940619230,dynamic,206,unmatched_gt,13,,,no LV-DOT estimate within 1.5 m
1789354199.940619230,dynamic,206,unmatched_gt,15,,,no LV-DOT estimate within 1.5 m
1789354199.940619230,dynamic,206,unmatched_gt,16,,,no LV-DOT estimate within 1.5 m
1789354199.956056356,dynamic,206,gt_teleport,4,,,same MARSIM ID moved more than 1.0 m between GT messages
1789354199.956056356,dynamic,206,gt_teleport,8,,,same MARSIM ID moved more than 1.0 m between GT messages
1789354199.956056356,dynamic,206,gt_teleport,10,,,same MARSIM ID moved more than 1.0 m between GT messages
1789354200.039944172,dynamic,207,unmatched_gt,0,,,no LV-DOT estimate within 1.5 m
1789354200.039944172,dynamic,207,unmatched_gt,2,,,no LV-DOT estimate within 1.5 m
1789354200.039944172,dynamic,207,unmatched_gt,3,,,no LV-DOT estimate within 1.5 m
1789354200.039944172,dynamic,207,unmatched_gt,4,,,no LV-DOT estimate within 1.5 m
1789354200.039944172,dynamic,207,unmatched_gt,5,,,no LV-DOT estimate within 1.5 m
1789354200.039944172,dynamic,207,unmatched_gt,6,,,no LV-DOT estimate within 1.5 m
1789354200.039944172,dynamic,207,unmatched_gt,7,,,no LV-DOT estimate within 1.5 m
1789354200.039944172,dynamic,207,unmatched_gt,8,,,no LV-DOT estimate within 1.5 m
1789354200.039944172,dynamic,207,unmatched_gt,10,,,no LV-DOT estimate within 1.5 m
1789354200.039944172,dynamic,207,unmatched_gt,11,,,no LV-DOT estimate within 1.5 m
1789354200.039944172,dynamic,207,unmatched_gt,13,,,no LV-DOT estimate within 1.5 m
1789354200.039944172,dynamic,207,unmatched_gt,15,,,no LV-DOT estimate within 1.5 m
1789354200.039944172,dynamic,207,unmatched_gt,16,,,no LV-DOT estimate within 1.5 m
1789354200.056050062,dynamic,207,gt_teleport,4,,,same MARSIM ID moved more than 1.0 m between GT messages
1789354200.139486074,dynamic,208,id_switch,2,102,2,previous tracking_id=91
1789354200.139486074,dynamic,208,unmatched_gt,0,,,no LV-DOT estimate within 1.5 m
1789354200.139486074,dynamic,208,unmatched_gt,1,,,no LV-DOT estimate within 1.5 m
1789354200.139486074,dynamic,208,unmatched_gt,3,,,no LV-DOT estimate within 1.5 m
1789354200.139486074,dynamic,208,unmatched_gt,4,,,no LV-DOT estimate within 1.5 m
1789354200.139486074,dynamic,208,unmatched_gt,5,,,no LV-DOT estimate within 1.5 m
1789354200.139486074,dynamic,208,unmatched_gt,6,,,no LV-DOT estimate within 1.5 m
1789354200.139486074,dynamic,208,unmatched_gt,7,,,no LV-DOT estimate within 1.5 m
1789354200.139486074,dynamic,208,unmatched_gt,8,,,no LV-DOT estimate within 1.5 m
1789354200.139486074,dynamic,208,unmatched_gt,10,,,no LV-DOT estimate within 1.5 m
1789354200.139486074,dynamic,208,unmatched_gt,11,,,no LV-DOT estimate within 1.5 m
1789354200.139486074,dynamic,208,unmatched_gt,12,,,no LV-DOT estimate within 1.5 m
1789354200.139486074,dynamic,208,unmatched_gt,13,,,no LV-DOT estimate within 1.5 m
1789354200.139486074,dynamic,208,unmatched_gt,14,,,no LV-DOT estimate within 1.5 m
1789354200.139486074,dynamic,208,unmatched_gt,15,,,no LV-DOT estimate within 1.5 m
1789354200.139486074,dynamic,208,unmatched_gt,16,,,no LV-DOT estimate within 1.5 m
1789354200.239289999,dynamic,209,track_lost,,107,,collector track exceeded missed-frame limit
1789354200.239289999,dynamic,209,unmatched_gt,0,,,no LV-DOT estimate within 1.5 m
1789354200.239289999,dynamic,209,unmatched_gt,3,,,no LV-DOT estimate within 1.5 m
1789354200.239289999,dynamic,209,unmatched_gt,4,,,no LV-DOT estimate within 1.5 m
1789354200.239289999,dynamic,209,unmatched_gt,5,,,no LV-DOT estimate within 1.5 m
1789354200.239289999,dynamic,209,unmatched_gt,6,,,no LV-DOT estimate within 1.5 m
1789354200.239289999,dynamic,209,unmatched_gt,7,,,no LV-DOT estimate within 1.5 m
1789354200.239289999,dynamic,209,unmatched_gt,8,,,no LV-DOT estimate within 1.5 m
1789354200.239289999,dynamic,209,unmatched_gt,9,,,no LV-DOT estimate within 1.5 m
1789354200.239289999,dynamic,209,unmatched_gt,10,,,no LV-DOT estimate within 1.5 m
1789354200.239289999,dynamic,209,unmatched_gt,11,,,no LV-DOT estimate within 1.5 m
1789354200.239289999,dynamic,209,unmatched_gt,12,,,no LV-DOT estimate within 1.5 m
1789354200.239289999,dynamic,209,unmatched_gt,13,,,no LV-DOT estimate within 1.5 m
1789354200.239289999,dynamic,209,unmatched_gt,15,,,no LV-DOT estimate within 1.5 m
1789354200.239289999,dynamic,209,unmatched_gt,16,,,no LV-DOT estimate within 1.5 m
1789354200.338931084,dynamic,210,track_lost,,109,,collector track exceeded missed-frame limit
1789354200.338931084,dynamic,210,track_created,,111,,collector track created
1789354200.338931084,dynamic,210,id_switch,8,111,0,previous tracking_id=104
1789354200.338931084,dynamic,210,unmatched_gt,0,,,no LV-DOT estimate within 1.5 m
1789354200.338931084,dynamic,210,unmatched_gt,3,,,no LV-DOT estimate within 1.5 m
1789354200.338931084,dynamic,210,unmatched_gt,4,,,no LV-DOT estimate within 1.5 m
1789354200.338931084,dynamic,210,unmatched_gt,5,,,no LV-DOT estimate within 1.5 m
1789354200.338931084,dynamic,210,unmatched_gt,6,,,no LV-DOT estimate within 1.5 m
1789354200.338931084,dynamic,210,unmatched_gt,7,,,no LV-DOT estimate within 1.5 m
1789354200.338931084,dynamic,210,unmatched_gt,9,,,no LV-DOT estimate within 1.5 m
1789354200.338931084,dynamic,210,unmatched_gt,10,,,no LV-DOT estimate within 1.5 m
1789354200.338931084,dynamic,210,unmatched_gt,11,,,no LV-DOT estimate within 1.5 m
1789354200.338931084,dynamic,210,unmatched_gt,12,,,no LV-DOT estimate within 1.5 m
1789354200.338931084,dynamic,210,unmatched_gt,13,,,no LV-DOT estimate within 1.5 m
1789354200.338931084,dynamic,210,unmatched_gt,15,,,no LV-DOT estimate within 1.5 m
1789354200.338931084,dynamic,210,unmatched_gt,16,,,no LV-DOT estimate within 1.5 m
1789354200.356004238,dynamic,210,gt_teleport,9,,,same MARSIM ID moved more than 1.0 m between GT messages
1789354200.438828468,dynamic,211,unmatched_gt,0,,,no LV-DOT estimate within 1.5 m
1789354200.438828468,dynamic,211,unmatched_gt,2,,,no LV-DOT estimate within 1.5 m
1789354200.438828468,dynamic,211,unmatched_gt,3,,,no LV-DOT estimate within 1.5 m
1789354200.438828468,dynamic,211,unmatched_gt,4,,,no LV-DOT estimate within 1.5 m
1789354200.438828468,dynamic,211,unmatched_gt,5,,,no LV-DOT estimate within 1.5 m
1789354200.438828468,dynamic,211,unmatched_gt,6,,,no LV-DOT estimate within 1.5 m
1789354200.438828468,dynamic,211,unmatched_gt,7,,,no LV-DOT estimate within 1.5 m
1789354200.438828468,dynamic,211,unmatched_gt,9,,,no LV-DOT estimate within 1.5 m
1789354200.438828468,dynamic,211,unmatched_gt,10,,,no LV-DOT estimate within 1.5 m
1789354200.438828468,dynamic,211,unmatched_gt,11,,,no LV-DOT estimate within 1.5 m
1789354200.438828468,dynamic,211,unmatched_gt,12,,,no LV-DOT estimate within 1.5 m
1789354200.438828468,dynamic,211,unmatched_gt,13,,,no LV-DOT estimate within 1.5 m
1789354200.438828468,dynamic,211,unmatched_gt,15,,,no LV-DOT estimate within 1.5 m
1789354200.438828468,dynamic,211,unmatched_gt,16,,,no LV-DOT estimate within 1.5 m
1789354200.456028461,dynamic,211,gt_teleport,12,,,same MARSIM ID moved more than 1.0 m between GT messages
1789354200.538723230,dynamic,212,track_lost,,100,,collector track exceeded missed-frame limit
1789354200.538723230,dynamic,212,unmatched_gt,0,,,no LV-DOT estimate within 1.5 m
1789354200.538723230,dynamic,212,unmatched_gt,2,,,no LV-DOT estimate within 1.5 m
1789354200.538723230,dynamic,212,unmatched_gt,3,,,no LV-DOT estimate within 1.5 m
1789354200.538723230,dynamic,212,unmatched_gt,4,,,no LV-DOT estimate within 1.5 m
1789354200.538723230,dynamic,212,unmatched_gt,5,,,no LV-DOT estimate within 1.5 m
1789354200.538723230,dynamic,212,unmatched_gt,6,,,no LV-DOT estimate within 1.5 m
1789354200.538723230,dynamic,212,unmatched_gt,7,,,no LV-DOT estimate within 1.5 m
1789354200.538723230,dynamic,212,unmatched_gt,9,,,no LV-DOT estimate within 1.5 m
1789354200.538723230,dynamic,212,unmatched_gt,10,,,no LV-DOT estimate within 1.5 m
1789354200.538723230,dynamic,212,unmatched_gt,11,,,no LV-DOT estimate within 1.5 m
1789354200.538723230,dynamic,212,unmatched_gt,12,,,no LV-DOT estimate within 1.5 m
1789354200.538723230,dynamic,212,unmatched_gt,13,,,no LV-DOT estimate within 1.5 m
1789354200.538723230,dynamic,212,unmatched_gt,14,,,no LV-DOT estimate within 1.5 m
1789354200.538723230,dynamic,212,unmatched_gt,15,,,no LV-DOT estimate within 1.5 m
1789354200.538723230,dynamic,212,unmatched_gt,16,,,no LV-DOT estimate within 1.5 m
1789354200.638671160,dynamic,213,unmatched_gt,0,,,no LV-DOT estimate within 1.5 m
1789354200.638671160,dynamic,213,unmatched_gt,1,,,no LV-DOT estimate within 1.5 m
1789354200.638671160,dynamic,213,unmatched_gt,2,,,no LV-DOT estimate within 1.5 m
1789354200.638671160,dynamic,213,unmatched_gt,3,,,no LV-DOT estimate within 1.5 m
1789354200.638671160,dynamic,213,unmatched_gt,4,,,no LV-DOT estimate within 1.5 m
1789354200.638671160,dynamic,213,unmatched_gt,5,,,no LV-DOT estimate within 1.5 m
1789354200.638671160,dynamic,213,unmatched_gt,6,,,no LV-DOT estimate within 1.5 m
1789354200.638671160,dynamic,213,unmatched_gt,7,,,no LV-DOT estimate within 1.5 m
1789354200.638671160,dynamic,213,unmatched_gt,9,,,no LV-DOT estimate within 1.5 m
1789354200.638671160,dynamic,213,unmatched_gt,10,,,no LV-DOT estimate within 1.5 m
1789354200.638671160,dynamic,213,unmatched_gt,11,,,no LV-DOT estimate within 1.5 m
1789354200.638671160,dynamic,213,unmatched_gt,12,,,no LV-DOT estimate within 1.5 m
1789354200.638671160,dynamic,213,unmatched_gt,13,,,no LV-DOT estimate within 1.5 m
1789354200.638671160,dynamic,213,unmatched_gt,14,,,no LV-DOT estimate within 1.5 m
1789354200.638671160,dynamic,213,unmatched_gt,15,,,no LV-DOT estimate within 1.5 m
1789354200.638671160,dynamic,213,unmatched_gt,16,,,no LV-DOT estimate within 1.5 m
1789354200.638671160,dynamic,213,unmatched_gt,18,,,no LV-DOT estimate within 1.5 m
1789354200.656026125,dynamic,213,gt_teleport,4,,,same MARSIM ID moved more than 1.0 m between GT messages
1789354200.656026125,dynamic,213,gt_teleport,18,,,same MARSIM ID moved more than 1.0 m between GT messages
1789354200.738583326,dynamic,214,track_lost,,102,,collector track exceeded missed-frame limit
1789354200.738583326,dynamic,214,track_created,,112,,collector track created
1789354200.738583326,dynamic,214,id_switch,12,112,3,previous tracking_id=102
1789354200.738583326,dynamic,214,unmatched_gt,0,,,no LV-DOT estimate within 1.5 m
1789354200.738583326,dynamic,214,unmatched_gt,2,,,no LV-DOT estimate within 1.5 m
1789354200.738583326,dynamic,214,unmatched_gt,3,,,no LV-DOT estimate within 1.5 m
1789354200.738583326,dynamic,214,unmatched_gt,4,,,no LV-DOT estimate within 1.5 m
1789354200.738583326,dynamic,214,unmatched_gt,5,,,no LV-DOT estimate within 1.5 m
1789354200.738583326,dynamic,214,unmatched_gt,6,,,no LV-DOT estimate within 1.5 m
1789354200.738583326,dynamic,214,unmatched_gt,7,,,no LV-DOT estimate within 1.5 m
1789354200.738583326,dynamic,214,unmatched_gt,8,,,no LV-DOT estimate within 1.5 m
1789354200.738583326,dynamic,214,unmatched_gt,9,,,no LV-DOT estimate within 1.5 m
1789354200.738583326,dynamic,214,unmatched_gt,10,,,no LV-DOT estimate within 1.5 m
1789354200.738583326,dynamic,214,unmatched_gt,11,,,no LV-DOT estimate within 1.5 m
1789354200.738583326,dynamic,214,unmatched_gt,13,,,no LV-DOT estimate within 1.5 m
1789354200.738583326,dynamic,214,unmatched_gt,14,,,no LV-DOT estimate within 1.5 m
1789354200.738583326,dynamic,214,unmatched_gt,15,,,no LV-DOT estimate within 1.5 m
1789354200.738583326,dynamic,214,unmatched_gt,16,,,no LV-DOT estimate within 1.5 m
1789354200.738583326,dynamic,214,unmatched_gt,18,,,no LV-DOT estimate within 1.5 m
1789354200.756053925,dynamic,214,gt_teleport,5,,,same MARSIM ID moved more than 1.0 m between GT messages
1789354200.846863508,dynamic,215,track_lost,,110,,collector track exceeded missed-frame limit
1789354200.846863508,dynamic,215,unmatched_gt,0,,,no LV-DOT estimate within 1.5 m
1789354200.846863508,dynamic,215,unmatched_gt,2,,,no LV-DOT estimate within 1.5 m
1789354200.846863508,dynamic,215,unmatched_gt,3,,,no LV-DOT estimate within 1.5 m
1789354200.846863508,dynamic,215,unmatched_gt,4,,,no LV-DOT estimate within 1.5 m
1789354200.846863508,dynamic,215,unmatched_gt,5,,,no LV-DOT estimate within 1.5 m
1789354200.846863508,dynamic,215,unmatched_gt,6,,,no LV-DOT estimate within 1.5 m
1789354200.846863508,dynamic,215,unmatched_gt,7,,,no LV-DOT estimate within 1.5 m
1789354200.846863508,dynamic,215,unmatched_gt,9,,,no LV-DOT estimate within 1.5 m
1789354200.846863508,dynamic,215,unmatched_gt,10,,,no LV-DOT estimate within 1.5 m
1789354200.846863508,dynamic,215,unmatched_gt,11,,,no LV-DOT estimate within 1.5 m
1789354200.846863508,dynamic,215,unmatched_gt,13,,,no LV-DOT estimate within 1.5 m
1789354200.846863508,dynamic,215,unmatched_gt,14,,,no LV-DOT estimate within 1.5 m
1789354200.846863508,dynamic,215,unmatched_gt,15,,,no LV-DOT estimate within 1.5 m
1789354200.846863508,dynamic,215,unmatched_gt,16,,,no LV-DOT estimate within 1.5 m
1789354200.846863508,dynamic,215,unmatched_gt,18,,,no LV-DOT estimate within 1.5 m
1789354200.949375391,dynamic,216,track_lost,,105,,collector track exceeded missed-frame limit
1789354200.949375391,dynamic,216,track_created,,113,,collector track created
1789354200.949375391,dynamic,216,id_switch,18,113,2,previous tracking_id=105
1789354200.949375391,dynamic,216,unmatched_gt,0,,,no LV-DOT estimate within 1.5 m
1789354200.949375391,dynamic,216,unmatched_gt,2,,,no LV-DOT estimate within 1.5 m
1789354200.949375391,dynamic,216,unmatched_gt,3,,,no LV-DOT estimate within 1.5 m
1789354200.949375391,dynamic,216,unmatched_gt,4,,,no LV-DOT estimate within 1.5 m
1789354200.949375391,dynamic,216,unmatched_gt,5,,,no LV-DOT estimate within 1.5 m
1789354200.949375391,dynamic,216,unmatched_gt,6,,,no LV-DOT estimate within 1.5 m
1789354200.949375391,dynamic,216,unmatched_gt,7,,,no LV-DOT estimate within 1.5 m
1789354200.949375391,dynamic,216,unmatched_gt,8,,,no LV-DOT estimate within 1.5 m
1789354200.949375391,dynamic,216,unmatched_gt,9,,,no LV-DOT estimate within 1.5 m
1789354200.949375391,dynamic,216,unmatched_gt,10,,,no LV-DOT estimate within 1.5 m
1789354200.949375391,dynamic,216,unmatched_gt,11,,,no LV-DOT estimate within 1.5 m
1789354200.949375391,dynamic,216,unmatched_gt,13,,,no LV-DOT estimate within 1.5 m
1789354200.949375391,dynamic,216,unmatched_gt,14,,,no LV-DOT estimate within 1.5 m
1789354200.949375391,dynamic,216,unmatched_gt,15,,,no LV-DOT estimate within 1.5 m
1789354200.949375391,dynamic,216,unmatched_gt,16,,,no LV-DOT estimate within 1.5 m
1789354201.049066067,dynamic,217,unmatched_gt,0,,,no LV-DOT estimate within 1.5 m
1789354201.049066067,dynamic,217,unmatched_gt,2,,,no LV-DOT estimate within 1.5 m
1789354201.049066067,dynamic,217,unmatched_gt,3,,,no LV-DOT estimate within 1.5 m
1789354201.049066067,dynamic,217,unmatched_gt,4,,,no LV-DOT estimate within 1.5 m
1789354201.049066067,dynamic,217,unmatched_gt,5,,,no LV-DOT estimate within 1.5 m
1789354201.049066067,dynamic,217,unmatched_gt,6,,,no LV-DOT estimate within 1.5 m
1789354201.049066067,dynamic,217,unmatched_gt,7,,,no LV-DOT estimate within 1.5 m
1789354201.049066067,dynamic,217,unmatched_gt,8,,,no LV-DOT estimate within 1.5 m
1789354201.049066067,dynamic,217,unmatched_gt,9,,,no LV-DOT estimate within 1.5 m
1789354201.049066067,dynamic,217,unmatched_gt,10,,,no LV-DOT estimate within 1.5 m
1789354201.049066067,dynamic,217,unmatched_gt,11,,,no LV-DOT estimate within 1.5 m
1789354201.049066067,dynamic,217,unmatched_gt,13,,,no LV-DOT estimate within 1.5 m
1789354201.049066067,dynamic,217,unmatched_gt,14,,,no LV-DOT estimate within 1.5 m
1789354201.049066067,dynamic,217,unmatched_gt,15,,,no LV-DOT estimate within 1.5 m
1789354201.049066067,dynamic,217,unmatched_gt,16,,,no LV-DOT estimate within 1.5 m
1789354201.056000710,dynamic,217,gt_teleport,13,,,same MARSIM ID moved more than 1.0 m between GT messages
1789354201.147782803,dynamic,218,track_created,,114,,collector track created
1789354201.147782803,dynamic,218,track_created,,115,,collector track created
1789354201.147782803,dynamic,218,id_switch,14,114,2,previous tracking_id=110
1789354201.147782803,dynamic,218,id_switch,7,99,5,previous tracking_id=93
1789354201.147782803,dynamic,218,id_switch,17,115,6,previous tracking_id=99
1789354201.147782803,dynamic,218,unmatched_gt,0,,,no LV-DOT estimate within 1.5 m
1789354201.147782803,dynamic,218,unmatched_gt,2,,,no LV-DOT estimate within 1.5 m
1789354201.147782803,dynamic,218,unmatched_gt,3,,,no LV-DOT estimate within 1.5 m
1789354201.147782803,dynamic,218,unmatched_gt,4,,,no LV-DOT estimate within 1.5 m
1789354201.147782803,dynamic,218,unmatched_gt,5,,,no LV-DOT estimate within 1.5 m
1789354201.147782803,dynamic,218,unmatched_gt,6,,,no LV-DOT estimate within 1.5 m
1789354201.147782803,dynamic,218,unmatched_gt,9,,,no LV-DOT estimate within 1.5 m
1789354201.147782803,dynamic,218,unmatched_gt,10,,,no LV-DOT estimate within 1.5 m
1789354201.147782803,dynamic,218,unmatched_gt,11,,,no LV-DOT estimate within 1.5 m
1789354201.147782803,dynamic,218,unmatched_gt,13,,,no LV-DOT estimate within 1.5 m
1789354201.147782803,dynamic,218,unmatched_gt,15,,,no LV-DOT estimate within 1.5 m
1789354201.147782803,dynamic,218,unmatched_gt,16,,,no LV-DOT estimate within 1.5 m
1789354201.155980825,dynamic,218,gt_teleport,9,,,same MARSIM ID moved more than 1.0 m between GT messages
1789354201.245188236,dynamic,219,track_created,,116,,collector track created
1789354201.245188236,dynamic,219,id_switch,8,116,4,previous tracking_id=111
1789354201.245188236,dynamic,219,unmatched_detection,,111,3,no GT within 1.5 m
1789354201.245188236,dynamic,219,unmatched_gt,0,,,no LV-DOT estimate within 1.5 m
1789354201.245188236,dynamic,219,unmatched_gt,2,,,no LV-DOT estimate within 1.5 m
1789354201.245188236,dynamic,219,unmatched_gt,3,,,no LV-DOT estimate within 1.5 m
1789354201.245188236,dynamic,219,unmatched_gt,4,,,no LV-DOT estimate within 1.5 m
1789354201.245188236,dynamic,219,unmatched_gt,5,,,no LV-DOT estimate within 1.5 m
1789354201.245188236,dynamic,219,unmatched_gt,6,,,no LV-DOT estimate within 1.5 m
1789354201.245188236,dynamic,219,unmatched_gt,9,,,no LV-DOT estimate within 1.5 m
1789354201.245188236,dynamic,219,unmatched_gt,10,,,no LV-DOT estimate within 1.5 m
1789354201.245188236,dynamic,219,unmatched_gt,11,,,no LV-DOT estimate within 1.5 m
1789354201.245188236,dynamic,219,unmatched_gt,13,,,no LV-DOT estimate within 1.5 m
1789354201.245188236,dynamic,219,unmatched_gt,15,,,no LV-DOT estimate within 1.5 m
1789354201.245188236,dynamic,219,unmatched_gt,16,,,no LV-DOT estimate within 1.5 m
1789354201.256045580,dynamic,219,gt_teleport,7,,,same MARSIM ID moved more than 1.0 m between GT messages
1789354201.345248699,dynamic,220,unmatched_detection,,99,0,no GT within 1.5 m
1789354201.345248699,dynamic,220,unmatched_gt,0,,,no LV-DOT estimate within 1.5 m
1789354201.345248699,dynamic,220,unmatched_gt,2,,,no LV-DOT estimate within 1.5 m
1789354201.345248699,dynamic,220,unmatched_gt,3,,,no LV-DOT estimate within 1.5 m
1789354201.345248699,dynamic,220,unmatched_gt,4,,,no LV-DOT estimate within 1.5 m
1789354201.345248699,dynamic,220,unmatched_gt,5,,,no LV-DOT estimate within 1.5 m
1789354201.345248699,dynamic,220,unmatched_gt,6,,,no LV-DOT estimate within 1.5 m
1789354201.345248699,dynamic,220,unmatched_gt,7,,,no LV-DOT estimate within 1.5 m
1789354201.345248699,dynamic,220,unmatched_gt,8,,,no LV-DOT estimate within 1.5 m
1789354201.345248699,dynamic,220,unmatched_gt,9,,,no LV-DOT estimate within 1.5 m
1789354201.345248699,dynamic,220,unmatched_gt,10,,,no LV-DOT estimate within 1.5 m
1789354201.345248699,dynamic,220,unmatched_gt,11,,,no LV-DOT estimate within 1.5 m
1789354201.345248699,dynamic,220,unmatched_gt,13,,,no LV-DOT estimate within 1.5 m
1789354201.345248699,dynamic,220,unmatched_gt,14,,,no LV-DOT estimate within 1.5 m
1789354201.345248699,dynamic,220,unmatched_gt,15,,,no LV-DOT estimate within 1.5 m
1789354201.345248699,dynamic,220,unmatched_gt,16,,,no LV-DOT estimate within 1.5 m
